날짜,시가,고가,저가,종가,거래량,등락률,BPS,PER,PBR,EPS,DIV,DPS,기관합계_거래량_순매수,기타법인_거래량_순매수,개인_거래량_순매수,외국인합계_거래량_순매수,전체_거래량_순매수,기관합계_거래량_매수,기타법인_거래량_매수,개인_거래량_매수,외국인합계_거래량_매수,전체_거래량_매수,기관합계_거래량_매도,기타법인_거래량_매도,개인_거래량_매도,외국인합계_거래량_매도,전체_거래량_매도,기관합계_거래대금_순매수,기타법인_거래대금_순매수,개인_거래대금_순매수,외국인합계_거래대금_순매수,전체_거래대금_순매수,기관합계_거래대금_매수,기타법인_거래대금_매수,개인_거래대금_매수,외국인합계_거래대금_매수,전체_거래대금_매수,기관합계_거래대금_매도,기타법인_거래대금_매도,개인_거래대금_매도,외국인합계_거래대금_매도,전체_거래대금_매도
2019-01-02,10500,10600,9590,9720,579793,-8.732394366197182,4262,13.01,2.28,747,0.36,35,-26745,-3677,45102,-14680,0,39321,3300,390435,146737,579793,66066,6977,345333,161417,579793,-267072400,-36172010,441576940,-138332530,0,388763420,32911360,3889704810,1461663270,5773042860,655835820,69083370,3448127870,1599995800,5773042860
2019-01-03,9730,9770,8590,8850,485624,-8.950617283950617,4262,11.85,2.08,747,0.4,35,-80907,-4620,116521,-30994,0,48449,6271,415341,15563,485624,129356,10891,298820,46557,485624,-736766950,-37482170,1065671990,-291422870,0,424444910,58163770,3764831900,138522420,4385963000,1161211860,95645940,2699159910,429945290,4385963000
2019-01-04,8850,9110,8400,8830,372548,-0.22598870056497175,4262,11.82,2.07,747,0.4,35,16838,-6225,-12193,1580,0,133835,7963,211437,19313,372548,116997,14188,223630,17733,372548,154449550,-52538730,-114289740,12378920,0,1171025490,69034410,1828880210,166550570,3235490680,1016575940,121573140,1943169950,154171650,3235490680
2019-01-07,9000,9070,8650,8740,126937,-1.0192525481313703,4262,11.7,2.05,747,0.4,35,-24851,1348,20824,2679,0,2166,3577,111133,10061,126937,27017,2229,90309,7382,126937,-218183620,11449690,183105580,23628350,0,19051480,31041230,975392850,88308490,1113794050,237235100,19591540,792287270,64680140,1113794050
2019-01-08,8760,8990,8730,8970,90247,2.631578947368421,4262,12.01,2.1,747,0.39,35,22697,-348,-11975,-10374,0,36953,0,45504,7790,90247,14256,348,57479,18164,90247,202474110,-3072940,-107046240,-92354930,0,329034350,0,402306290,68924520,800265160,126560240,3072940,509352530,161279450,800265160
2019-01-09,9000,9300,9000,9150,201716,2.0066889632107023,4262,12.25,2.15,747,0.38,35,-1268,9992,2256,-10980,0,79671,12623,96455,12967,201716,80939,2631,94199,23947,201716,-10706470,91816800,19531670,-100642000,0,728684260,115898630,881132740,118642990,1844358620,739390730,24081830,861601070,219284990,1844358620
2019-01-10,9160,9240,8880,9180,133650,0.32786885245901637,4262,12.29,2.15,747,0.38,35,4910,-72,10949,-15787,0,37816,2964,81671,11199,133650,32906,3036,70722,26986,133650,49590190,-1109420,93468140,-141948910,0,344822100,26543080,734169490,101158920,1206693590,295231910,27652500,640701350,243107830,1206693590
2019-01-11,9180,9300,9060,9300,114649,1.3071895424836601,4262,12.45,2.18,747,0.38,35,-24292,5154,21397,-2259,0,24068,5254,71021,14306,114649,48360,100,49624,16565,114649,-220656740,46967000,194280050,-20590310,0,219758030,47889000,650185980,130948300,1048781310,440414770,922000,455905930,151538610,1048781310
2019-01-14,9290,9340,9000,9000,102669,-3.225806451612903,4262,12.05,2.11,747,0.39,35,-22609,3741,45472,-26604,0,2002,5551,90103,5013,102669,24611,1810,44631,31617,102669,-204910650,34726770,413036490,-242852610,0,18379030,51123210,819714420,46117480,935334140,223289680,16396440,406677930,288970090,935334140
2019-01-15,9090,9140,8840,8900,131350,-1.1111111111111112,4262,11.91,2.09,747,0.39,35,-38686,-2436,67343,-26221,0,4825,0,122076,4449,131350,43511,2436,54733,30670,131350,-345081660,-21724800,600887180,-234080720,0,42993900,0,1089691190,39903140,1172588230,388075560,21724800,488804010,273983860,1172588230
2019-01-16,8910,9070,8690,8780,146351,-1.348314606741573,4262,11.75,2.06,747,0.4,35,-48183,950,59496,-12263,0,10686,1200,126036,8429,146351,58869,250,66540,20692,146351,-426351630,8270000,526687310,-108605680,0,94261570,10521000,1116532820,74655520,1295970910,520613200,2251000,589845510,183261200,1295970910
2019-01-17,8800,8860,8560,8570,243740,-2.3917995444191344,4262,11.47,2.01,747,0.41,35,-63129,5550,55276,2303,0,55628,6200,169694,12218,243740,118757,650,114418,9915,243740,-545079250,48240550,477397030,19441670,0,480044000,53888050,1466859920,105466020,2106257990,1025123250,5647500,989462890,86024350,2106257990
2019-01-18,8570,8990,8380,8990,222324,4.900816802800467,4262,12.03,2.11,747,0.39,35,-29936,7,2347,27582,0,47348,4307,133199,37470,222324,77284,4300,130852,9888,222324,-238524590,1365230,-319060,237478420,0,419040190,37977500,1149121090,324110860,1930249640,657564780,36612270,1149440150,86632440,1930249640
2019-01-21,8900,9290,8840,9280,176913,3.225806451612903,4262,12.42,2.18,747,0.38,35,37010,18108,-81502,26384,0,41101,18108,79278,38426,176913,4091,0,160780,12042,176913,341775980,166487410,-749150620,240887230,0,379536320,166487410,725926780,351234120,1623184630,37760340,0,1475077400,110346890,1623184630
2019-01-22,9200,9290,9030,9200,80667,-0.8620689655172413,4262,12.32,2.16,747,0.38,35,-8839,187,9956,-1304,0,11527,249,59785,9106,80667,20366,62,49829,10410,80667,-80754100,1710440,91104730,-12061070,0,106066530,2279600,548643640,83305000,740294770,186820630,569160,457538910,95366070,740294770
2019-01-23,9160,9750,9140,9690,234851,5.326086956521739,4262,12.97,2.27,747,0.36,35,92427,117,-110848,18304,0,94564,117,102817,37353,234851,2137,0,213665,19049,234851,883992820,1113840,-1058252950,173146290,0,904456410,1113840,983499490,356320740,2245390480,20463590,0,2041752440,183174450,2245390480
2019-01-24,9750,9770,9310,9480,184719,-2.1671826625387,4262,12.69,2.22,747,0.37,35,-11357,1425,82198,-72266,0,44981,1425,121168,17145,184719,56338,0,38970,89411,184719,-106165030,13582630,778529110,-685946710,0,429315340,13582630,1152275010,163696310,1758869290,535480370,0,373745900,849643020,1758869290
2019-01-25,9410,9610,9290,9580,78860,1.0548523206751055,4262,12.82,2.25,747,0.37,35,3066,-300,-2092,-674,0,34021,0,37830,7009,78860,30955,300,39922,7683,78860,29373550,-2877000,-20140350,-6356200,0,323692980,0,358715300,66441810,748850090,294319430,2877000,378855650,72798010,748850090
2019-01-28,9590,9830,9520,9810,170178,2.4008350730688934,4262,13.13,2.3,747,0.36,35,11928,720,-8734,-3914,0,83714,720,75260,10484,170178,71786,0,83994,14398,170178,116876110,6936660,-86601290,-37211480,0,806232160,6936660,727144440,101834500,1642147760,689356050,0,813745730,139045980,1642147760
2019-01-29,9880,9880,9380,9590,108578,-2.2426095820591234,4262,12.84,2.25,747,0.36,35,-13536,325,30897,-17686,0,31995,325,71601,4657,108578,45531,0,40704,22343,108578,-126326960,3105750,292349520,-169128310,0,305235000,3105750,682155860,44563620,1035060230,431561960,0,389806340,213691930,1035060230
2019-01-30,9500,9720,9240,9330,149523,-2.7111574556830034,4262,12.49,2.19,747,0.38,35,-40017,0,56809,-16792,0,34300,0,111574,3649,149523,74317,0,54765,20441,149523,-372437730,0,528044860,-155607130,0,320586500,0,1042772450,34508770,1397867720,693024230,0,514727590,190115900,1397867720
2019-01-31,9330,9350,9130,9230,166954,-1.0718113612004287,4262,12.36,2.17,747,0.38,35,-69146,5517,55775,7854,0,30291,5517,113289,17857,166954,99437,0,57514,10003,166954,-636075440,50781300,512838460,72455680,0,279232550,50781300,1043603770,164629140,1538246760,915307990,0,530765310,92173460,1538246760
2019-02-01,9270,9340,8990,9260,224536,0.3250270855904659,4262,12.4,2.17,747,0.38,35,-56799,-2644,45382,14061,0,53739,547,139245,31005,224536,110538,3191,93863,16944,224536,-509975410,-23904970,406399990,127480390,0,493964400,4959410,1267032930,282467240,2048423980,1003939810,28864380,860632940,154986850,2048423980
2019-02-07,9100,9340,8920,9320,234108,0.6479481641468683,4262,12.48,2.19,747,0.38,35,-2159,-2088,-23817,28064,0,93860,303,100110,39835,234108,96019,2391,123927,11771,234108,-14892450,-18852860,-227224110,260969420,0,867764850,2772690,908769920,367393020,2146700480,882657300,21625550,1135994030,106423600,2146700480
2019-02-08,9270,9280,9050,9100,146791,-2.3605150214592276,4262,12.18,2.14,747,0.38,35,-53567,6014,58368,-10815,0,31142,8405,92992,14252,146791,84709,2391,34624,25067,146791,-489247390,55053310,533209840,-99015760,0,284571120,76900590,849304160,130256210,1341032080,773818510,21847280,316094320,229271970,1341032080
2019-02-11,9110,9560,9020,9520,170240,4.615384615384616,4262,12.74,2.23,747,0.37,35,31455,-1217,-65920,35682,0,61817,1173,64340,42910,170240,30362,2390,130260,7228,170240,298177440,-11181080,-622379950,335383590,0,584134410,10988300,607022380,402947690,1605092780,285956970,22169380,1229402330,67564100,1605092780
2019-02-12,9520,9970,9520,9730,186741,2.2058823529411766,4262,13.03,2.28,747,0.36,35,43389,-352,-43122,85,0,77421,2040,85841,21439,186741,34032,2392,128963,21354,186741,426412920,-3029340,-422759130,-624450,0,758298050,20102980,840468580,208610760,1827480370,331885130,23132320,1263227710,209235210,1827480370
2019-02-13,9720,10100,9600,10000,156885,2.774922918807811,4262,13.39,2.35,747,0.35,35,47892,-1819,-43395,-2678,0,72444,1370,62947,20124,156885,24552,3189,106342,22802,156885,480384850,-17555350,-434072540,-28756960,0,720720990,13468500,617617430,197955240,1549762160,240336140,31023850,1051689970,226712200,1549762160
2019-02-14,10050,10700,9760,10350,276978,3.5000000000000004,4262,13.86,2.43,747,0.34,35,-260,685,11001,-11426,0,66250,3077,152498,55153,276978,66510,2392,141497,66579,276978,2670560,7466920,104430050,-114567530,0,681203600,31185400,1570378650,568079970,2850847620,678533040,23718480,1465948600,682647500,2850847620
2019-02-15,10300,10500,10100,10400,215829,0.4830917874396135,4262,13.92,2.44,747,0.34,35,64075,-2516,-5062,-56497,0,106773,913,71084,37059,215829,42698,3429,76146,93556,215829,663844550,-25637850,-55739850,-582466850,0,1100426700,9387250,729109650,380419300,2219342900,436582150,35025100,784849500,962886150,2219342900
2019-02-18,10350,10800,10350,10600,226642,1.9230769230769231,4262,14.19,2.49,747,0.33,35,25781,-5440,-14623,-5718,0,75562,1060,79395,70625,226642,49781,6500,94018,76343,226642,275272350,-57799400,-157785750,-59687200,0,802773300,11225600,843028000,751268050,2408294950,527500950,69025000,1000813750,810955250,2408294950
2019-02-19,10650,10800,10350,10550,210192,-0.4716981132075472,4262,14.12,2.48,747,0.33,35,8444,2217,-12794,2133,0,76309,2217,54016,77650,210192,67865,0,66810,75517,210192,91344000,23695450,-136001200,20961750,0,807178200,23695450,571715800,819615850,2222205300,715834200,0,707717000,798654100,2222205300
2019-02-20,10500,10850,10450,10700,188785,1.4218009478672986,4262,14.32,2.51,747,0.33,35,29877,680,-29427,-1130,0,77522,680,57896,52687,188785,47645,0,87323,53817,188785,323800850,7208000,-319649050,-11359800,0,829762550,7208000,614865150,560595500,2012431200,505961700,0,934514200,571955300,2012431200
2019-02-21,10700,10850,10600,10700,134120,0.0,4262,14.32,2.51,747,0.33,35,46216,-27,-38815,-7374,0,71591,0,33138,29391,134120,25375,27,71953,36765,134120,495096300,-288900,-415444500,-79362900,0,766072200,0,354708500,314392900,1435173600,270975900,288900,770153000,393755800,1435173600
2019-02-22,10700,10950,10600,10850,119169,1.4018691588785046,4262,14.52,2.55,747,0.32,35,25221,-90,-36226,11095,0,40185,0,43881,35103,119169,14964,90,80107,24008,119169,272074950,-972000,-390839150,119736200,0,432491200,0,472027050,377767750,1282286000,160416250,972000,862866200,258031550,1282286000
2019-02-25,10850,11350,10800,11250,155374,3.686635944700461,4262,15.06,2.64,747,0.31,35,4426,-1324,-18364,15262,0,64054,676,62255,28389,155374,59628,2000,80619,13127,155374,50281200,-14978450,-206165050,170862300,0,717962900,7521550,695647850,317723850,1738856150,667681700,22500000,901812900,146861550,1738856150
2019-02-26,11150,11850,11150,11700,225945,4.0,4262,15.66,2.75,747,0.3,35,34521,-3100,-26040,-5381,0,90562,3000,101491,30892,225945,56041,6100,127531,36273,225945,405343700,-36437700,-306928100,-61977900,0,1055044000,34900000,1180097550,360449700,2630491250,649700300,71337700,1487025650,422427600,2630491250
2019-02-27,11850,12150,11200,11600,428210,-0.8547008547008548,4262,15.53,2.72,747,0.3,35,-57058,2424,-31526,86160,0,131136,2424,190255,104395,428210,188194,0,221781,18235,428210,-653024550,27984800,-380550150,1005589900,0,1525983850,27984800,2223847250,1220443950,4998259850,2179008400,0,2604397400,214854050,4998259850
2019-02-28,11600,11700,11200,11400,266489,-1.7241379310344827,4262,15.26,2.67,747,0.31,35,10927,4873,-73691,57891,0,88516,4873,96598,76502,266489,77589,0,170289,18611,266489,128999850,55367450,-846391500,662024200,0,1019553200,55367450,1104863200,876886750,3056670600,890553350,0,1951254700,214862550,3056670600
2019-03-04,11500,12000,11200,11850,482948,3.9473684210526314,4262,15.86,2.78,747,0.3,35,45433,-30666,-64309,49542,0,210719,1899,167265,103065,482948,165286,32565,231574,53523,482948,546977300,-350857750,-771607400,575487850,0,2462918050,21953700,1934191300,1202544850,5621607900,1915940750,372811450,2705798700,627057000,5621607900
2019-03-05,11850,11850,11150,11800,324937,-0.42194092827004215,4262,15.8,2.77,747,0.3,35,-5873,-3825,-2850,12548,0,146929,295,131389,46324,324937,152802,4120,134239,33776,324937,-47511100,-43993500,-52095000,143599600,0,1694046900,3451500,1502637600,532983650,3733119650,1741558000,47445000,1554732600,389384050,3733119650
2019-03-06,11750,11800,11150,11250,184179,-4.661016949152542,4262,15.06,2.64,747,0.31,35,-57476,180,42378,14918,0,46188,180,109841,27970,184179,103664,0,67463,13052,184179,-653625900,2039000,481877500,169709400,0,527175800,2039000,1248258200,317574050,2095047050,1180801700,0,766380700,147864650,2095047050
2019-03-07,11350,11650,10950,11250,288150,0.0,4262,15.06,2.64,747,0.31,35,-29633,-399,-49168,79200,0,97688,0,105006,85456,288150,127321,399,154174,6256,288150,-327447850,-4480550,-556774200,888702600,0,1104969550,0,1177149600,959256600,3241375750,1432417400,4480550,1733923800,70554000,3241375750
2019-03-08,11250,11300,10950,11250,155603,0.0,4262,15.06,2.64,747,0.31,35,-28327,-2219,17944,12602,0,40349,830,87743,26681,155603,68676,3049,69799,14079,155603,-311137850,-24250050,197629450,137758450,0,447702600,9288950,972492850,295568700,1725053100,758840450,33539000,774863400,157810250,1725053100
2019-03-11,11300,11500,11000,11250,165826,0.0,4262,15.06,2.64,747,0.31,35,13487,1000,-28124,13637,0,65336,1000,71285,28205,165826,51849,0,99409,14568,165826,156110750,11250000,-319811750,152451000,0,744447500,11250000,805715350,317516550,1878929400,588336750,0,1125527100,165065550,1878929400
2019-03-12,11400,11900,11300,11800,320353,4.888888888888889,4262,15.8,2.77,747,0.3,35,46744,7167,-35502,-18409,0,147384,8167,95806,68996,320353,100640,1000,131308,87405,320353,552140850,82670900,-424333900,-210477850,0,1707334300,94020900,1105846950,792412500,3699614650,1155193450,11350000,1530180850,1002890350,3699614650
2019-03-13,11700,12000,11600,12000,124572,1.694915254237288,4262,16.06,2.82,747,0.29,35,11147,727,-2723,-9151,0,41171,1800,73275,8326,124572,30024,1073,75998,17477,124572,132243150,8588500,-32318500,-108513150,0,487140050,21339850,869243650,98424350,1476147900,354896900,12751350,901562150,206937500,1476147900
2019-03-14,12000,12000,11450,11600,207263,-3.3333333333333335,4262,15.53,2.72,747,0.3,35,-43038,110,57645,-14717,0,77197,110,123072,6884,207263,120235,0,65427,21601,207263,-498201800,1267000,669284150,-172349350,0,897833900,1267000,1431882600,80337100,2411320600,1396035700,0,762598450,252686450,2411320600
2019-03-15,11500,11700,11300,11300,172189,-2.586206896551724,4262,15.13,2.65,747,0.31,35,-88618,3632,65262,19724,0,11859,3633,130978,25719,172189,100477,1,65716,5995,172189,-1012879950,41535750,745449750,225894450,0,135325400,41547100,1498568350,295027900,1970468750,1148205350,11350,753118600,69133450,1970468750
2019-03-18,11300,11400,11000,11300,159139,0.0,4262,15.13,2.65,747,0.31,35,-51908,-10550,13487,48971,0,35014,0,70566,53559,159139,86922,10550,57079,4588,159139,-579748550,-117394500,149268550,547874500,0,392754300,0,790271150,599290100,1782315550,972502850,117394500,641002600,51415600,1782315550
2019-03-19,11400,11600,11200,11300,163248,0.0,4262,15.13,2.65,747,0.31,35,-18978,-92,45651,-26581,0,47708,1816,93149,20575,163248,66686,1908,47498,47156,163248,-212411500,-1104500,518079150,-304563150,0,542566850,20520800,1060152600,233416350,1856656600,754978350,21625300,542073450,537979500,1856656600
2019-03-20,11450,11700,11200,11400,247370,0.8849557522123894,4262,15.26,2.67,747,0.31,35,30076,0,23342,-53418,0,88054,0,119622,39694,247370,57978,0,96280,93112,247370,349880250,0,263600850,-613481100,0,1008260000,0,1367925250,453039300,2829224550,658379750,0,1104324400,1066520400,2829224550
2019-03-21,11450,11550,11000,11150,131578,-2.1929824561403506,4262,14.93,2.62,747,0.31,35,-42622,0,43993,-1371,0,17289,0,79515,34774,131578,59911,0,35522,36145,131578,-474306200,0,493101050,-18794850,0,193834450,0,892053900,389443700,1475332050,668140650,0,398952850,408238550,1475332050
2019-03-22,11200,11400,11150,11350,110575,1.7937219730941705,4262,15.19,2.66,747,0.31,35,18218,2376,-18085,-2509,0,56846,2376,28820,22533,110575,38628,0,46905,25042,110575,207704650,26744150,-205625050,-28823750,0,642957250,26744150,324462050,254530350,1248693800,435252600,0,530087100,283354100,1248693800
2019-03-25,11150,11350,11050,11100,44116,-2.2026431718061676,4262,14.86,2.6,747,0.32,35,11762,0,-4773,-6989,0,15321,0,26776,2019,44116,3559,0,31549,9008,44116,131939550,0,-53509450,-78430100,0,171608350,0,299353400,22611750,493573500,39668800,0,352862850,101041850,493573500
2019-03-26,11250,12050,11150,12050,502238,8.558558558558559,4262,16.13,2.83,747,0.29,35,76416,1061,-35204,-42273,0,132232,1191,229947,138868,502238,55816,130,265151,181141,502238,896492150,12720700,-392840600,-516372250,0,1557384900,14267700,2717400600,1617693400,5906746600,660892750,1547000,3110241200,2134065650,5906746600
2019-03-27,12050,12500,11500,11500,368360,-4.564315352697095,4262,15.39,2.7,747,0.3,35,-1410,292,96449,-95331,0,49320,432,253193,65415,368360,50730,140,156744,160746,368360,-5316100,3320800,1127809400,-1125814100,0,593724700,5042800,3003872600,776779750,4379419850,599040800,1722000,1876063200,1902593850,4379419850
2019-03-28,11450,11750,11150,11350,331237,-1.3043478260869565,4262,15.19,2.66,747,0.31,35,7188,1029,59781,-67998,0,101590,1029,164757,63861,331237,94402,0,104976,131859,331237,85407900,11768550,677666400,-774842850,0,1164761850,11768550,1880988400,730990450,3788509250,1079353950,0,1203322000,1505833300,3788509250
2019-03-29,11450,11900,11200,11750,250184,3.524229074889868,4262,15.73,2.76,747,0.3,35,43005,-15511,-32278,4784,0,94836,1849,115327,38172,250184,51831,17360,147605,33388,250184,504630900,-176399000,-381359500,53127600,0,1101818350,20931000,1330787700,440278700,2893815750,597187450,197330000,1712147200,387151100,2893815750
2019-04-01,11700,12350,11550,11850,316991,0.851063829787234,4262,15.86,2.78,747,0.3,35,-100400,327,123440,-23367,0,36645,6286,238693,35367,316991,137045,5959,115253,58734,316991,-1182116150,4338800,1460865650,-283088300,0,438316450,74854400,2847885100,421175300,3782231250,1620432600,70515600,1387019450,704263600,3782231250
2019-04-02,11900,12100,11650,11900,124913,0.42194092827004215,4262,15.93,2.79,747,0.29,35,-11160,0,27725,-16565,0,19229,0,96483,9201,124913,30389,0,68758,25766,124913,-129407400,0,326311150,-196903750,0,228912500,0,1138794050,108460500,1476167050,358319900,0,812482900,305364250,1476167050
2019-04-03,12100,13450,11950,12750,854618,7.142857142857142,4262,17.07,2.99,747,0.27,35,-120457,10791,58471,51195,0,136095,11348,558835,148340,854618,256552,557,500364,97145,854618,-1558393400,137727600,761193600,659472200,0,1743225900,144818600,7139381000,1900734000,10928159500,3301619300,7091000,6378187400,1241261800,10928159500
2019-04-04,12650,12800,12350,12700,331252,-0.39215686274509803,4262,17.0,2.98,747,0.28,35,-75943,2330,160743,-87130,0,22513,3830,290280,14629,331252,98456,1500,129537,101759,331252,-957469600,29446650,2023820100,-1095797150,0,284395000,48346650,3656446250,184760600,4173948500,1241864600,18900000,1632626150,1280557750,4173948500
2019-04-05,12650,13100,12550,12800,191210,0.7874015748031495,4262,17.14,3.0,747,0.27,35,17255,630,41350,-59235,0,24934,630,145448,20198,191210,7679,0,104098,79433,191210,222822650,8023000,523829050,-754674700,0,321052950,8023000,1862845200,261141250,2453062400,98230300,0,1339016150,1015815950,2453062400
2019-04-08,12850,13100,12500,12750,234581,-0.390625,4262,17.07,2.99,747,0.27,35,-28909,-102,50198,-21187,0,32343,0,161134,41104,234581,61252,102,110936,62291,234581,-365527500,-1295400,642069450,-275246550,0,414634450,0,2063935850,527282200,3005852500,780161950,1295400,1421866400,802528750,3005852500
2019-04-09,12700,12800,12400,12650,72280,-0.7843137254901961,4262,16.93,2.97,747,0.28,35,-21256,650,26642,-6036,0,18072,650,48146,5412,72280,39328,0,21504,11448,72280,-265235400,8287500,333749100,-76801200,0,227252350,8287500,604510600,67824900,907875350,492487750,0,270761500,144626100,907875350
2019-04-10,12650,13000,12450,12700,88100,0.3952569169960474,4262,17.0,2.98,747,0.28,35,9548,133,13874,-23555,0,33182,352,46225,8341,88100,23634,219,32351,31896,88100,123567000,1749750,176563050,-301879800,0,422823000,4510550,587519500,105283150,1120136200,299256000,2760800,410956450,407162950,1120136200
2019-04-11,12700,13100,12650,13000,213445,2.3622047244094486,4262,17.4,3.05,747,0.27,35,83373,-5896,-13249,-64228,0,118922,550,79508,14465,213445,35549,6446,92757,78693,213445,1085885450,-76645800,-174044100,-835195550,0,1545766050,7150000,1031711850,187175600,2771803500,459880600,83795800,1205755950,1022371150,2771803500
2019-04-12,13100,13450,12750,13250,123600,1.9230769230769231,4262,17.74,3.11,747,0.26,35,63137,1525,-41358,-23304,0,65162,1925,46866,9647,123600,2025,400,88224,32951,123600,842577650,20142500,-551326400,-311393750,0,869481300,25452500,617569250,126618050,1639121100,26903650,5310000,1168895650,438011800,1639121100
2019-04-15,13400,13400,12950,13150,132419,-0.7547169811320755,4262,17.6,3.09,747,0.27,35,12149,29,-8149,-4029,0,35990,100,81275,15054,132419,23841,71,89424,19083,132419,159092200,380750,-106220550,-53252400,0,472073800,1315000,1064804700,197115100,1735308600,312981600,934250,1171025250,250367500,1735308600
2019-04-16,13100,13150,12600,13050,174916,-0.7604562737642585,4262,17.47,3.06,747,0.27,35,-24499,-3776,21517,6758,0,47775,500,91661,34980,174916,72274,4276,70144,28222,174916,-309111450,-47809200,273684600,83236050,0,616839700,6350000,1173513150,445426100,2242128950,925951150,54159200,899828550,362190050,2242128950
2019-04-17,13300,14200,13100,13950,494603,6.896551724137931,4262,18.67,3.27,747,0.25,35,87023,-1200,-104800,18977,0,174688,4807,222751,92357,494603,87665,6007,327551,73380,494603,1208185900,-16310200,-1456536150,264660450,0,2424567200,67311450,3091537200,1284339650,6867755500,1216381300,83621650,4548073350,1019679200,6867755500
2019-04-18,13900,14000,13600,13800,202747,-1.0752688172043012,4262,18.47,3.24,747,0.25,35,86518,600,-1452,-85666,0,119168,1000,75831,6748,202747,32650,400,77283,92414,202747,1195683950,8420000,-20560350,-1183543600,0,1646368850,13900000,1046508050,93181550,2799958450,450684900,5480000,1067068400,1276725150,2799958450
2019-04-19,13800,14250,13750,13800,312789,0.0,4262,18.47,3.24,747,0.25,35,96595,14790,7124,-118509,0,163044,15072,106251,28422,312789,66449,282,99127,146931,312789,1368786300,206909050,94139600,-1669834950,0,2296244450,210853550,1490697350,397804300,4395599650,927458150,3944500,1396557750,2067639250,4395599650
2019-04-22,13900,14000,13350,13650,220279,-1.0869565217391304,4262,18.27,3.2,747,0.26,35,-18963,0,20228,-1265,0,67276,0,124934,28069,220279,86239,0,104706,29334,220279,-256298800,0,276838100,-20539300,0,922157500,0,1707476700,383291500,3012925700,1178456300,0,1430638600,403830800,3012925700
2019-04-23,13600,13950,13500,13800,79694,1.098901098901099,4262,18.47,3.24,747,0.25,35,35455,-3500,-27587,-4368,0,46105,357,15847,17385,79694,10650,3857,43434,21753,79694,489581950,-48089300,-380626200,-60866450,0,636022000,4908750,217623850,239646850,1098201450,146440050,52998050,598250050,300513300,1098201450
2019-04-24,13800,13800,13150,13550,131635,-1.8115942028985508,4262,18.14,3.18,747,0.26,35,-23619,-3390,22788,4221,0,24526,110,75695,31304,131635,48145,3500,52907,27083,131635,-314169650,-45173000,306563100,52779550,0,329286300,1452000,1017214850,417542250,1765495400,643455950,46625000,710651750,364762700,1765495400
2019-04-25,13400,13850,13250,13750,129480,1.4760147601476015,4262,18.41,3.23,747,0.25,35,30227,-376,-9216,-20635,0,55963,70,58953,14494,129480,25736,446,68169,35129,129480,416045550,-5131050,-125799950,-285114550,0,766735750,955500,804384450,196202000,1768277700,350690200,6086550,930184400,481316550,1768277700
2019-04-26,13750,13800,13150,13250,144918,-3.6363636363636362,4262,17.74,3.11,747,0.26,35,-32749,-769,37843,-4325,0,41202,0,72618,31098,144918,73951,769,34775,35423,144918,-434268100,-10291900,505294650,-60734650,0,549316350,0,968574300,414029600,1931920250,983584450,10291900,463279650,474764250,1931920250
2019-04-29,13350,13700,13000,13300,158881,0.37735849056603776,4262,17.8,3.12,747,0.26,35,13747,2199,13435,-29381,0,59087,2199,63735,33860,158881,45340,0,50300,63241,158881,186787600,29111750,178319050,-394218400,0,790038950,29111750,851768100,449702100,2120620900,603251350,0,673449050,843920500,2120620900
2019-04-30,13300,13550,13050,13550,86884,1.8796992481203008,4262,18.14,3.18,747,0.26,35,13123,-6400,-19228,12505,0,19732,2000,42258,22894,86884,6609,8400,61486,10389,86884,177181100,-83863450,-258143000,164825350,0,265099500,26550000,562284700,304462850,1158397050,87918400,110413450,820427700,139637500,1158397050
2019-05-02,13550,13800,13300,13600,99442,0.36900369003690037,4621,47.89,2.94,284,0.26,35,-29963,6635,34535,-11207,0,12024,9635,68193,9590,99442,41987,3000,33658,20797,99442,-404235450,90334850,467286150,-153385550,0,162918900,131104650,922049150,129022150,1345094850,567154350,40769800,454763000,282407700,1345094850
2019-05-03,13450,13800,13350,13750,88249,1.1029411764705883,4621,48.42,2.98,284,0.25,35,-6164,2358,5346,-1540,0,25701,2358,48674,11516,88249,31865,0,43328,13056,88249,-79944300,31766800,68972450,-20794950,0,350797250,31766800,658697400,156904550,1198166000,430741550,0,589724950,177699500,1198166000
2019-05-07,13550,14100,13550,13800,224665,0.36363636363636365,4621,48.59,2.99,284,0.25,35,-4874,1169,58526,-54821,0,102446,2269,110149,9801,224665,107320,1100,51623,64622,224665,-65274400,16185400,809013300,-759924300,0,1419285500,31279500,1524127700,135445250,3110137950,1484559900,15094100,715114400,895369550,3110137950
2019-05-08,13700,14500,13500,14050,171627,1.8115942028985508,4621,49.47,3.04,284,0.25,35,31068,-215,-7484,-23369,0,64121,235,100039,7232,171627,33053,450,107523,30601,171627,437221700,-3012050,-103446300,-330763350,0,901662100,3332450,1414141850,100691200,2419827600,464440400,6344500,1517588150,431454550,2419827600
2019-05-09,14250,14250,13650,14100,188584,0.3558718861209964,4621,49.65,3.05,284,0.25,35,58655,-3403,-19839,-35413,0,101266,57,77754,9507,188584,42611,3460,97593,44920,188584,827622650,-47873100,-283366100,-496383450,0,1421783750,795400,1079403750,131688550,2633671450,594161100,48668500,1362769850,628072000,2633671450
2019-05-10,14050,14400,13400,13700,169930,-2.8368794326241136,4621,48.24,2.96,284,0.26,35,-33100,-10038,73099,-29961,0,21404,0,146588,1938,169930,54504,10038,73489,31899,169930,-450491350,-136271650,996456850,-409693850,0,292487650,0,2003836750,26264500,2322588900,742979000,136271650,1007379900,435958350,2322588900
2019-05-13,13750,14000,13200,13400,103730,-2.18978102189781,4621,47.18,2.9,284,0.26,35,1592,-12429,3679,7158,0,27305,2149,60383,13893,103730,25713,14578,56704,6735,103730,21872700,-166797450,49290600,95634150,0,367486550,28604600,811793750,185999800,1393884700,345613850,195402050,762503150,90365650,1393884700
2019-05-14,12950,13750,12950,13450,129180,0.3731343283582089,4621,47.36,2.91,284,0.26,35,6436,-14589,-9840,17993,0,32663,411,70127,25979,129180,26227,15000,79967,7986,129180,91191400,-196427850,-133879750,239116200,0,443056800,5618950,945860200,347446200,1741982150,351865400,202046800,1079739950,108330000,1741982150
2019-05-15,13650,14000,13300,13800,111582,2.6022304832713754,4621,48.59,2.99,284,0.25,35,8726,-5000,-15238,11512,0,46263,0,46446,18873,111582,37537,5000,61684,7361,111582,125020600,-69078500,-212055950,156113850,0,639513900,0,635364800,256771950,1531650650,514493300,69078500,847420750,100658100,1531650650
2019-05-16,14100,14900,13950,14700,356969,6.521739130434782,4621,51.76,3.18,284,0.24,35,129225,-5000,-125240,1015,0,179230,0,109211,68528,356969,50005,5000,234451,67513,356969,1892594450,-73243000,-1828921950,9570500,0,2620330200,0,1575343750,992667200,5188341150,727735750,73243000,3404265700,983096700,5188341150
2019-05-17,14600,15000,14500,14650,202428,-0.3401360544217687,4621,51.58,3.17,284,0.24,35,107899,-91,-65253,-42555,0,139658,0,56006,6764,202428,31759,91,121259,49319,202428,1590551650,-1333150,-961100000,-628118500,0,2056822150,0,824256650,99411450,2980490250,466270500,1333150,1785356650,727529950,2980490250
2019-05-20,14650,14650,13900,14050,179611,-4.09556313993174,4621,49.47,3.04,284,0.25,35,41763,-12175,-11722,-17866,0,95377,0,69693,14541,179611,53614,12175,81415,32407,179611,598355950,-173683400,-166938500,-257734050,0,1366514050,0,995067900,206040500,2567622450,768158100,173683400,1162006400,463774550,2567622450
2019-05-21,14000,14100,13500,13950,144302,-0.7117437722419928,4621,49.12,3.02,284,0.25,35,-9904,0,10424,-520,0,71449,0,55638,17215,144302,81353,0,45214,17735,144302,-134680150,0,143223200,-8543050,0,987808800,0,766850300,236754350,1991413450,1122488950,0,623627100,245297400,1991413450
2019-05-22,13950,14300,13650,13950,133488,0.0,4621,49.12,3.02,284,0.25,35,60139,-34,-21123,-38982,0,96070,0,29936,7482,133488,35931,34,51059,46464,133488,849157650,-467500,-298735600,-549954550,0,1354544100,0,415853650,104649100,1875046850,505386450,467500,714589250,654603650,1875046850
2019-05-23,14150,15300,14100,15250,709583,9.31899641577061,4621,53.7,3.3,284,0.23,35,318769,-2215,-200896,-115658,0,385933,746,241563,81341,709583,67164,2961,442459,196999,709583,4778757400,-32501150,-3003317900,-1742938350,0,5787107800,10925600,3607333550,1210850900,10616217850,1008350400,43426750,6610651450,2953789250,10616217850
2019-05-24,15150,15250,14750,14900,424735,-2.2950819672131146,4621,52.46,3.22,284,0.23,35,153614,-1000,-17281,-135333,0,249964,0,159116,15655,424735,96350,1000,176397,150988,424735,2316681650,-15100000,-264015600,-2037566050,0,3756548050,0,2386724500,235059750,6378332300,1439866400,15100000,2650740100,2272625800,6378332300
2019-05-27,14800,15450,14500,14950,259932,0.33557046979865773,4621,52.64,3.24,284,0.23,35,28789,38,-22980,-5847,0,106456,38,128027,25411,259932,77667,0,151007,31258,259932,440180650,580000,-347276950,-93483700,0,1607180450,580000,1924920450,378956500,3911637400,1166999800,0,2272197400,472440200,3911637400
2019-05-28,14850,15400,14850,15400,130129,3.0100334448160537,4621,54.23,3.33,284,0.23,35,25330,-900,-23945,-485,0,57709,100,45068,27252,130129,32379,1000,69013,27737,130129,383738650,-13419200,-364567350,-5752100,0,872263450,1515000,680573250,415575000,1969926700,488524800,14934200,1045140600,421327100,1969926700
2019-05-29,15400,15400,14650,14900,177551,-3.2467532467532463,4621,52.46,3.22,284,0.23,35,-33591,0,36923,-3332,0,54527,600,98828,23596,177551,88118,600,61905,26928,177551,-496535750,-150000,548153350,-51467600,0,810956950,8820000,1472001150,350346550,2642124650,1307492700,8970000,923847800,401814150,2642124650
2019-05-30,14900,14950,13950,14300,349857,-4.026845637583892,4621,50.35,3.09,284,0.24,35,-9514,3129,-5005,11390,0,150490,4884,147434,47049,349857,160004,1755,152439,35659,349857,-133638650,44741200,-70022300,158919750,0,2137224550,69970950,2100609400,669205450,4977010350,2270863200,25229750,2170631700,510285700,4977010350
2019-05-31,14300,14500,14000,14400,109150,0.6993006993006993,4621,50.7,3.12,284,0.24,35,1981,3988,-5255,-714,0,49678,3988,46930,8554,109150,47697,0,52185,9268,109150,33687700,56706050,-79576850,-10816900,0,708629900,56706050,663663500,121621300,1550620750,674942200,0,743240350,132438200,1550620750
2019-06-03,14050,14500,13750,14350,205293,-0.3472222222222222,4621,50.53,3.11,284,0.24,35,1184,1215,-16665,14266,0,95259,1215,65185,43634,205293,94075,0,81850,29368,205293,22668350,17205800,-241059650,201185500,0,1346679450,17205800,913578800,617735950,2895200000,1324011100,0,1154638450,416550450,2895200000
2019-06-04,14250,14400,13850,13850,197103,-3.484320557491289,4621,48.77,3.0,284,0.25,35,-5944,1719,11585,-7360,0,99649,1719,76306,19429,197103,105593,0,64721,26789,197103,-82265350,24050950,163693100,-105478700,0,1397204650,24050950,1070281700,271861950,2763399250,1479470000,0,906588600,377340650,2763399250
2019-06-05,13900,14900,13900,14800,272573,6.859205776173286,4621,52.11,3.2,284,0.24,35,107279,-37,-23928,-83314,0,161151,100,89210,22112,272573,53872,137,113138,105426,272573,1566816200,-554450,-347411250,-1218850500,0,2348495750,1445000,1298508000,319834600,3968283350,781679550,1999450,1645919250,1538685100,3968283350
2019-06-07,14900,15550,14800,15450,313541,4.391891891891892,4621,54.4,3.34,284,0.23,35,154395,0,-77415,-76980,0,222851,0,78245,12445,313541,68456,0,155660,89425,313541,2340366200,0,-1178682350,-1161683850,0,3380068050,0,1186887450,190415150,4757370650,1039701850,0,2365569800,1352099000,4757370650
2019-06-10,15500,15950,15300,15700,145087,1.6181229773462782,4621,55.28,3.4,284,0.22,35,57992,0,-39614,-18378,0,81615,0,56583,6889,145087,23623,0,96197,25267,145087,917753900,0,-627621300,-290132600,0,1290705700,0,889152550,108191550,2288049800,372951800,0,1516773850,398324150,2288049800
2019-06-11,15450,15900,15450,15800,75390,0.6369426751592357,4621,55.63,3.42,284,0.22,35,-3963,0,2295,1668,0,23949,0,42610,8831,75390,27912,0,40315,7163,75390,-60795950,0,35270850,25525100,0,376492400,0,665299100,138069100,1179860600,437288350,0,630028250,112544000,1179860600
2019-06-12,15900,15900,15150,15450,165155,-2.2151898734177213,4621,54.4,3.34,284,0.23,35,-18430,2000,2812,13618,0,59479,2000,79876,23800,165155,77909,0,77064,10182,165155,-280887100,30700000,42197750,207989350,0,915526950,30700000,1228220100,364875700,2539322750,1196414050,0,1186022350,156886350,2539322750
2019-06-13,15700,15700,15300,15650,69166,1.2944983818770228,4621,55.11,3.39,284,0.22,35,-7733,-1603,-2532,11868,0,42614,400,11692,14460,69166,50347,2003,14224,2592,69166,-117584700,-25176500,-40155500,182916700,0,659248600,6170000,180629250,223089050,1069136900,776833300,31346500,220784750,40172350,1069136900
2019-06-14,15700,15700,14950,15000,88781,-4.15335463258786,4621,52.82,3.25,284,0.23,35,-35038,1700,29377,3961,0,19980,1700,49296,17805,88781,55018,0,19919,13844,88781,-529413700,25770000,443883000,59760700,0,301888000,25770000,746175300,269079700,1342913000,831301700,0,302292300,209319000,1342913000
2019-06-17,15100,15150,14700,14900,61049,-0.6666666666666667,4621,52.46,3.22,284,0.23,35,-11185,300,7208,3677,0,22445,300,30643,7661,61049,33630,0,23435,3984,61049,-165043750,4440000,106573650,54030100,0,335027900,4440000,456021100,113625200,909114200,500071650,0,349447450,59595100,909114200
2019-06-18,14850,14900,14350,14700,97525,-1.342281879194631,4621,51.76,3.18,284,0.24,35,-25824,-4275,10782,19317,0,9367,2700,57460,27998,97525,35191,6975,46678,8681,97525,-375899650,-62274100,157097900,281075850,0,137455550,39385000,839066400,408191950,1424098900,513355200,101659100,681968500,127116100,1424098900
2019-06-19,14700,14950,14350,14550,98636,-1.0204081632653061,4621,51.23,3.15,284,0.24,35,-30211,1400,20911,7900,0,14040,1400,56992,26204,98636,44251,0,36081,18304,98636,-437782850,20190000,304983100,112609750,0,203758300,20190000,827887850,379936250,1431772400,641541150,0,522904750,267326500,1431772400
2019-06-20,14350,14950,14350,14650,99866,0.6872852233676976,4621,51.58,3.17,284,0.24,35,8262,-1000,-7332,70,0,52428,0,33442,13996,99866,44166,1000,40774,13926,99866,123496750,-14900000,-108402400,-194350,0,769677950,0,490024100,204472500,1464174550,646181200,14900000,598426500,204666850,1464174550
2019-06-21,14900,15000,14400,14550,73622,-0.6825938566552902,4621,51.23,3.15,284,0.24,35,-30160,0,34674,-4514,0,8907,0,59582,5133,73622,39067,0,24908,9647,73622,-437573750,0,503698700,-66124950,0,129403550,0,869589450,74869150,1073862150,566977300,0,365890750,140994100,1073862150
2019-06-24,14650,14650,14050,14350,148927,-1.3745704467353952,4621,50.53,3.11,284,0.24,35,-50765,3894,23329,23542,0,25027,3896,89581,30423,148927,75792,2,66252,6881,148927,-716428700,55085250,328747150,332596300,0,355480600,55113450,1268480900,431319800,2110394750,1071909300,28200,939733750,98723500,2110394750
2019-06-25,14250,14500,14000,14350,84589,0.0,4621,50.53,3.11,284,0.24,35,25491,1377,1428,-28296,0,32669,1377,43860,6683,84589,7178,0,42432,34979,84589,364649350,19771050,18525750,-402946150,0,466457800,19771050,623015350,95043200,1204287400,101808450,0,604489600,497989350,1204287400
2019-06-26,14350,14350,13800,14250,158241,-0.6968641114982579,4621,50.18,3.08,284,0.25,35,-4321,1332,12032,-9043,0,77182,1332,64210,15517,158241,81503,0,52178,24560,158241,-50598750,18921500,161946400,-130269150,0,1083199250,18921500,896405150,216092750,2214618650,1133798000,0,734458750,346361900,2214618650
2019-06-27,14250,14300,13750,14100,169373,-1.0526315789473684,4621,49.65,3.05,284,0.25,35,-2317,6054,12299,-16036,0,74013,6054,78684,10622,169373,76330,0,66385,26658,169373,-28172300,84746150,168215550,-224789400,0,1035237500,84746150,1094677550,148206250,2362867450,1063409800,0,926462000,372995650,2362867450
2019-06-28,14150,14450,13800,14350,143609,1.773049645390071,4621,50.53,3.11,284,0.24,35,15839,4476,-22143,1828,0,82715,4830,42054,14010,143609,66876,354,64197,12182,143609,231286850,63978800,-317877250,22611600,0,1165325800,68963400,588924750,195757850,2018971800,934038950,4984600,906802000,173146250,2018971800
2019-07-01,14350,14350,13600,13950,133222,-2.7874564459930316,4621,49.12,3.02,284,0.25,35,8912,1982,12705,-23599,0,47927,1982,77103,6210,133222,39015,0,64398,29809,133222,123600100,27736900,176990400,-328327400,0,666334300,27736900,1071272800,86569100,1851913100,542734200,0,894282400,414896500,1851913100
2019-07-02,13800,14850,13700,14450,172447,3.584229390681003,4621,50.88,3.13,284,0.24,35,-4797,1063,-14625,18359,0,64514,1138,75715,31080,172447,69311,75,90340,12721,172447,-67633450,15005300,-212553250,265181400,0,944815300,16102700,1099481500,450762400,2511161900,1012448750,1097400,1312034750,185581000,2511161900
2019-07-03,14300,14800,14050,14250,67471,-1.384083044982699,4621,50.18,3.08,284,0.25,35,18227,-310,1568,-19485,0,40210,0,24047,3214,67471,21983,310,22479,22699,67471,264213350,-4372800,19987300,-279827850,0,578513850,0,344193250,46078800,968785900,314300500,4372800,324205950,325906650,968785900
2019-07-04,14350,15150,14150,15050,181099,5.614035087719298,4621,52.99,3.26,284,0.23,35,31311,-6115,-42470,17274,0,92373,0,51750,36976,181099,61062,6115,94220,19702,181099,462005300,-91290750,-628599200,257884650,0,1374475200,0,770668550,549716100,2694859850,912469900,91290750,1399267750,291831450,2694859850
2019-07-05,15000,15000,14400,14900,89265,-0.9966777408637874,4621,52.46,3.22,284,0.23,35,24632,0,-7743,-16889,0,42093,0,45389,1783,89265,17461,0,53132,18672,89265,365318950,0,-116273700,-249045250,0,623178300,0,665380500,26221600,1314780400,257859350,0,781654200,275266850,1314780400
2019-07-08,14900,14900,13900,14500,132415,-2.684563758389262,4621,51.06,3.14,284,0.24,35,-20665,407,27666,-7408,0,37400,407,89996,4612,132415,58065,0,62330,12020,132415,-291431050,5839400,392942950,-107351300,0,536983450,5839400,1287286600,65174300,1895283750,828414500,0,894343650,172525600,1895283750
2019-07-09,14350,14650,14050,14250,73598,-1.7241379310344827,4621,50.18,3.08,284,0.25,35,-4734,-1000,-20,5754,0,19962,0,42690,10946,73598,24696,1000,42710,5192,73598,-65972400,-14150000,-1062100,81184500,0,284851450,0,607633900,155642600,1048127950,350823850,14150000,608696000,74458100,1048127950
2019-07-10,14300,14600,14150,14300,54902,0.3508771929824561,4621,50.35,3.09,284,0.24,35,-7976,0,2856,5120,0,10076,0,36140,8686,54902,18052,0,33284,3566,54902,-112898300,0,40003100,72895200,0,144904000,0,517511250,124164000,786579250,257802300,0,477508150,51268800,786579250
2019-07-11,14200,14950,14150,14400,88146,0.6993006993006993,4621,50.7,3.12,284,0.24,35,1627,0,-11257,9630,0,33965,0,36108,18073,88146,32338,0,47365,8443,88146,32134600,0,-171194300,139059700,0,497986650,0,522183200,262089500,1282259350,465852050,0,693377500,123029800,1282259350
2019-07-12,14450,14900,14300,14900,94837,3.4722222222222223,4621,52.46,3.22,284,0.23,35,30046,-86,-19286,-10674,0,56755,0,36147,1935,94837,26709,86,55433,12609,94837,446128450,-1243700,-288057950,-156826800,0,833892400,0,524202300,28202950,1386297650,387763950,1243700,812260250,185029750,1386297650
2019-07-15,14700,14850,14150,14400,137012,-3.3557046979865772,4621,50.7,3.12,284,0.24,35,-53,-1259,12974,-11662,0,44896,237,88224,3655,137012,44949,1496,75250,15317,137012,950000,-18156350,184148800,-166942450,0,643446700,3365400,1264886550,52433200,1964131850,642496700,21521750,1080737750,219375650,1964131850
2019-07-16,14400,14500,13700,13950,136657,-3.125,4621,49.12,3.02,284,0.25,35,-48884,5599,36852,6433,0,20536,5599,96030,14492,136657,69420,0,59178,8059,136657,-690905250,79124500,521522850,90257900,0,288695900,79124500,1347682950,203072650,1918576000,979601150,0,826160100,112814750,1918576000
2019-07-17,13900,13950,13450,13600,69789,-2.5089605734767026,4621,47.89,2.94,284,0.26,35,-20812,0,15678,5134,0,9162,0,51097,9530,69789,29974,0,35419,4396,69789,-281586050,0,212581200,69004850,0,125114200,0,696117050,129540600,950771850,406700250,0,483535850,60535750,950771850
2019-07-18,13600,14000,13300,13600,119529,0.0,4621,47.89,2.94,284,0.26,35,2202,0,-10774,8572,0,57970,0,45125,16434,119529,55768,0,55899,7862,119529,34311400,0,-149890900,115579500,0,792398750,0,614274300,223101600,1629774650,758087350,0,764165200,107522100,1629774650
2019-07-19,13850,14200,13500,14200,82572,4.411764705882353,4621,50.0,3.07,284,0.25,35,15895,-12,-13734,-2149,0,47673,0,25452,9447,82572,31778,12,39186,11596,82572,227466950,-167400,-195100400,-32199150,0,666921850,0,351454250,130514150,1148890250,439454900,167400,546554650,162713300,1148890250
2019-07-22,14150,14450,13650,14450,116075,1.7605633802816902,4621,50.88,3.13,284,0.24,35,27402,1885,-17753,-11534,0,65494,1885,43675,5021,116075,38092,0,61428,16555,116075,403086550,26049800,-265096500,-164039850,0,932576500,26049800,609348700,70039900,1638014900,529489950,0,874445200,234079750,1638014900
2019-07-23,14450,14500,13650,13850,151859,-4.1522491349480966,4621,48.77,3.0,284,0.25,35,-18533,-1067,37769,-18169,0,62848,0,87190,1821,151859,81381,1067,49421,19990,151859,-254707600,-14843150,522990400,-253439650,0,874601900,0,1209120550,25263400,2108985850,1129309500,14843150,686130150,278703050,2108985850
2019-07-24,13850,13850,13300,13300,114175,-3.9711191335740073,4621,46.83,2.88,284,0.26,35,-44069,-2535,30708,15896,0,17875,1912,74308,20080,114175,61944,4447,43600,4184,114175,-595355050,-34069550,415671850,213752750,0,241102750,25620800,1000774300,270228650,1537726500,836457800,59690350,585102450,56475900,1537726500
2019-07-25,13250,13350,12550,13100,234711,-1.5037593984962405,4621,46.13,2.83,284,0.27,35,-46941,-2340,-36895,86176,0,49246,0,88261,97204,234711,96187,2340,125156,11028,234711,-597242350,-29601000,-480151900,1106995250,0,641326450,0,1135500750,1250023800,3026851000,1238568800,29601000,1615652650,143028550,3026851000
2019-07-26,13000,13300,12500,13000,156578,-0.7633587786259541,4621,45.77,2.81,284,0.27,35,-16911,-25559,-15097,57567,0,35910,0,53547,67121,156578,52821,25559,68644,9554,156578,-211913700,-325322750,-194415750,731652200,0,462624600,0,685520600,855239700,2003384900,674538300,325322750,879936350,123587500,2003384900
2019-07-29,13000,13050,12550,12600,78727,-3.076923076923077,4621,44.37,2.73,284,0.28,35,-15752,-2854,-10824,29430,0,12897,2013,23797,40020,78727,28649,4867,34621,10590,78727,-200637000,-35640950,-137778700,374056650,0,163883050,26000950,303560750,510030250,1003475000,364520050,61641900,441339450,135973600,1003475000
2019-07-30,12450,13200,12450,12800,128570,1.5873015873015872,4621,45.07,2.77,284,0.27,35,-25938,0,2832,23106,0,43796,0,53877,30897,128570,69734,0,51045,7791,128570,-328001850,0,32657850,295344000,0,564302300,0,691063500,395947600,1651313400,892304150,0,658405650,100603600,1651313400
2019-07-31,12800,13050,12450,13000,66005,1.5625,4621,45.77,2.81,284,0.27,35,-5462,2374,14899,-11811,0,20923,2374,34634,8074,66005,26385,0,19735,19885,66005,-68016850,29857050,190610400,-152450600,0,268204500,29857050,441311150,102281400,841654100,336221350,0,250700750,254732000,841654100
2019-08-01,12800,13150,12650,12750,75462,-1.9230769230769231,4621,44.89,2.76,284,0.27,35,-283,6567,10397,-16681,0,27634,6567,26956,14305,75462,27917,0,16559,30986,75462,-3151550,84077250,133675400,-214601100,0,353559350,84077250,345499100,182878400,966014100,356710900,0,211823700,397479500,966014100
2019-08-02,12450,13150,12150,13000,61497,1.9607843137254901,4621,45.77,2.81,284,0.27,35,14201,1558,-8917,-6842,0,19519,1558,27712,12708,61497,5318,0,36629,19550,61497,185176450,19930250,-114823400,-90283300,0,252880850,19930250,354868050,162858600,790537750,67704400,0,469691450,253141900,790537750
2019-08-05,12850,12850,12250,12250,137695,-5.769230769230769,4621,43.13,2.65,284,0.29,35,40504,966,-7877,-33593,0,66849,3241,57804,9801,137695,26345,2275,65681,43394,137695,506820400,11603450,-98980100,-419443750,0,835305800,40463750,720260950,122376350,1718406850,328485400,28860300,819241050,541820100,1718406850
2019-08-06,12050,12850,11700,12050,117511,-1.6326530612244898,4621,42.43,2.61,284,0.29,35,4486,0,-22674,18188,0,28060,3,46754,42694,117511,23574,3,69428,24506,117511,53945300,-600,-275799550,221854850,0,345065000,37600,572745250,523367100,1441214950,291119700,38200,848544800,301512250,1441214950
2019-08-07,12050,12900,12050,12350,125685,2.4896265560165975,4621,43.49,2.67,284,0.28,35,12576,-1701,-8912,-1963,0,44701,819,52677,27488,125685,32125,2520,61589,29451,125685,160340800,-21529700,-111874750,-26936350,0,554848550,10021950,652586150,339277700,1556734350,394507750,31551650,764460900,366214050,1556734350
2019-08-08,12350,12650,12050,12550,145474,1.6194331983805668,4621,44.19,2.72,284,0.28,35,-34642,5016,10738,18888,0,39405,5017,63975,37077,145474,74047,1,53237,18189,145474,-429342950,62508150,132332200,234502600,0,489506750,62520500,791618700,460499750,1804145700,918849700,12350,659286500,225997150,1804145700
2019-08-09,12500,12950,12400,12600,71518,0.398406374501992,4621,44.37,2.73,284,0.28,35,8060,-2363,11169,-16866,0,31468,0,34618,5432,71518,23408,2363,23449,22298,71518,104229450,-30182700,140740250,-214787000,0,399433950,0,438929000,68692550,907055500,295204500,30182700,298188750,283479550,907055500
2019-08-12,12700,12700,12350,12550,41003,-0.3968253968253968,4621,44.19,2.72,284,0.28,35,2443,1000,4967,-8410,0,13888,1000,22922,3193,41003,11445,0,17955,11603,41003,31134400,12400000,61850100,-105384500,0,174134900,12400000,286479050,40125000,513138950,143000500,0,224628950,145509500,513138950
2019-08-13,12350,13200,12350,13200,75272,5.179282868525896,4621,46.48,2.86,284,0.27,35,16968,1044,-14385,-3627,0,28612,1544,28879,16237,75272,11644,500,43264,19864,75272,220825700,13644800,-190065150,-44405350,0,369260550,19994800,369842700,212185450,971283500,148434850,6350000,559907850,256590800,971283500
2019-08-14,13250,13650,13150,13450,84673,1.893939393939394,4621,47.36,2.91,284,0.26,35,15649,0,10385,-26034,0,27077,0,55296,2300,84673,11428,0,44911,28334,84673,211934350,0,137874850,-349809200,0,365527800,0,741349400,30561700,1137438900,153593450,0,603474550,380370900,1137438900
2019-08-16,13450,13550,12950,12950,109588,-3.717472118959108,4621,45.6,2.8,284,0.27,35,5467,52,-5806,287,0,53464,52,42632,13440,109588,47997,0,48438,13153,109588,73021800,693100,-77060800,3345900,0,703573350,693100,559959350,176183650,1440409450,630551550,0,637020150,172837750,1440409450
2019-08-19,13050,13600,12950,13550,165911,4.633204633204633,4621,47.71,2.93,284,0.26,35,39882,0,-42502,2620,0,89503,5,51975,24428,165911,49621,5,94477,21808,165911,537469400,250,-570976650,33507000,0,1203050300,67250,698417400,327295950,2228830900,665580900,67000,1269394050,293788950,2228830900
2019-08-20,13500,13750,13100,13450,83367,-0.7380073800738007,4621,47.36,2.91,284,0.26,35,18893,-3364,5498,-21027,0,40981,0,39446,2940,83367,22088,3364,33948,23967,83367,259179850,-45441600,67788650,-281526900,0,553058900,0,526458600,39485750,1119003250,293879050,45441600,458669950,321012650,1119003250
2019-08-21,13300,13600,13250,13500,34873,0.37174721189591076,4621,47.54,2.92,284,0.26,35,4072,0,-2309,-1763,0,19340,0,12857,2676,34873,15268,0,15166,4439,34873,55134000,0,-31501200,-23632800,0,259554050,0,172333400,36002100,467889550,204420050,0,203834600,59634900,467889550
2019-08-22,13550,13600,13100,13300,70073,-1.4814814814814816,4621,46.83,2.88,284,0.26,35,-18587,0,28009,-9422,0,16936,0,49872,3265,70073,35523,0,21863,12687,70073,-244267250,0,369386050,-125118800,0,225298850,0,659693700,43301450,928294000,469566100,0,290307650,168420250,928294000
2019-08-23,13050,13250,12900,12950,35934,-2.631578947368421,4621,45.6,2.8,284,0.27,35,-5869,1000,2725,2144,0,7885,1000,23918,3131,35934,13754,0,21193,987,35934,-76221050,12950000,35126900,28144150,0,103192650,12950000,311276650,41076650,468495950,179413700,0,276149750,12932500,468495950
2019-08-26,12650,12800,12250,12750,83565,-1.5444015444015444,4621,44.89,2.76,284,0.27,35,-26275,5740,16563,3972,0,21281,5740,44009,12535,83565,47556,0,27446,8563,83565,-325112800,71519100,204346350,49247350,0,267587200,71519100,549293100,156217950,1044617350,592700000,0,344946750,106970600,1044617350
2019-08-27,12750,13050,12500,12500,71905,-1.9607843137254901,4621,44.01,2.71,284,0.28,35,-10238,1940,-451,8749,0,21258,1940,34664,14043,71905,31496,0,35115,5294,71905,-129944050,25119050,-7102150,111927150,0,271462950,25119050,443274900,179484850,919341750,401407000,0,450377050,67557700,919341750
2019-08-28,12550,12950,12350,12900,52753,3.2,4621,45.42,2.79,284,0.27,35,-28923,3761,15495,9667,0,4322,3761,33560,11110,52753,33245,0,18065,1443,52753,-361078400,47085100,193080150,120913150,0,54160050,47085100,420702950,139173650,661121750,415238450,0,227622800,18260500,661121750
2019-08-29,12900,13400,12750,13000,58149,0.7751937984496124,4621,45.77,2.81,284,0.27,35,18550,-793,-23823,6066,0,25935,207,22079,9928,58149,7385,1000,45902,3862,58149,243488650,-10559000,-312455400,79525750,0,340162300,2691000,287916200,129924200,760693700,96673650,13250000,600371600,50398450,760693700
2019-08-30,13000,13250,12550,13000,166095,0.0,4621,45.77,2.81,284,0.27,35,-18226,7759,47140,-36673,0,20052,9759,130094,6190,166095,38278,2000,82954,42863,166095,-232227900,100231300,605039100,-473042500,0,259173600,126131300,1668359700,80080500,2133745100,491401500,25900000,1063320600,553123000,2133745100
2019-09-02,12900,13000,12500,12500,75219,-3.8461538461538463,4621,44.01,2.71,284,0.28,35,-37969,1500,43796,-7327,0,3959,2000,65427,3833,75219,41928,500,21631,11160,75219,-479284350,18875000,553631350,-93222000,0,50046850,25200000,826227000,48122200,949596050,529331200,6325000,272595650,141344200,949596050
2019-09-03,12550,12750,12300,12700,57075,1.6,4621,44.72,2.75,284,0.28,35,-18043,0,22397,-4354,0,5008,0,51261,806,57075,23051,0,28864,5160,57075,-223043700,0,277515150,-54471450,0,62707650,0,640139900,10101150,712948700,285751350,0,362624750,64572600,712948700
2019-09-04,13300,14000,13300,13550,482678,6.692913385826772,4621,47.71,2.93,284,0.26,35,-39240,-1475,18806,21909,0,140494,3232,279039,59913,482678,179734,4707,260233,38004,482678,-532590600,-19702450,253584450,298708600,0,1904112450,43854150,3778226500,814969600,6541162700,2436703050,63556600,3524642050,516261000,6541162700
2019-09-05,13500,13950,13300,13700,169482,1.107011070110701,4621,48.24,2.96,284,0.26,35,-12559,452,16720,-4613,0,55123,1452,102648,10259,169482,67682,1000,85928,14872,169482,-168196100,6243900,224044500,-62092300,0,759121100,19893900,1404123750,141334900,2324473650,927317200,13650000,1180079250,203427200,2324473650
2019-09-06,13700,14600,13700,14600,303519,6.569343065693431,4621,51.41,3.16,284,0.24,35,69129,-320,-52344,-16465,0,139405,572,146085,17457,303519,70276,892,198429,33922,303519,998470400,-4493100,-758111500,-235865800,0,2009003300,8278700,2096657150,251648450,4365587600,1010532900,12771800,2854768650,487514250,4365587600
2019-09-09,14450,15000,14400,14450,209665,-1.0273972602739725,4621,50.88,3.13,284,0.24,35,10815,19854,-28791,-1878,0,97905,21469,72599,17692,209665,87090,1615,101390,19570,209665,160531900,294374200,-425970000,-28936100,0,1441266900,318302050,1069914400,257247450,3086730800,1280735000,23927850,1495884400,286183550,3086730800
2019-09-10,14400,14500,13800,14150,158507,-2.0761245674740483,4621,49.82,3.06,284,0.25,35,-63704,2273,54866,6565,0,33163,3273,102766,19305,158507,96867,1000,47900,12740,158507,-889407350,31722000,766664050,91021300,0,464590300,45872000,1440798950,270439450,2221700700,1353997650,14150000,674134900,179418150,2221700700
2019-09-11,14000,14150,13750,14050,131707,-0.7067137809187279,4621,49.47,3.04,284,0.25,35,-9952,3000,4289,2663,0,35450,3387,78286,14584,131707,45402,387,73997,11921,131707,-137190200,41433900,59503900,36252400,0,495190200,46871250,1088827300,202915150,1833803900,632380400,5437350,1029323400,166662750,1833803900
2019-09-16,14150,14950,13750,13950,140650,-0.7117437722419928,4621,49.12,3.02,284,0.25,35,-66193,-6350,46816,25727,0,14526,4000,93149,28975,140650,80719,10350,46333,3248,140650,-921269750,-87963400,652232050,357001100,0,202040500,56100000,1307083550,403010250,1968234300,1123310250,144063400,654851500,46009150,1968234300
2019-09-17,14050,14100,13750,14050,151348,0.7168458781362007,4621,49.47,3.04,284,0.25,35,-50997,-264,15959,35302,0,40207,0,73091,38050,151348,91204,264,57132,2748,151348,-708184150,-3709200,222118200,489775150,0,559185850,0,1018356600,528201350,2105743800,1267370000,3709200,796238400,38426200,2105743800
2019-09-18,13900,14500,13850,14150,75877,0.7117437722419928,4621,49.82,3.06,284,0.25,35,12080,-1736,-11237,893,0,19650,1000,48723,6504,75877,7570,2736,59960,5611,75877,174457750,-24477600,-161868550,11888400,0,282572350,14400000,695197300,92202550,1084372200,108114600,38877600,857065850,80314150,1084372200
2019-09-19,14500,14500,13900,14150,73329,0.0,4621,49.82,3.06,284,0.25,35,-3869,-1000,6488,-1619,0,16329,0,53543,3457,73329,20198,1000,47055,5076,73329,-54582100,-14000000,91936850,-23354750,0,230729500,0,754616200,48618500,1033964200,285311600,14000000,662679350,71973250,1033964200
2019-09-20,14250,14500,13950,14450,51685,2.1201413427561837,4621,50.88,3.13,284,0.24,35,18764,0,-19819,1055,0,27287,0,20961,3437,51685,8523,0,40780,2382,51685,270271300,0,-285057750,14786450,0,391796400,0,299371100,48951900,740119400,121525100,0,584428850,34165450,740119400
2019-09-23,14400,15100,14300,15000,217483,3.8062283737024223,4621,52.82,3.25,284,0.23,35,30181,5202,-51276,15893,0,87427,8713,85850,35493,217483,57246,3511,137126,19600,217483,449469950,78424100,-759321900,231427850,0,1303539150,129531750,1275185300,524199000,3232455200,854069200,51107650,2034507200,292771150,3232455200
2019-09-24,14800,15250,14700,15050,151669,0.33333333333333337,4621,52.99,3.26,284,0.23,35,16589,14102,-25240,-5451,0,41762,14102,86349,9456,151669,25173,0,111589,14907,151669,252133950,211714650,-382134500,-81714100,0,628080300,211714650,1290594950,141434050,2271823950,375946350,0,1672729450,223148150,2271823950
2019-09-25,14900,15150,14700,14900,84722,-0.9966777408637874,4621,52.46,3.22,284,0.23,35,16618,-6273,-10344,-1,0,39381,0,40736,4605,84722,22763,6273,51080,4606,84722,249247650,-93067700,-155954650,-225300,0,586990450,0,604054700,68506600,1259551750,337742800,93067700,760009350,68731900,1259551750
2019-09-26,14800,15650,14800,15050,208217,1.006711409395973,4621,52.99,3.26,284,0.23,35,34356,-408,-33006,-942,0,98638,1100,92535,15944,208217,64282,1508,125541,16886,208217,524689200,-5972200,-499831300,-18885700,0,1497754650,16860000,1410403400,239747150,3164765200,973065450,22832200,1910234700,258632850,3164765200
2019-09-27,15400,15550,15000,15400,192064,2.3255813953488373,4621,54.23,3.33,284,0.23,35,45677,-145,-49140,3608,0,120420,0,55002,16642,192064,74743,145,104142,13034,192064,700617250,-2240250,-752943150,54566150,0,1841211250,0,840718600,254221800,2936151650,1140594000,2240250,1593661750,199655650,2936151650
2019-09-30,15400,16500,15350,16050,773925,4.220779220779221,4621,56.51,3.47,284,0.22,35,-40774,-6422,-40259,87455,0,216230,5032,365396,187267,773925,257004,11454,405655,99812,773925,-639140200,-102199000,-654939950,1396279150,0,3471894500,80712300,5855398100,3000560500,12408565400,4111034700,182911300,6510338050,1604281350,12408565400
2019-10-01,16050,16400,15800,16000,343298,-0.3115264797507788,4621,56.34,3.46,284,0.22,35,-41953,0,-57379,99332,0,74601,0,111387,157310,343298,116554,0,168766,57978,343298,-669255450,0,-922433050,1591688500,0,1200070900,0,1787185100,2522630000,5509886000,1869326350,0,2709618150,930941500,5509886000
2019-10-02,15900,16450,15600,15850,195409,-0.9375,4621,55.81,3.43,284,0.22,35,-26111,0,-26243,52354,0,13398,0,88294,93717,195409,39509,0,114537,41363,195409,-413155750,0,-417599950,830755700,0,214813700,0,1419105000,1500544850,3134463550,627969450,0,1836704950,669789150,3134463550
2019-10-04,15850,16000,15450,15750,124414,-0.6309148264984227,4621,55.46,3.41,284,0.22,35,-29316,-1818,-23595,54729,0,2307,571,62049,59487,124414,31623,2389,85644,4758,124414,-459939300,-28582200,-371498050,860019550,0,36120450,9044550,974675250,934848300,1954688550,496059750,37626750,1346173300,74828750,1954688550
2019-10-07,15600,15900,15250,15400,128928,-2.2222222222222223,4621,54.23,3.33,284,0.23,35,-38778,0,-14596,53374,0,4831,0,54903,69194,128928,43609,0,69499,15820,128928,-595996000,0,-228442800,824438800,0,74386450,0,846988000,1069341050,1990715500,670382450,0,1075430800,244902250,1990715500
2019-10-08,15500,15600,15150,15450,162423,0.3246753246753247,4621,54.4,3.34,284,0.23,35,3603,0,-32829,29226,0,56145,0,67982,38296,162423,52542,0,100811,9070,162423,57749100,0,-506606650,448857550,0,864608250,0,1043572450,587820900,2496001600,806859150,0,1550179100,138963350,2496001600
2019-10-10,15450,15900,15050,15500,124655,0.3236245954692557,4621,54.58,3.35,284,0.23,35,-20013,-1421,37140,-15706,0,11251,0,92072,21332,124655,31264,1421,54932,37038,124655,-306795650,-22477000,577337350,-248064700,0,174447800,0,1429148050,328095550,1931691400,481243450,22477000,851810700,576160250,1931691400
2019-10-11,15600,15600,14850,14850,234124,-4.193548387096775,4621,52.29,3.21,284,0.24,35,-83341,-721,40131,43931,0,42580,176,131590,59778,234124,125921,897,91459,15847,234124,-1253536350,-11063750,604560550,660039550,0,638931400,2640000,1983167750,901052050,3525791200,1892467750,13703750,1378607200,241012500,3525791200
2019-10-14,14850,15150,14350,14850,380786,0.0,4621,52.29,3.21,284,0.24,35,-62341,-361,-3032,65734,0,124019,0,148673,108094,380786,186360,361,151705,42360,380786,-883901550,-5342800,-61243900,950488250,0,1841560550,0,2175317550,1578608700,5595486800,2725462100,5342800,2236561450,628120450,5595486800
2019-10-15,14850,15550,14850,15350,262171,3.3670033670033668,4621,54.05,3.32,284,0.23,35,1419,158,-54696,53119,0,90673,451,92932,78115,262171,89254,293,147628,24996,262171,25568650,2279900,-843804600,815956050,0,1400126200,6821400,1424632950,1200492850,4032073400,1374557550,4541500,2268437550,384536800,4032073400
2019-10-16,15400,15850,15100,15500,187285,0.9771986970684038,4621,54.58,3.35,284,0.23,35,-22259,-254,20084,2429,0,32997,0,97679,56609,187285,55256,254,77595,54180,187285,-338501350,-3919350,306393000,36027700,0,509625450,0,1505121150,871136800,2885883400,848126800,3919350,1198728150,835109100,2885883400
2019-10-17,15450,15950,15400,15800,220173,1.935483870967742,4621,55.63,3.42,284,0.22,35,45327,-1465,-62586,18724,0,111359,320,42732,65762,220173,66032,1785,105318,47038,220173,717190800,-23300250,-988282150,294391600,0,1758741000,4992000,673461200,1036853450,3474047650,1041550200,28292250,1661743350,742461850,3474047650
2019-10-18,15800,16000,15450,15450,137251,-2.2151898734177213,4621,54.4,3.34,284,0.23,35,-31168,-486,17839,13815,0,37453,0,64359,35439,137251,68621,486,46520,21624,137251,-482136650,-7727400,275300650,214563400,0,589079450,0,1007143500,554499300,2150722250,1071216100,7727400,731842850,339935900,2150722250
2019-10-21,15750,15850,15300,15450,134309,0.0,4621,54.4,3.34,284,0.23,35,-51868,43,-3399,55224,0,29351,43,38850,66065,134309,81219,0,42249,10841,134309,-797982850,666100,-57052500,854369250,0,457449450,666100,602178900,1023895200,2084189650,1255432300,0,659231400,169525950,2084189650
2019-10-22,15550,15550,15000,15250,124765,-1.2944983818770228,4621,53.7,3.3,284,0.23,35,-51826,-574,16778,35622,0,9478,0,62645,52642,124765,61304,574,45867,17020,124765,-786720950,-8706650,255872400,539555200,0,143260950,0,951066350,798635800,1892963100,929981900,8706650,695193950,259080600,1892963100
2019-10-23,15250,15250,14650,14850,125064,-2.622950819672131,4621,52.29,3.21,284,0.24,35,-51733,-1035,25022,27746,0,2354,340,82020,40350,125064,54087,1375,56998,12604,125064,-767746650,-15335350,372587200,410494800,0,34946350,5019100,1216932900,598241200,1855139550,802693000,20354450,844345700,187746400,1855139550
2019-10-24,14950,15150,14600,14750,117898,-0.6734006734006733,4621,51.94,3.19,284,0.24,35,-45463,-1504,13334,33633,0,9968,0,54085,53845,117898,55431,1504,40751,20212,117898,-669607350,-22218350,196584400,495241300,0,147951050,0,800030200,795037600,1743018850,817558400,22218350,603445800,299796300,1743018850
2019-10-25,14750,14850,14450,14700,83261,-0.3389830508474576,4621,51.76,3.18,284,0.24,35,-14432,-7395,-1433,23260,0,4910,85,50404,27862,83261,19342,7480,51837,4602,83261,-210156750,-108032300,-21778400,339967450,0,71889550,1241000,736477000,407381950,1216989500,282046300,109273300,758255400,67414500,1216989500
2019-10-28,14950,15250,14650,14900,136205,1.3605442176870748,4621,52.46,3.22,284,0.23,35,19123,9178,13644,-41945,0,49734,9178,63523,13770,136205,30611,0,49879,55715,136205,288282000,136564600,203850650,-628697250,0,743904700,136564600,951403050,205699050,2037571400,455622700,0,747552400,834396300,2037571400
2019-10-29,14850,15000,14400,14750,116812,-1.006711409395973,4621,51.94,3.19,284,0.24,35,-3826,0,20457,-16631,0,41408,0,67745,7659,116812,45234,0,47288,24290,116812,-48872000,0,294032150,-245160150,0,612160950,0,989708700,112422900,1714292550,661032950,0,695676550,357583050,1714292550
2019-10-30,14700,15100,14650,14900,69420,1.0169491525423728,4621,52.46,3.22,284,0.23,35,-7914,5485,3525,-1096,0,13632,5485,41538,8765,69420,21546,0,38013,9861,69420,-115805300,81189150,51089950,-16473800,0,202612200,81189150,615133200,129987000,1028921550,318417500,0,564043250,146460800,1028921550
2019-10-31,14900,15700,14900,15500,187400,4.026845637583892,4621,54.58,3.35,284,0.23,35,6691,-3000,-11479,7788,0,53455,0,91081,42864,187400,46764,3000,102560,35076,187400,109872250,-45533600,-182417600,118078950,0,826863550,0,1397286700,658560950,2882711200,716991300,45533600,1579704300,540482000,2882711200
2019-11-01,15500,15650,15050,15450,116284,-0.3225806451612903,4621,54.4,3.34,284,0.23,35,-8572,-1645,9352,865,0,29322,0,47716,39246,116284,37894,1645,38364,38381,116284,-131381150,-25053250,143043300,13391100,0,453747450,0,735792900,606601900,1796142250,585128600,25053250,592749600,593210800,1796142250
2019-11-04,15450,15550,14700,14800,215157,-4.207119741100324,4621,52.11,3.2,284,0.24,35,-127363,6629,94375,26359,0,31066,6918,133672,43501,215157,158429,289,39297,17142,215157,-1907850500,99732250,1414185750,393932500,0,464353100,104095750,2002133250,652564950,3223147050,2372203600,4363500,587947500,258632450,3223147050
2019-11-05,14850,15100,14450,14650,206655,-1.0135135135135136,4621,51.58,3.17,284,0.24,35,-126099,-6399,61918,70580,0,12594,4001,108125,81935,206655,138693,10400,46207,11355,206655,-1851006450,-94259900,904680950,1040585400,0,188166900,58315100,1587342500,1208420750,3042245250,2039173350,152575000,682661550,167835350,3042245250
2019-11-06,14650,14800,14350,14700,144741,0.3412969283276451,4621,51.76,3.18,284,0.24,35,-68960,395,35615,32950,0,11924,500,94030,38287,144741,80884,105,58415,5337,144741,-1001913800,5827250,515008150,481078400,0,173867100,7350000,1368667350,558982350,2108866800,1175780900,1522750,853659200,77903950,2108866800
2019-11-07,14900,15450,14400,14750,378369,0.3401360544217687,4621,51.94,3.19,284,0.24,35,-82414,2154,50889,29371,0,96836,2654,194006,84873,378369,179250,500,143117,55502,378369,-1197890400,31271450,733859850,432759100,0,1427136850,38846450,2866853000,1253834600,5586670900,2625027250,7575000,2132993150,821075500,5586670900
2019-11-08,14750,15200,14500,14750,159891,0.0,4621,51.94,3.19,284,0.24,35,-79192,-420,32144,47468,0,7738,0,97940,54213,159891,86930,420,65796,6745,159891,-1170399600,-6195700,470119900,706475400,0,115189650,0,1451032650,806205000,2372427300,1285589250,6195700,980912750,99729600,2372427300
2019-11-11,14750,15000,14150,14300,246154,-3.050847457627119,4621,50.35,3.09,284,0.24,35,-69001,5888,53926,9187,0,61512,5888,152310,26444,246154,130513,0,98384,17257,246154,-986100750,84431500,772202700,129466550,0,883982600,84431500,2184512650,378149400,3531076150,1870083350,0,1412309950,248682850,3531076150
2019-11-12,14350,14550,14000,14350,252942,0.34965034965034963,4621,50.53,3.11,284,0.24,35,-91186,-11739,42927,59998,0,39947,153,135253,77589,252942,131133,11892,92326,17591,252942,-1283156950,-166141500,600533650,848764800,0,572238150,2190800,1914614100,1099817700,3588860750,1855395100,168332300,1314080450,251052900,3588860750
2019-11-13,14250,15200,14150,15100,321427,5.2264808362369335,4621,53.17,3.27,284,0.23,35,-1213,7586,12318,-18691,0,104611,13586,174019,29211,321427,105824,6000,161701,47902,321427,8868500,106326400,173039450,-288234350,0,1543594900,198301400,2562093750,423760900,4727750950,1534726400,91975000,2389054300,711995250,4727750950
2019-11-14,16000,17100,15800,16400,1422360,8.609271523178808,4621,57.75,3.55,284,0.21,35,63070,-21497,-258958,217385,0,410775,1418,654892,355275,1422360,347705,22915,913850,137890,1422360,1032694500,-356705350,-4236688000,3560698850,0,6735728500,23074300,10777260250,5824589900,23360652950,5703034000,379779650,15013948250,2263891050,23360652950
2019-11-15,16250,17650,16150,17400,659771,6.097560975609756,4621,61.27,3.77,284,0.2,35,51787,21638,-153627,80202,0,208409,27359,240660,183343,659771,156622,5721,394287,103141,659771,880189800,371152400,-2603555700,1352213500,0,3553426450,467431550,4095117450,3107382250,11223357700,2673236650,96279150,6698673150,1755168750,11223357700
2019-11-18,17400,17700,17150,17550,195225,0.8620689655172413,4621,61.8,3.8,284,0.2,35,-40527,1388,-49623,88762,0,18308,3388,67455,106074,195225,58835,2000,117078,17312,195225,-699532900,24068300,-862680750,1538145350,0,319664500,59268300,1171152550,1839485200,3389570550,1019197400,35200000,2033833300,301339850,3389570550
2019-11-19,17550,17750,17150,17550,161578,0.0,4621,61.8,3.8,284,0.2,35,-38970,456,-37315,75829,0,817,456,60792,99513,161578,39787,0,98107,23684,161578,-679304700,7961700,-650253400,1321596400,0,14268450,7961700,1060070950,1733558100,2815859200,693573150,0,1710324350,411961700,2815859200
2019-11-20,17650,17800,17100,17250,199376,-1.7094017094017095,4621,60.74,3.73,284,0.2,35,-59456,278,-12901,72079,0,49309,500,57408,92159,199376,108765,222,70309,20080,199376,-1030965250,4688700,-227849700,1254126250,0,856519000,8607000,997349800,1605010650,3467486450,1887484250,3918300,1225199500,350884400,3467486450
2019-11-21,17350,17350,16800,17000,124483,-1.4492753623188406,4621,59.86,3.68,284,0.21,35,-37788,989,-24305,61104,0,20931,989,34411,68152,124483,58719,0,58716,7048,124483,-639723700,16691400,-413532650,1036564950,0,355886300,16691400,584450650,1156281200,2113309550,995610000,0,997983300,119716250,2113309550
2019-11-22,17200,17200,16650,16800,77538,-1.1764705882352942,4621,59.15,3.64,284,0.21,35,1757,972,1580,-4309,0,16755,972,35268,24543,77538,14998,0,33688,28852,77538,31170900,16394200,26315250,-73880350,0,283521550,16394200,594827600,413099300,1307842650,252350650,0,568512350,486979650,1307842650
2019-11-25,16900,17000,16400,16950,81023,0.8928571428571428,4621,59.68,3.67,284,0.21,35,-5275,1000,-13701,17976,0,23977,1000,29093,26953,81023,29252,0,42794,8977,81023,-87489850,16911350,-230857200,301435700,0,403733350,16911350,485919900,452045300,1358609900,491223200,0,716777100,150609600,1358609900
2019-11-26,16950,17200,16450,16900,116408,-0.2949852507374631,4621,59.51,3.66,284,0.21,35,-19187,3391,6709,9087,0,28349,3391,56282,28386,116408,47536,0,49573,19299,116408,-316793950,56610450,111149800,149033700,0,473817900,56610450,938564900,475022700,1944015950,790611850,0,827415100,325989000,1944015950
2019-11-27,16900,17100,16550,16850,104781,-0.2958579881656805,4621,59.33,3.65,284,0.21,35,-6093,-66,18468,-12309,0,35561,1131,53887,14202,104781,41654,1197,35419,26511,104781,-100970650,-1137800,310914850,-208806400,0,601095000,19091500,909281600,239658000,1769126100,702065650,20229300,598366750,448464400,1769126100
2019-11-28,16700,16850,16150,16200,100527,-3.857566765578635,4621,57.04,3.51,284,0.22,35,-2478,-2953,-3652,9083,0,12875,0,59524,28128,100527,15353,2953,63176,19045,100527,-40229300,-48545400,-55712000,144486700,0,212555400,0,977971100,459932550,1650459050,252784700,48545400,1033683100,315445850,1650459050
2019-11-29,16200,16550,16150,16500,121767,1.8518518518518516,4621,58.1,3.57,284,0.21,35,38440,711,-21988,-17163,0,70305,711,29304,21447,121767,31865,0,51292,38610,121767,631265450,11630950,-361675500,-281220900,0,1154108450,11630950,479010500,352491850,1997241750,522843000,0,840686000,633712750,1997241750
2019-12-02,16350,16550,15900,16400,138013,-0.6060606060606061,4621,57.75,3.55,284,0.21,35,43860,-2008,-1286,-40566,0,75581,906,54297,7229,138013,31721,2914,55583,47795,138013,719659100,-32454850,-26031500,-661172750,0,1235694750,14822750,880482850,116823300,2247823650,516035650,47277600,906514350,777996050,2247823650
2019-12-03,16400,16400,16000,16200,87638,-1.2195121951219512,4621,57.04,3.51,284,0.22,35,38730,53,-5646,-33137,0,57720,53,20447,9418,87638,18990,0,26093,42555,87638,631155950,853300,-93099650,-538909600,0,939630500,853300,330863000,152676900,1424023700,308474550,0,423962650,691586500,1424023700
2019-12-04,16200,16400,15750,16250,115259,0.30864197530864196,4621,57.22,3.52,284,0.22,35,22075,-4844,7371,-24602,0,36354,1866,59850,17189,115259,14279,6710,52479,41791,115259,359503100,-77013250,115790350,-398280200,0,587379100,30066700,957656000,274600300,1849702100,227876000,107079950,841865650,672880500,1849702100
2019-12-05,16350,16350,15850,16000,91446,-1.5384615384615385,4621,56.34,3.46,284,0.22,35,16812,-6113,-7908,-2791,0,24884,0,47027,19535,91446,8072,6113,54935,22326,91446,269888400,-97768250,-127420450,-44699700,0,398769850,0,750577250,312412350,1461759450,128881450,97768250,877997700,357112050,1461759450
2019-12-06,15900,16250,15850,16100,94454,0.625,4621,56.69,3.48,284,0.22,35,35227,0,-38719,3492,0,40744,0,33700,20010,94454,5517,0,72419,16518,94454,566195700,0,-622352400,56156700,0,654498100,0,539764700,321017200,1515280000,88302400,0,1162117100,264860500,1515280000
2019-12-09,16100,16200,15650,15650,123118,-2.7950310559006213,4621,55.11,3.39,284,0.22,35,6818,1125,36627,-44570,0,35416,1125,83374,3203,123118,28598,0,46747,47773,123118,109207400,18112500,579739600,-707059500,0,561821900,18112500,1319821950,50281850,1950038200,452614500,0,740082350,757341350,1950038200
2019-12-10,15700,16150,15400,16100,119045,2.8753993610223643,4621,56.69,3.48,284,0.22,35,12753,176,-26851,13922,0,28187,176,60580,30102,119045,15434,0,87431,16180,119045,204309450,2815900,-426228050,219102700,0,449124550,2815900,956070050,477703400,1885713900,244815100,0,1382298100,258600700,1885713900
2019-12-11,16100,16300,15850,16200,131047,0.6211180124223602,4621,57.04,3.51,284,0.22,35,9236,2231,-3449,-8018,0,27446,2231,65580,35790,131047,18210,0,69029,43808,131047,151134250,36130400,-56675300,-130589350,0,442299550,36130400,1053378650,573442550,2105251150,291165300,0,1110053950,704031900,2105251150
2019-12-12,16600,16900,16250,16600,218297,2.4691358024691357,4621,58.45,3.59,284,0.21,35,42615,16414,-8947,-50082,0,63238,16515,115847,22697,218297,20623,101,124794,72779,218297,715181900,274907000,-152659600,-837429300,0,1057791100,276603500,1928157600,377011250,3639563450,342609200,1696500,2080817200,1214440550,3639563450
2019-12-13,16600,16800,15950,16300,172930,-1.8072289156626504,4621,57.39,3.53,284,0.21,35,28375,-28,31495,-59842,0,51295,72,108270,13293,172930,22920,100,76775,73135,172930,466634050,-451400,509622150,-975804800,0,838277850,1173600,1761492700,216118900,2817063050,371643800,1625000,1251870550,1191923700,2817063050
2019-12-16,16500,17150,16350,16550,188875,1.5337423312883436,4621,58.27,3.58,284,0.21,35,8113,-171,25604,-33546,0,62224,3901,112987,9763,188875,54111,4072,87383,43309,188875,136961600,-620900,422581750,-558922450,0,1036256350,66434850,1884166800,162762000,3149620000,899294750,67055750,1461585050,721684450,3149620000
2019-12-17,16550,16550,16000,16150,140861,-2.416918429003021,4621,56.87,3.49,284,0.22,35,-10413,9451,24218,-23256,0,28740,9569,99790,2762,140861,39153,118,75572,26018,140861,-166797800,152120100,390569650,-375891950,0,464088650,154021450,1607834450,44600550,2270545100,630886450,1901350,1217264800,420492500,2270545100
2019-12-18,16150,16200,15750,15950,191938,-1.238390092879257,4621,56.16,3.45,284,0.22,35,-75537,4362,65865,5310,0,9467,6357,150793,25321,191938,85004,1995,84928,20011,191938,-1200344700,68952900,1047032700,84359100,0,150620950,100773150,2402337050,403762000,3057493150,1350965650,31820250,1355304350,319402900,3057493150
2019-12-19,16000,16800,15850,16750,267967,5.015673981191222,4621,58.98,3.62,284,0.21,35,29138,-1072,-48827,20761,0,68304,65,148685,50913,267967,39166,1137,197512,30152,267967,490196800,-17752450,-816986800,344542450,0,1137941950,1036750,2441116700,842231550,4422326950,647745150,18789200,3258103500,497689100,4422326950
2019-12-20,16600,16700,16250,16500,165355,-1.4925373134328357,4621,58.1,3.57,284,0.21,35,-33042,-688,46516,-12786,0,22949,1075,114527,26804,165355,55991,1763,68011,39590,165355,-544731200,-11273300,767357400,-211352900,0,379290700,17719850,1889012750,442200000,2728223300,924021900,28993150,1121655350,653552900,2728223300
2019-12-23,16600,16600,16150,16250,80069,-1.5151515151515151,4621,57.22,3.52,284,0.22,35,-10677,-1262,20360,-8421,0,9731,738,63616,5984,80069,20408,2000,43256,14405,80069,-173346900,-20609300,331243150,-137286950,0,158731850,12011050,1037611100,97715400,1306069400,332078750,32620350,706367950,235002350,1306069400
2019-12-24,16150,16650,16050,16500,146924,1.5384615384615385,4621,58.1,3.57,284,0.21,35,49150,-25590,-6246,-17314,0,61855,0,66175,18894,146924,12705,25590,72421,36208,146924,810595500,-414476750,-110670850,-285447900,0,1018639200,0,1079237350,309488000,2407364550,208043700,414476750,1189908200,594935900,2407364550
2019-12-26,16450,16950,16250,16800,179443,1.8181818181818181,4621,59.15,3.64,284,0.21,35,43520,2824,-29481,-16863,0,50123,2824,99194,27302,179443,6603,0,128675,44165,179443,726152350,47252400,-491082300,-282322450,0,836414700,47252400,1652091850,453714800,2989473750,110262350,0,2143174150,736037250,2989473750
2019-12-27,16650,17000,16450,16600,163351,-1.1904761904761905,4621,58.45,3.59,284,0.21,35,-8579,860,18162,-10443,0,31009,2583,114092,15667,163351,39588,1723,95930,26110,163351,-141341250,14269000,298726950,-171654700,0,515495450,42940800,1897084000,261625000,2717145250,656836700,28671800,1598357050,433279700,2717145250
2019-12-30,16500,17050,16500,16950,105563,2.108433734939759,4621,59.68,3.67,284,0.21,35,12772,0,-15055,2283,0,39076,0,53568,12919,105563,26304,0,68623,10636,105563,216512350,0,-254741050,38228700,0,658280650,0,902442350,217653350,1778376350,441768300,0,1157183400,179424650,1778376350
2020-01-02,17000,17200,16850,16900,102084,-0.2949852507374631,4621,59.51,3.66,284,0.21,35,-1691,-5156,23535,-16688,0,9402,300,83435,8947,102084,11093,5456,59900,25635,102084,-28496300,-87010600,398893550,-283386650,0,159467350,5085000,1418025300,152337200,1734914850,187963650,92095600,1019131750,435723850,1734914850
2020-01-03,16900,17000,16550,16750,138322,-0.8875739644970414,4621,58.98,3.62,284,0.21,35,-6364,-760,-8586,15710,0,26484,300,73063,38475,138322,32848,1060,81649,22765,138322,-104645050,-12574000,-143837900,261056950,0,441686100,4980000,1217499350,640427000,2304592450,546331150,17554000,1361337250,379370050,2304592450
2020-01-06,16600,16750,16150,16600,92747,-0.8955223880597015,4621,58.45,3.59,284,0.21,35,-21702,-4373,27973,-1898,0,4877,3170,66947,17753,92747,26579,7543,38974,19651,92747,-357480900,-71706900,461490600,-32302800,0,80569800,52370900,1105706150,293311100,1531957950,438050700,124077800,644215550,325613900,1531957950
2020-01-07,16550,17450,16550,17250,263135,3.91566265060241,4621,60.74,3.73,284,0.2,35,6459,14113,-22352,1780,0,72960,17592,121303,51280,263135,66501,3479,143655,49500,263135,115143800,243417200,-386934500,28373500,0,1259581400,303175550,2080630650,878882450,4522270050,1144437600,59758350,2467565150,850508950,4522270050
2020-01-08,17100,17850,16900,17000,299142,-1.4492753623188406,4621,59.86,3.68,284,0.21,35,7479,-2058,370,-5791,0,101269,0,136949,60924,299142,93790,2058,136579,66715,299142,145582950,-35943250,-14623550,-95016150,0,1754896900,0,2364553350,1052610400,5172060650,1609313950,35943250,2379176900,1147626550,5172060650
2020-01-09,17100,17550,16750,17000,289039,0.0,4621,59.86,3.68,284,0.21,35,-25506,-4163,79892,-50223,0,83628,0,175204,30207,289039,109134,4163,95312,80430,289039,-428730050,-71175350,1354100950,-854195550,0,1419880850,0,2976763750,513916100,4910560700,1848610900,71175350,1622662800,1368111650,4910560700
2020-01-10,17000,17450,17000,17350,246664,2.0588235294117645,4621,61.09,3.75,284,0.2,35,26856,-910,18749,-44695,0,76270,210,120335,49849,246664,49414,1120,101586,94544,246664,467533950,-15689900,320400950,-772245000,0,1318475350,3611000,2072811700,859911150,4254809200,850941400,19300900,1752410750,1632156150,4254809200
2020-01-13,17100,17650,16850,17650,276220,1.729106628242075,4621,62.15,3.82,284,0.2,35,51895,-1812,366,-50449,0,123659,1,128173,24387,276220,71764,1813,127807,74836,276220,910703300,-31504500,2995750,-882194550,0,2151945700,17500,2223202800,421683850,4796849850,1241242400,31522000,2220207050,1303878400,4796849850
2020-01-14,17550,17750,17150,17200,175414,-2.5495750708215295,4621,60.56,3.72,284,0.2,35,-23142,-574,7322,16394,0,30256,28,78661,66469,175414,53398,602,71339,50075,175414,-399329900,-9977700,125822100,283485500,0,525988400,485800,1364957250,1152934200,3044365650,925318300,10463500,1239135150,869448700,3044365650
2020-01-15,17150,17300,17000,17200,76861,0.0,4621,60.56,3.72,284,0.2,35,5767,-601,247,-5413,0,13280,0,44868,18713,76861,7513,601,44621,24126,76861,99100300,-10299400,3963500,-92764400,0,227606500,0,768274400,320663450,1316544350,128506200,10299400,764310900,413427850,1316544350
2020-01-16,17050,17100,16500,16850,205695,-2.0348837209302326,4621,59.33,3.65,284,0.21,35,-641,-5803,-19534,25978,0,40790,81,125359,39465,205695,41431,5884,144893,13487,205695,-12529100,-97169050,-325952700,435650850,0,684356150,1358750,2108305350,661964500,3455984750,696885250,98527800,2434258050,226313650,3455984750
2020-01-17,16850,16900,16550,16600,185138,-1.483679525222552,4621,58.45,3.59,284,0.21,35,-71014,-3837,21564,53287,0,31002,1921,92668,59547,185138,102016,5758,71104,6260,185138,-1182930200,-63718350,357656300,888992250,0,517143950,32081600,1544008650,993647600,3086881800,1700074150,95799950,1186352350,104655350,3086881800
2020-01-20,16700,16800,16550,16650,128142,0.30120481927710846,4621,58.63,3.6,284,0.21,35,-32682,-1605,16483,17804,0,21583,50,72007,34502,128142,54265,1655,55524,16698,128142,-543452750,-26793250,273150650,297095350,0,360528950,835000,1198898550,575661100,2135923600,903981700,27628250,925747900,278565750,2135923600
2020-01-21,16700,17200,16550,17000,195263,2.1021021021021022,4621,59.86,3.68,284,0.21,35,17204,788,-48895,30903,0,89059,1288,59598,45318,195263,71855,500,108493,14415,195263,297073450,13464500,-836289750,525751800,0,1518569250,21990000,1011129100,770656500,3322344850,1221495800,8525500,1847418850,244904700,3322344850
2020-01-22,17050,17050,16550,16750,89067,-1.4705882352941175,4621,58.98,3.62,284,0.21,35,-1479,-5950,9355,-1926,0,12276,0,66826,9965,89067,13755,5950,57471,11891,89067,-24070500,-99168400,155679300,-32440400,0,205203050,0,1116761200,166887550,1488851800,229273550,99168400,961081900,199327950,1488851800
2020-01-23,16700,16750,16200,16550,131242,-1.1940298507462688,4621,58.27,3.58,284,0.21,35,-15573,29,6769,8775,0,20285,30,86793,24134,131242,35858,1,80024,15359,131242,-256538700,479850,113066450,142992400,0,334905700,496500,1430045450,397690850,2163138500,591444400,16650,1316979000,254698450,2163138500
2020-01-28,16000,16300,15450,15950,178103,-3.625377643504532,4621,56.16,3.45,284,0.22,35,21600,-11586,-31661,21647,0,75520,4,59788,42791,178103,53920,11590,91449,21144,178103,346574250,-183322850,-502395150,339143750,0,1198830200,63950,942716000,675960450,2817570600,852255950,183386800,1445111150,336816700,2817570600
2020-01-29,16100,16800,15900,16200,160065,1.5673981191222568,4621,57.04,3.51,284,0.22,35,-18178,1033,32086,-14941,0,55326,1033,85199,18507,160065,73504,0,53113,33448,160065,-285488350,16723350,518503900,-249738900,0,909741000,16723350,1387830950,299554950,2613850250,1195229350,0,869327050,549293850,2613850250
2020-01-30,16200,16200,15700,15950,125007,-1.5432098765432098,4621,56.16,3.45,284,0.22,35,10856,1,-9817,-1040,0,64823,1,35023,25160,125007,53967,0,44840,26200,125007,176459700,15850,-159104650,-17370900,0,1029154350,15850,553483100,399127550,1981780850,852694650,0,712587750,416498450,1981780850
2020-01-31,15750,16200,15450,15800,156247,-0.9404388714733543,4621,55.63,3.42,284,0.22,35,11604,5,545,-12154,0,72981,5,58346,24915,156247,61377,0,57801,37069,156247,185227150,79250,7977450,-193283850,0,1154567950,79250,920142150,391657200,2466446550,969340800,0,912164700,584941050,2466446550
2020-02-03,15500,16100,15100,15900,142208,0.6329113924050633,4621,55.99,3.44,284,0.22,35,21906,-213,3602,-25295,0,79948,0,48924,13336,142208,58042,213,45322,38631,142208,355186100,-3367300,49987100,-401805900,0,1267105600,0,764412950,209438750,2240957300,911919500,3367300,714425850,611244650,2240957300
2020-02-04,16200,16800,15950,16750,164920,5.345911949685535,4621,58.98,3.62,284,0.21,35,75150,1937,-33207,-43880,0,112384,2854,40586,9096,164920,37234,917,73793,52976,164920,1239383850,31585650,-546079250,-724890250,0,1851217250,46720200,672498900,149420100,2719856450,611833400,15134550,1218578150,874310350,2719856450
2020-02-05,16750,16750,16200,16400,175350,-2.0895522388059704,4621,57.75,3.55,284,0.21,35,23543,5861,38914,-68318,0,84620,6361,76487,7882,175350,61077,500,37573,76200,175350,388006600,95534250,635789300,-1119330150,0,1385521700,103722650,1251180450,129110000,2869534800,997515100,8188400,615391150,1248440150,2869534800
2020-02-06,16400,16900,16300,16450,120397,0.3048780487804878,4621,57.92,3.56,284,0.21,35,-3419,8124,8560,-13265,0,54307,8606,39246,18238,120397,57726,482,30686,31503,120397,-53441550,133900400,139838000,-220296850,0,898157250,141863100,649237500,301060850,1990318700,951598800,7962700,509399500,521357700,1990318700
2020-02-07,16400,17250,16350,17250,228950,4.86322188449848,4621,60.74,3.73,284,0.2,35,59417,2550,-91815,29848,0,82507,3187,88140,55116,228950,23090,637,179955,25268,228950,1009626750,43537200,-1559034750,505870800,0,1400921800,54357300,1500585900,934058250,3889923250,391295050,10820100,3059620650,428187450,3889923250
2020-02-10,17350,17700,17100,17450,169674,1.1594202898550725,4621,61.44,3.78,284,0.2,35,-42278,-471,-11889,54638,0,41870,10,46887,80907,169674,84148,481,58776,26269,169674,-727527700,-8231150,-211677250,947436100,0,729375800,172500,812806700,1403298950,2945653950,1456903500,8403650,1024483950,455862850,2945653950
2020-02-11,17300,17550,16800,17500,244578,0.28653295128939826,4621,61.62,3.79,284,0.2,35,-40856,-113,-437,41406,0,84563,16,71936,88063,244578,125419,129,72373,46657,244578,-689743500,-1914550,-21472750,713130800,0,1460484200,272000,1228892050,1522544800,4212193050,2150227700,2186550,1250364800,809414000,4212193050
2020-02-12,17400,17550,17050,17450,174737,-0.2857142857142857,4621,61.44,3.78,284,0.2,35,-54691,0,45816,8875,0,52823,0,96287,25627,174737,107514,0,50471,16752,174737,-940175650,0,790512050,149663600,0,911415700,0,1664094850,441265450,3016776000,1851591350,0,873582800,291601850,3016776000
2020-02-13,17450,17450,16200,16750,485223,-4.011461318051576,4621,58.98,3.62,284,0.21,35,-107414,4602,113766,-10954,0,115836,5089,317304,46994,485223,223250,487,203538,57948,485223,-1774715800,76475850,1889994150,-191754200,0,1929645700,84601800,5275772550,779160850,8069180900,3704361500,8125950,3385778400,970915050,8069180900
2020-02-14,16900,17050,16250,17050,98321,1.791044776119403,4621,60.04,3.69,284,0.21,35,-23105,2658,-1036,21483,0,22411,3028,42479,30403,98321,45516,370,43515,8920,98321,-386653750,44407500,-19042300,361288550,0,376382300,50605000,713484650,512891400,1653363350,763036050,6197500,732526950,151602850,1653363350
2020-02-17,16950,17250,16700,16950,82842,-0.5865102639296188,4621,59.68,3.67,284,0.21,35,-19619,1018,-310,18911,0,15324,1056,43020,23442,82842,34943,38,43330,4531,82842,-331948850,17295650,-5768800,320422000,0,261132050,17942400,730830950,397946950,1407852350,593080900,646750,736599750,77524950,1407852350
2020-02-18,16950,17150,16650,16850,118389,-0.5899705014749262,4621,59.33,3.65,284,0.21,35,-13897,3350,-9218,19765,0,11892,3350,77610,25537,118389,25789,0,86828,5772,118389,-232808550,56052500,-154344650,331100700,0,200163950,56052500,1312141800,428505500,1996863750,432972500,0,1466486450,97404800,1996863750
2020-02-19,17400,18200,17300,18150,1096877,7.71513353115727,4621,63.91,3.93,284,0.19,35,116105,-16656,-155349,55900,0,182904,12836,643618,257519,1096877,66799,29492,798967,201619,1096877,2074140750,-298427350,-2768542350,992828950,0,3272698950,230188150,11515185550,4607939500,19626012150,1198558200,528615500,14283727900,3615110550,19626012150
2020-02-20,18300,18800,17550,17950,499424,-1.1019283746556474,4621,63.2,3.88,284,0.19,35,-30708,-137,-65955,96800,0,23420,1088,327628,147288,499424,54128,1225,393583,50488,499424,-545729600,-3168150,-1222028100,1770925850,0,423783300,19582600,5930590750,2685824850,9059781500,969512900,22750750,7152618850,914899000,9059781500
2020-02-21,17600,17950,17150,17250,220255,-3.8997214484679668,4621,60.74,3.73,284,0.2,35,-21016,9842,-13481,24655,0,8529,9842,127079,74805,220255,29545,0,140560,50150,220255,-365650000,171454300,-239621650,433817350,0,150240250,171454300,2227373700,1314448950,3863517200,515890250,0,2466995350,880631600,3863517200
2020-02-24,16850,17000,16450,16750,325676,-2.898550724637681,4621,58.98,3.62,284,0.21,35,73301,-5302,-68851,852,0,142065,2895,130051,50665,325676,68764,8197,198902,49813,325676,1239831050,-90068950,-1158367500,8605400,0,2388700300,48230400,2173273000,848412850,5458616550,1148869250,138299350,3331640500,839807450,5458616550
2020-02-25,16700,17000,16150,16950,746233,1.1940298507462688,4621,59.68,3.67,284,0.21,35,-204803,5401,275396,-75994,0,143571,16395,454853,131414,746233,348374,10994,179457,207408,746233,-3339975450,89045200,4494012000,-1243081750,0,2372806450,268004900,7467200400,2181606400,12289618150,5712781900,178959700,2973188400,3424688150,12289618150
2020-02-26,16650,17050,16250,16450,321220,-2.949852507374631,4621,57.92,3.56,284,0.21,35,-378,-6882,-9023,16283,0,105217,1325,162159,52519,321220,105595,8207,171182,36236,321220,-3216250,-113891700,-151037250,268145200,0,1746982100,21901650,2685205050,870103050,5324191850,1750198350,135793350,2836242300,601957850,5324191850
2020-02-27,16500,17000,15500,15850,336722,-3.64741641337386,4621,55.81,3.43,284,0.22,35,-59469,2598,32372,24499,0,71893,2598,189752,72479,336722,131362,0,157380,47980,336722,-943909450,43412150,519436050,381061250,0,1156907000,43412150,3052246950,1161476050,5414042150,2100816450,0,2532810900,780414800,5414042150
2020-02-28,15600,15750,14800,15000,304996,-5.3627760252365935,4621,52.82,3.25,284,0.23,35,-9937,-3869,-20576,34382,0,100499,6863,116403,81231,304996,110436,10732,136979,46849,304996,-140035900,-60620700,-314284150,514940750,0,1524550700,102659450,1774351550,1230878450,4632440150,1664586600,163280150,2088635700,715937700,4632440150
2020-03-02,15100,15500,14700,15200,224948,1.3333333333333335,4621,53.52,3.29,284,0.23,35,-38990,2633,39174,-2817,0,43944,2633,126394,51977,224948,82934,0,87220,54794,224948,-585125000,39579550,592228050,-46682600,0,663150350,39579550,1904202850,781637650,3388570400,1248275350,0,1311974800,828320250,3388570400
2020-03-03,15550,16000,15350,15450,204346,1.644736842105263,4621,54.4,3.34,284,0.23,35,62851,-551,10935,-73235,0,70012,4727,102289,27318,204346,7161,5278,91354,100553,204346,988700050,-8291350,167500400,-1147909100,0,1100748700,74469950,1600100750,428935400,3204254800,112048650,82761300,1432600350,1576844500,3204254800
2020-03-04,15450,15550,15100,15450,257390,0.0,4621,54.4,3.34,284,0.23,35,77365,951,45076,-123392,0,149032,1570,94836,11952,257390,71667,619,49760,135344,257390,1197606950,14673350,693791150,-1906071450,0,2302510450,24221600,1461398800,184265800,3972396650,1104903500,9548250,767607650,2090337250,3972396650
2020-03-05,15650,15700,15350,15450,235860,0.0,4621,54.4,3.34,284,0.23,35,127142,459,24664,-152265,0,148803,459,72706,13892,235860,21661,0,48042,166157,235860,1964724450,7091400,381088300,-2352904150,0,2298723250,7091400,1123352800,214645350,3643812800,333998800,0,742264500,2567549500,3643812800
2020-03-06,15250,15350,14800,14950,213128,-3.2362459546925564,4621,52.64,3.24,284,0.23,35,-34198,3065,23838,7295,0,56262,3065,120007,33794,213128,90460,0,96169,26499,213128,-508880300,45622800,356049900,107207600,0,840972850,45622800,1797079250,505875400,3189550300,1349853150,0,1441029350,398667800,3189550300
2020-03-09,14300,14400,13750,13750,485890,-8.02675585284281,4621,48.42,2.98,284,0.25,35,-37666,-7431,-146624,191721,0,135785,3311,139450,207344,485890,173451,10742,286074,15623,485890,-527024050,-102482550,-2052703300,2682209900,0,1904875300,46599850,1957213750,2902818850,6811507750,2431899350,149082400,4009917050,220608950,6811507750
2020-03-10,13500,13800,13150,13750,422894,0.0,4621,48.42,2.98,284,0.25,35,-47554,9679,15549,22326,0,87270,10224,176546,148854,422894,134824,545,160997,126528,422894,-637544800,131118200,213021500,293405100,0,1180105100,138494800,2384715750,2005130450,5708446100,1817649900,7376600,2171694250,1711725350,5708446100
2020-03-11,13800,14350,13300,13650,416321,-0.7272727272727273,4621,48.06,2.95,284,0.26,35,42345,-9538,-41946,9139,0,158632,400,194571,62718,416321,116287,9938,236517,53579,416321,589822400,-133914400,-567416450,111508450,0,2161618500,5665000,2682797300,849858850,5699939650,1571796100,139579400,3250213750,738350400,5699939650
2020-03-12,13400,13600,12100,12800,452289,-6.227106227106227,4621,45.07,2.77,284,0.27,35,29834,0,706,-30540,0,88945,0,212077,151267,452289,59111,0,211371,181807,452289,387907650,0,-1184350,-386723300,0,1145485550,0,2719977150,1922743100,5788205800,757577900,0,2721161500,2309466400,5788205800
2020-03-13,11000,12200,10000,11500,808786,-10.15625,4621,40.49,2.49,284,0.3,35,250303,8220,-120601,-137922,0,323315,8320,273716,203435,808786,73012,100,394317,341357,808786,2832840400,91958550,-1334920800,-1589878150,0,3646491100,93058550,3012461000,2236972850,8988983500,813650700,1100000,4347381800,3826851000,8988983500
2020-03-16,11850,11850,10350,10350,602796,-10.0,4621,36.44,2.24,284,0.34,35,25790,-1815,83820,-107795,0,195644,4215,299835,103102,602796,169854,6030,216015,210897,602796,284660400,-18796450,905696400,-1171560350,0,2109885500,45301550,3246673490,1116760400,6518620940,1825225100,64098000,2340977090,2288320750,6518620940
2020-03-17,9660,10250,9520,9710,514146,-6.183574879227053,4621,34.19,2.1,284,0.36,35,152252,-6646,51159,-196765,0,207863,86,203330,102867,514146,55611,6732,152171,299632,514146,1512588730,-65505050,510611120,-1957694800,0,2062552200,851400,2008594800,1011739120,5083737520,549963470,66356450,1497983680,2969433920,5083737520
2020-03-18,9900,11000,9810,10000,826137,2.9866117404737382,4621,35.21,2.16,284,0.35,35,-7349,338,-125544,132555,0,135765,1202,260543,428627,826137,143114,864,386087,296072,826137,-47972510,3526400,-1312671190,1357117300,0,1435546330,12981600,2688784870,4405707510,8543020310,1483518840,9455200,4001456060,3048590210,8543020310
2020-03-19,10500,10500,8400,8500,669016,-15.0,4621,29.93,1.84,284,0.41,35,187762,1734,41393,-230889,0,318089,1943,238669,110315,669016,130327,209,197276,341204,669016,1668095510,15562030,410744360,-2094401900,0,2820797000,17502570,2204345220,978697010,6021341800,1152701490,1940540,1793600860,3073098910,6021341800
2020-03-20,8800,9370,8510,9130,395115,7.411764705882352,4621,32.15,1.98,284,0.38,35,35441,2732,52848,-91021,0,84844,5387,245289,59595,395115,49403,2655,192441,150616,395115,331964180,24068380,463721330,-819753890,0,770717060,47673160,2189491630,529784980,3537666830,438752880,23604780,1725770300,1349538870,3537666830
2020-03-23,8500,8500,7750,8150,567862,-10.733844468784227,4621,28.7,1.76,284,0.43,35,74595,-1886,40228,-112937,0,206226,13625,187215,160796,567862,131631,15511,146987,273733,567862,608889740,-18197260,324451400,-915143880,0,1673447890,108278180,1511192040,1301473700,4594391810,1064558150,126475440,1186740640,2216617580,4594391810
2020-03-24,8680,9260,8440,8800,392792,7.975460122699387,4621,30.99,1.9,284,0.4,35,-29159,0,63837,-34678,0,120137,0,206087,66568,392792,149296,0,142250,101246,392792,-247571160,0,554702400,-307131240,0,1053712480,0,1806866470,580675220,3441254170,1301283640,0,1252164070,887806460,3441254170
2020-03-25,9500,10550,9380,10200,838938,15.909090909090908,4621,35.92,2.21,284,0.34,35,231395,-10295,3761,-224861,0,358486,2342,384220,93890,838938,127091,12637,380459,318751,838938,2338786470,-103711630,33777130,-2268851970,0,3613281960,22398530,3823911360,938316790,8397908640,1274495490,126110160,3790134230,3207168760,8397908640
2020-03-26,10750,11250,10400,10500,893968,2.941176470588235,4621,36.97,2.27,284,0.33,35,153234,9559,49274,-212067,0,384946,12751,439566,56705,893968,231712,3192,390292,268772,893968,1703127950,105520800,515850100,-2324498850,0,4230384850,140546550,4791405000,617296200,9779632600,2527256900,35025750,4275554900,2941795050,9779632600
2020-03-27,11200,11500,10250,10600,423687,0.9523809523809524,4621,37.32,2.29,284,0.33,35,79939,-2508,-27436,-49995,0,184660,24,203189,35814,423687,104721,2532,230625,85809,423687,879424000,-27704300,-318578750,-533140950,0,1997807350,249150,2186999900,385203750,4570260150,1118383350,27953450,2505578650,918344700,4570260150
2020-03-30,10250,10600,9950,10200,809649,-3.7735849056603774,4621,35.92,2.21,284,0.34,35,-169046,-897,291960,-122017,0,169480,43,538093,102033,809649,338526,940,246133,224050,809649,-1689020690,-9205090,2932044380,-1233818600,0,1712877240,428960,5426973300,1027835940,8168115440,3401897930,9634050,2494928920,2261654540,8168115440
2020-03-31,10350,10900,10200,10850,550220,6.372549019607843,4621,38.2,2.35,284,0.32,35,182751,14391,-92674,-104468,0,207996,14454,253225,74545,550220,25245,63,345899,179013,550220,1930376300,152244000,-978313850,-1104306450,0,2195722500,152899200,2649257700,779189000,5777068400,265346200,655200,3627571550,1883495450,5777068400
2020-04-01,10700,11800,10550,10700,560732,-1.3824884792626728,4621,37.68,2.32,284,0.33,35,142979,8503,-38589,-112893,0,194645,11230,274147,80710,560732,51666,2727,312736,193603,560732,1619062400,95702800,-429372650,-1285392550,0,2207916000,125863400,3051238250,892195150,6277212800,588853600,30160600,3480610900,2177587700,6277212800
2020-04-02,11000,11500,10450,11400,340332,6.5420560747663545,4621,40.14,2.47,284,0.31,35,64240,2887,-47076,-20051,0,136062,4000,170673,29597,340332,71822,1113,217749,49648,340332,724019450,31069550,-534664050,-220424950,0,1524641300,43493350,1888391750,330559250,3787085650,800621850,12423800,2423055800,550984200,3787085650
2020-04-03,11600,12200,11450,12000,349475,5.263157894736842,4621,42.25,2.6,284,0.29,35,52869,5889,-25845,-32913,0,97510,11100,225388,15477,349475,44641,5211,251233,48390,349475,629001650,69740800,-305907600,-392834850,0,1158087250,132056650,2679358500,183204250,4152706650,529085600,62315850,2985266100,576039100,4152706650
2020-04-06,12000,12300,11750,12250,209752,2.083333333333333,4621,43.13,2.65,284,0.29,35,-24713,-2000,30504,-3791,0,36851,200,154739,17962,209752,61564,2200,124235,21753,209752,-297211650,-24570000,367977850,-46196200,0,445591400,2370000,1865168450,216503800,2529633650,742803050,26940000,1497190600,262700000,2529633650
2020-04-07,12700,12800,11850,12150,255051,-0.8163265306122449,4621,42.78,2.63,284,0.29,35,-52683,-13891,60448,6126,0,8476,2995,216150,27430,255051,61159,16886,155702,21304,255051,-637240300,-169675800,731552600,75363500,0,102554300,36387650,2642361200,336214050,3117517200,739794600,206063450,1910808600,260850550,3117517200
2020-04-08,12100,12150,11600,11600,378950,-4.526748971193416,4621,40.85,2.51,284,0.3,35,-71494,8920,86965,-24391,0,44130,14500,295275,25045,378950,115624,5580,208310,49436,378950,-848240250,106451850,1031852050,-290063650,0,523768700,172300000,3506425850,297370450,4499865000,1372008950,65848150,2474573800,587434100,4499865000
2020-04-09,11850,12850,11750,12700,621796,9.482758620689655,4621,44.72,2.75,284,0.28,35,68049,17342,-206317,120926,0,135564,28988,295363,161881,621796,67515,11646,501680,40955,621796,812806100,216210050,-2530114500,1501098350,0,1665777400,356974950,3636049700,2000885950,7659688000,852971300,140764900,6166164200,499787600,7659688000
2020-04-10,12850,13050,12450,13050,444987,2.7559055118110236,4621,45.95,2.82,284,0.27,35,-1200,-470,-172591,174261,0,64078,4195,177296,199418,444987,65278,4665,349887,25157,444987,-4160850,-6585650,-2221664950,2232411450,0,831593800,53322250,2269921500,2555154300,5709991850,835754650,59907900,4491586450,322742850,5709991850
2020-04-13,12900,12900,11750,11750,820628,-9.961685823754788,4621,41.37,2.54,284,0.3,35,-300755,-27461,239762,88454,0,86116,2129,594121,138262,820628,386871,29590,354359,49808,820628,-3631810300,-334793900,2903924450,1062679750,0,1036142100,25710050,7197490050,1671920950,9931263150,4667952400,360503950,4293565600,609241200,9931263150
2020-04-14,12000,12200,11600,11900,411389,1.276595744680851,4621,41.9,2.58,284,0.29,35,-98767,-5171,54356,49582,0,47331,2310,276497,85251,411389,146098,7481,222141,35669,411389,-1164712150,-61854300,635809350,590757100,0,564760100,27373500,3275445350,1015030950,4882609900,1729472250,89227800,2639636000,424273850,4882609900
2020-04-16,11850,11850,11050,11300,744623,-5.042016806722689,4621,39.79,2.45,284,0.31,35,-98029,-18911,174882,-57942,0,113731,1500,479516,149876,744623,211760,20411,304634,207818,744623,-1091557550,-212932500,1964394150,-659904100,0,1288766450,17037500,5409440250,1690758550,8406002750,2380324000,229970000,3445046100,2350662650,8406002750
2020-04-17,11650,12300,11550,12300,704063,8.849557522123893,4621,43.31,2.66,284,0.28,35,-58728,17916,-20822,61634,0,125815,20444,410780,147024,704063,184543,2528,431602,85390,704063,-685422300,213599050,-270349500,742172750,0,1513851700,243591900,4884048850,1752942850,8394435300,2199274000,29992850,5154398350,1010770100,8394435300
2020-04-20,12300,12550,12000,12450,385021,1.2195121951219512,4621,43.84,2.69,284,0.28,35,60901,0,-33491,-27410,0,94788,0,226896,63337,385021,33887,0,260387,90747,385021,753937250,0,-413253800,-340683450,0,1170065900,0,2792924750,779712700,4742703350,416128650,0,3206178550,1120396150,4742703350
2020-04-21,12150,12300,11500,11900,467260,-4.417670682730924,4621,41.9,2.58,284,0.29,35,-108295,9285,85122,13888,0,29309,10100,339418,88433,467260,137604,815,254296,74545,467260,-1287187700,109642350,1014410350,163135000,0,350089000,119361350,4054782050,1057247600,5581480000,1637276700,9719000,3040371700,894112600,5581480000
2020-04-22,11600,12200,11450,12150,289386,2.100840336134454,4621,42.78,2.63,284,0.29,35,-38065,-9100,6460,40705,0,57237,0,175355,56794,289386,95302,9100,168895,16089,289386,-451191700,-110170000,74097850,487263850,0,690684300,0,2088831900,677613150,3457129350,1141876000,110170000,2014734050,190349300,3457129350
2020-04-23,12350,12450,11850,12200,423113,0.411522633744856,4621,42.96,2.64,284,0.29,35,-49452,130,48082,1240,0,93963,880,304320,23950,423113,143415,750,256238,22710,423113,-580395300,1446000,566810850,12138450,0,1136526250,10551000,3665963500,287792800,5100833550,1716921550,9105000,3099152650,275654350,5100833550
2020-04-24,12100,12150,11600,11700,347483,-4.098360655737705,4621,41.2,2.53,284,0.3,35,-102539,4865,99870,-2196,0,23335,8675,301030,14443,347483,125874,3810,201160,16639,347483,-1212969850,56547250,1182891000,-26468400,0,276963300,101886250,3567304550,171035650,4117189750,1489933150,45339000,2384413550,197504050,4117189750
2020-04-27,11800,12150,11600,12050,411903,2.9914529914529915,4621,42.43,2.61,284,0.29,35,-502,-8451,-4280,13233,0,113468,576,273993,23866,411903,113970,9027,278273,10633,411903,18844300,-101997850,-76240800,159394350,0,1365362750,6711500,3248863650,285950100,4906888000,1346518450,108709350,3325104450,126555750,4906888000
2020-04-28,11950,12300,11650,11700,510363,-2.904564315352697,4621,41.2,2.53,284,0.3,35,-114166,-4820,128673,-9687,0,61173,10056,390933,48201,510363,175339,14876,262260,57888,510363,-1350201450,-58344250,1527158800,-118613100,0,728908450,118203000,4653100450,574467250,6074679150,2079109900,176547250,3125941650,693080350,6074679150
2020-04-29,11850,12750,11700,12550,1232360,7.264957264957266,4621,44.19,2.72,284,0.28,35,-141926,-21943,85351,78518,0,292347,5414,771848,162751,1232360,434273,27357,686497,84233,1232360,-1795109650,-265921200,1062143600,998887250,0,3632403650,67664250,9537231500,2026935350,15264234750,5427513300,333585450,8475087900,1028048100,15264234750
2020-05-04,12000,12600,11950,12350,554556,-1.593625498007968,5759,11.98,2.14,1031,0.36,45,63991,16900,3942,-84833,0,147019,18030,347380,42127,554556,83028,1130,343438,126960,554556,804729500,207391200,38820300,-1050941000,0,1823969550,221363000,4258050400,515903450,6819286400,1019240050,13971800,4219230100,1566844450,6819286400
2020-05-06,12650,12750,12250,12500,461850,1.214574898785425,5759,12.12,2.17,1031,0.36,45,33510,-11020,42758,-65248,0,85576,0,345374,30900,461850,52066,11020,302616,96148,461850,420813650,-138950000,533753850,-815617500,0,1070563500,0,4316682100,387705900,5774951500,649749850,138950000,3782928250,1203323400,5774951500
2020-05-07,12550,12700,12200,12650,486458,1.2,5759,12.27,2.2,1031,0.36,45,77756,-4800,-73977,1021,0,139305,2850,280256,64047,486458,61549,7650,354233,63026,486458,978041400,-60380550,-925293400,7632550,0,1745826150,35807500,3485843550,795250150,6062727350,767784750,96188050,4411136950,787617600,6062727350
2020-05-08,12800,13000,12700,12900,398927,1.9762845849802373,5759,12.51,2.24,1031,0.35,45,35465,-4021,11598,-43042,0,52541,3205,316765,26416,398927,17076,7226,305167,69458,398927,457951400,-51338150,147134900,-553748150,0,677271200,41180250,4070781200,339601050,5128833700,219319800,92518400,3923646300,893349200,5128833700
2020-05-11,12950,13100,12450,12500,368457,-3.10077519379845,5759,12.12,2.17,1031,0.36,45,35844,-1428,1856,-36272,0,71886,612,275060,20899,368457,36042,2040,273204,57171,368457,454579350,-17826200,23966100,-460719250,0,909762450,7681800,3485127250,265735200,4668306700,455183100,25508000,3461161150,726454450,4668306700
2020-05-12,12450,12600,12150,12550,453878,0.4,5759,12.17,2.18,1031,0.36,45,12582,2264,24715,-39561,0,97082,3120,324241,29435,453878,84500,856,299526,68996,453878,164506400,27973200,295396750,-487876350,0,1204434100,38522000,3997655850,363989150,5604601100,1039927700,10548800,3702259100,851865500,5604601100
2020-05-13,12200,12650,12150,12550,222796,0.0,5759,12.17,2.18,1031,0.36,45,18929,-500,-14864,-3565,0,42996,1540,157662,20598,222796,24067,2040,172526,24163,222796,236668550,-6172200,-184974950,-45521400,0,537030700,19056800,1963934050,256023450,2776045000,300362150,25229000,2148909000,301544850,2776045000
2020-05-14,12300,13500,12150,13400,938412,6.772908366533864,5759,13.0,2.33,1031,0.34,45,7940,-14950,5086,1924,0,61444,10040,797836,69092,938412,53504,24990,792750,67168,938412,107097400,-192227550,57236800,27893350,0,782449350,129990000,10348599100,895848850,12156887300,675351950,322217550,10291362300,867955500,12156887300
2020-05-15,13450,13500,12350,12750,1220557,-4.850746268656716,5759,12.37,2.21,1031,0.35,45,-179040,-14331,203044,-9673,0,160621,1240,949367,109329,1220557,339661,15571,746323,119002,1220557,-2250888250,-184834650,2565014750,-129291850,0,2036455850,15704500,12050471450,1390276000,15492907800,4287344100,200539150,9485456700,1519567850,15492907800
2020-05-18,12750,12850,12350,12650,482658,-0.7843137254901961,5759,12.27,2.2,1031,0.36,45,-39662,-640,12935,27367,0,71300,600,367373,43385,482658,110962,1240,354438,16018,482658,-496230250,-8182100,157306600,347105750,0,900259350,7481000,4620710200,547971300,6076421850,1396489600,15663100,4463403600,200865550,6076421850
2020-05-19,13050,13250,12700,13050,840766,3.1620553359683794,5759,12.66,2.27,1031,0.34,45,-100947,6312,106140,-11505,0,98157,6772,667004,68833,840766,199104,460,560864,80338,840766,-1299767150,81885200,1367262150,-149380200,0,1276098050,87880200,8665792050,895479750,10925250050,2575865200,5995000,7298529900,1044859950,10925250050
2020-05-20,13050,13300,12850,13050,449034,0.0,5759,12.66,2.27,1031,0.34,45,-8762,-4917,21685,-8006,0,68273,5216,336278,39267,449034,77035,10133,314593,47273,449034,-111629850,-64341550,276615950,-100644550,0,898547700,68697100,4402176400,516350300,5885771500,1010177550,133038650,4125560450,616994850,5885771500
2020-05-21,13150,13250,12800,12800,449830,-1.9157088122605364,5759,12.42,2.22,1031,0.35,45,-35039,15207,15203,4629,0,65659,16190,341931,26050,449830,100698,983,326728,21421,449830,-453811650,196760000,198022850,59028800,0,853710000,209646500,4447369750,339545750,5850272000,1307521650,12886500,4249346900,280516950,5850272000
2020-05-22,12900,13700,12800,13550,950961,5.859375,5759,13.14,2.35,1031,0.33,45,192726,-4457,-226630,38361,0,264743,556,572586,113076,950961,72017,5013,799216,74715,950961,2587735850,-59368000,-3035830100,507462250,0,3546305400,7399950,7647286550,1508156450,12709148350,958569550,66767950,10683116650,1000694200,12709148350
2020-05-25,13850,14100,13300,13800,755581,1.8450184501845017,5759,13.39,2.4,1031,0.33,45,34309,10975,-35635,-9649,0,102309,12935,556518,83819,755581,68000,1960,592153,93468,755581,480215250,149136600,-485950750,-143401100,0,1412410950,176192600,7652218800,1142181450,10383003800,932195700,27056000,8138169550,1285582550,10383003800
2020-05-26,13800,13900,13650,13800,285505,0.0,5759,13.39,2.4,1031,0.33,45,20032,1136,-11214,-9954,0,32043,1722,231774,19966,285505,12011,586,242988,29920,285505,275692250,15585650,-154516500,-136761400,0,440440050,23638500,3183453800,274239600,3921771950,164747800,8052850,3337970300,411001000,3921771950
2020-05-27,13900,14500,13900,14250,758207,3.260869565217391,5759,13.82,2.47,1031,0.32,45,999,1301,22763,-25063,0,93176,2270,605834,56927,758207,92177,969,583071,81990,758207,13779250,18817750,325504800,-358101800,0,1327947150,32569000,8640304800,811433000,10812253950,1314167900,13751250,8314800000,1169534800,10812253950
2020-05-28,14550,14850,13500,13850,1074191,-2.807017543859649,5759,13.43,2.4,1031,0.32,45,-45918,4157,48212,-6451,0,38218,11000,771972,253001,1074191,84136,6843,723760,259452,1074191,-658015650,59708000,666056100,-67748450,0,544762750,158200000,11058246750,3609580750,15370790250,1202778400,98492000,10392190650,3677329200,15370790250
2020-05-29,13850,15000,13500,15000,713940,8.303249097472925,5759,14.55,2.6,1031,0.3,45,142513,2808,-302915,157594,0,227960,4000,289226,192754,713940,85447,1192,592141,35160,713940,2066923300,37919600,-4444948100,2340105200,0,3278589200,54700000,4107314300,2843710650,10284314150,1211665900,16780400,8552262400,503605450,10284314150
2020-06-01,14850,14850,14250,14650,657983,-2.3333333333333335,5759,14.21,2.54,1031,0.31,45,-22257,8788,30618,-17149,0,69929,9327,533908,44819,657983,92186,539,503290,61968,657983,-315631800,127495750,439496050,-251360000,0,1024471850,135385600,7771064450,653020050,9583941950,1340103650,7889850,7331568400,904380050,9583941950
2020-06-02,14650,14950,14400,14900,464994,1.7064846416382253,5759,14.45,2.59,1031,0.3,45,-19360,421,-64127,83066,0,45208,1029,324099,94658,464994,64568,608,388226,11592,464994,-279978150,6189250,-946458250,1220247150,0,669288050,15082500,4760625600,1390949000,6835945150,949266200,8893250,5707083850,170701850,6835945150
2020-06-03,14950,15100,14500,14500,660437,-2.684563758389262,5759,14.06,2.52,1031,0.31,45,-36097,22449,23329,-9681,0,104924,25000,485073,45440,660437,141021,2551,461744,55121,660437,-520726950,329034850,336640800,-144948700,0,1553736550,366250000,7160596800,672097600,9752680950,2074463500,37215150,6823956000,817046300,9752680950
2020-06-04,14550,14900,14350,14500,337118,0.0,5759,14.06,2.52,1031,0.31,45,-21090,561,25561,-5032,0,67822,900,237882,30514,337118,88912,339,212321,35546,337118,-301824600,8213500,366254400,-72643300,0,987798850,13180000,3460034800,444519550,4905533200,1289623450,4966500,3093780400,517162850,4905533200
2020-06-05,14600,14750,14300,14650,240975,1.0344827586206897,5759,14.21,2.54,1031,0.31,45,39718,-538,-35253,-3927,0,70021,600,152871,17483,240975,30303,1138,188124,21410,240975,581911450,-7821400,-516766950,-57323100,0,1021502750,8790000,2220373450,254542650,3505208850,439591300,16611400,2737140400,311865750,3505208850
2020-06-08,14800,14850,14400,14700,248686,0.3412969283276451,5759,14.26,2.55,1031,0.31,45,-2916,-33,640,2309,0,41858,279,177392,29157,248686,44774,312,176752,26848,248686,-40615800,-500450,7248300,33867950,0,613864450,4083700,2599127950,427018000,3644094100,654480250,4584150,2591879650,393150050,3644094100
2020-06-09,14700,15200,14550,14800,531617,0.6802721088435374,5759,14.35,2.57,1031,0.3,45,1832,772,-74500,71896,0,75001,1078,356869,98669,531617,73169,306,431369,26773,531617,28235550,11459150,-1107622650,1067927950,0,1111660400,16001150,5309437100,1468028200,7905126850,1083424850,4542000,6417059750,400100250,7905126850
2020-06-10,15000,15000,14450,14550,552616,-1.6891891891891893,5759,14.11,2.53,1031,0.31,45,20759,-10228,-15818,5287,0,152891,0,327407,72318,552616,132132,10228,343225,67031,552616,310936650,-150459250,-238012550,77535150,0,2244623300,0,4791687750,1060772150,8097083200,1933686650,150459250,5029700300,983237000,8097083200
2020-06-11,14600,14650,14200,14200,1044481,-2.405498281786942,5759,13.77,2.47,1031,0.32,45,263474,-1302,24124,-286296,0,645522,0,339804,59155,1044481,382048,1302,315680,345451,1044481,3750415450,-18703500,347484200,-4079196150,0,9233711500,0,4889196200,845256200,14968163900,5483296050,18703500,4541712000,4924452350,14968163900
2020-06-12,13000,13450,12700,13200,1221075,-7.042253521126761,5759,12.8,2.29,1031,0.34,45,-60532,6515,91156,-37139,0,294019,14321,764758,147977,1221075,354551,7806,673602,185116,1221075,-778868750,83914250,1173102950,-478148450,0,3886553950,186628250,10023995100,1949698800,16046876100,4665422700,102714000,8850892150,2427847250,16046876100
2020-06-15,13000,13000,11750,11750,938272,-10.984848484848484,5759,11.4,2.04,1031,0.38,45,17741,-968,19225,-35998,0,170599,1310,572289,194074,938272,152858,2278,553064,230072,938272,198244100,-11893800,267808100,-454158400,0,2106713050,16420000,7117776100,2404291850,11645201000,1908468950,28313800,6849968000,2858450250,11645201000
2020-06-16,12250,12650,12150,12650,379500,7.659574468085106,5759,12.27,2.2,1031,0.36,45,75851,-7662,-65881,-2308,0,113729,2400,187396,75975,379500,37878,10062,253277,78283,379500,950595650,-94944900,-827167850,-28482900,0,1422103700,29820000,2329925150,944599950,4726448800,471508050,124764900,3157093000,973082850,4726448800
2020-06-17,12600,13100,12300,12650,436093,0.0,5759,12.27,2.2,1031,0.36,45,72124,-2568,-35357,-34199,0,102856,232,267085,65920,436093,30732,2800,302442,100119,436093,916025600,-32583050,-448491850,-434950700,0,1306811300,2900800,3398596600,838829600,5547138300,390785700,35483850,3847088450,1273780300,5547138300
2020-06-18,12700,13000,12600,12900,283116,1.9762845849802373,5759,12.51,2.24,1031,0.35,45,37493,352,-21651,-16194,0,93354,440,157271,32051,283116,55861,88,178922,48245,283116,485004900,4536000,-279078650,-210462250,0,1203162050,5664000,2020901000,410857350,3640584400,718157150,1128000,2299979650,621319600,3640584400
2020-06-19,13000,13100,12450,12450,293161,-3.488372093023256,5759,12.08,2.16,1031,0.36,45,-50499,-7426,51948,5977,0,44362,320,222902,25577,293161,94861,7746,170954,19600,293161,-636206150,-93908150,659486650,70627650,0,562122550,4044000,2819546700,321194550,3706907800,1198328700,97952150,2160060050,250566900,3706907800
2020-06-22,12300,12400,12150,12250,292654,-1.6064257028112447,5759,11.88,2.13,1031,0.37,45,-68646,80,33592,34974,0,59698,80,178645,54231,292654,128344,0,145053,19257,292654,-837402700,982000,409186850,427233850,0,731380500,982000,2184649800,663427300,3580439600,1568783200,0,1775462950,236193450,3580439600
2020-06-23,12200,12450,11850,12000,409802,-2.0408163265306123,5759,11.64,2.08,1031,0.38,45,-112599,-2836,57988,57447,0,53699,244,258824,97035,409802,166298,3080,200836,39588,409802,-1351900600,-34540050,695042100,691398550,0,648591250,2934200,3124391100,1169520550,4945437100,2000491850,37474250,2429349000,478122000,4945437100
2020-06-24,12050,12300,11950,12100,220603,0.8333333333333334,5759,11.74,2.1,1031,0.37,45,5921,1974,-8403,508,0,81052,2216,122154,15181,220603,75131,242,130557,14673,220603,73962300,24056600,-103740850,5721950,0,986110400,26988700,1482488500,184272700,2679860300,912148100,2932100,1586229350,178550750,2679860300
2020-06-25,11750,12000,11500,11550,529569,-4.545454545454546,5759,11.2,2.01,1031,0.39,45,-201771,-547,127511,74807,0,65253,2424,350117,111775,529569,267024,2971,222606,36968,529569,-2344010200,-6384300,1477501200,872893300,0,760618200,28103100,4078901900,1305810450,6173433650,3104628400,34487400,2601400700,432917150,6173433650
2020-06-26,11800,11800,11300,11550,361623,0.0,5759,11.2,2.01,1031,0.39,45,-42361,-28511,29919,40953,0,62745,4120,225309,69449,361623,105106,32631,195390,28496,361623,-489959450,-328795400,348526850,470228000,0,728732700,47618000,2611718800,801800150,4189869650,1218692150,376413400,2263191950,331572150,4189869650
2020-06-29,11300,11400,10950,11100,490426,-3.896103896103896,5759,10.77,1.93,1031,0.41,45,-123415,7124,31575,84716,0,69530,9200,285611,126085,490426,192945,2076,254036,41369,490426,-1365058700,79142900,351133850,934781950,0,769767300,102132000,3174187700,1395285700,5441372700,2134826000,22989100,2823053850,460503750,5441372700
2020-06-30,11250,11850,11150,11400,461421,2.7027027027027026,5759,11.06,1.98,1031,0.39,45,-33170,-8122,25045,16247,0,64402,3386,293020,100613,461421,97572,11508,267975,84366,461421,-377103400,-93372300,295564150,174911550,0,741186550,39090300,3376074350,1147929150,5304280350,1118289950,132462600,3080510200,973017600,5304280350
2020-07-01,11550,11700,11200,11200,293049,-1.7543859649122806,5759,10.86,1.94,1031,0.4,45,-30582,-7202,32379,5405,0,77416,460,168742,46431,293049,107998,7662,136363,41026,293049,-343704700,-82346700,371395500,54655900,0,890335650,5273000,1930304950,527698900,3353612500,1234040350,87619700,1558909450,473043000,3353612500
2020-07-02,11350,12450,11350,11700,287959,4.464285714285714,5759,11.35,2.03,1031,0.38,45,33920,805,18437,-53162,0,87462,1620,169942,28935,287959,53542,815,151505,82097,287959,399372600,9199400,204897550,-613469550,0,1017491200,18632000,1968709000,337760300,3342592500,618118600,9432600,1763811450,951229850,3342592500
2020-07-03,11900,11900,11550,11750,129252,0.4273504273504274,5759,11.4,2.04,1031,0.38,45,26978,-587,-8866,-17525,0,50063,0,75698,3491,129252,23085,587,84564,21016,129252,316695300,-6848750,-103500250,-206346300,0,587696950,0,887922900,40718800,1516338650,271001650,6848750,991423150,247065100,1516338650
2020-07-06,11900,11900,11500,11600,227078,-1.276595744680851,5759,11.25,2.01,1031,0.39,45,-24666,-1525,47737,-21546,0,75145,105,143878,7950,227078,99811,1630,96141,29496,227078,-283267050,-17679450,553407850,-252461350,0,877278450,1214000,1675606450,92643350,2646742250,1160545500,18893450,1122198600,345104700,2646742250
2020-07-07,11650,11850,11400,11600,274580,0.0,5759,11.25,2.01,1031,0.39,45,5861,-1243,39576,-44194,0,83643,341,174805,15791,274580,77782,1584,135229,59985,274580,71560650,-14411500,455363200,-512512350,0,971439900,3917500,2029804700,183716300,3188878400,899879250,18329000,1574441500,696228650,3188878400
2020-07-08,11650,11850,11300,11500,270969,-0.8620689655172413,5759,11.15,2.0,1031,0.39,45,-56119,-2751,76449,-17579,0,62958,80,188809,19122,270969,119077,2831,112360,36701,270969,-638294000,-31668750,871469550,-201506800,0,721302000,916000,2160288700,220325300,3102832000,1359596000,32584750,1288819150,421832100,3102832000
2020-07-09,11450,11500,10900,10950,765874,-4.782608695652174,5759,10.62,1.9,1031,0.41,45,-230374,-37448,227804,40018,0,129615,14171,541319,80769,765874,359989,51619,313515,40751,765874,-2533076450,-412785000,2501151500,444709950,0,1432273500,155830500,5985779450,896987950,8470871400,3965349950,568615500,3484627950,452278000,8470871400
2020-07-10,10850,10900,10250,10400,658481,-5.0228310502283104,5759,10.09,1.81,1031,0.43,45,-186176,58367,87964,39845,0,101161,60086,406259,90975,658481,287337,1719,318295,51130,658481,-1938619700,619783400,917908050,400928250,0,1056054050,637899500,4250671400,943904450,6888529400,2994673750,18116100,3332763350,542976200,6888529400
2020-07-13,10600,10700,10400,10600,325967,1.9230769230769231,5759,10.28,1.84,1031,0.42,45,-13420,-71823,122962,-37719,0,52644,0,236963,36360,325967,66064,71823,114001,74079,325967,-142170750,-764160650,1305725150,-399393750,0,556279650,0,2513570600,384828350,3454678600,698450400,764160650,1207845450,784222100,3454678600
2020-07-14,10500,10900,10400,10900,269578,2.8301886792452833,5759,10.57,1.89,1031,0.41,45,-31478,-906,32313,71,0,73141,40,168962,27435,269578,104619,946,136649,27364,269578,-336677450,-9633200,349677900,-3367250,0,786748650,416000,1813476100,292305100,2892945850,1123426100,10049200,1463798200,295672350,2892945850
2020-07-15,10900,11400,10850,11150,440306,2.293577981651376,5759,10.81,1.94,1031,0.4,45,102961,73,-18748,-84286,0,179805,300,244092,16109,440306,76844,227,262840,100395,440306,1151288100,850400,-214840150,-937298350,0,2005343250,3371500,2719914050,180050450,4908679250,854055150,2521100,2934754200,1117348800,4908679250
2020-07-16,11300,11350,10750,10800,332281,-3.1390134529147984,5759,10.48,1.88,1031,0.42,45,-120244,1257,76754,42233,0,60806,1764,215131,54580,332281,181050,507,138377,12347,332281,-1307281300,14040450,837223550,456017300,0,670016150,19625650,2367604250,594039000,3651285050,1977297450,5585200,1530380700,138021700,3651285050
2020-07-17,10700,11150,10700,10950,156656,1.3888888888888888,5759,10.62,1.9,1031,0.41,45,9658,-152,-983,-8523,0,50359,80,91221,14996,156656,40701,232,92204,23519,156656,106143750,-1684500,-10808300,-93650950,0,549028500,860000,992934600,162856850,1705679950,442884750,2544500,1003742900,256507800,1705679950
2020-07-20,10950,10950,10700,10850,183421,-0.91324200913242,5759,10.52,1.88,1031,0.41,45,-30197,488,52006,-22297,0,71028,862,108311,3220,183421,101225,374,56305,25517,183421,-323713900,5229100,558953250,-240468450,0,765631800,9287000,1165794450,34724000,1975437250,1089345700,4057900,606841200,275192450,1975437250
2020-07-21,10850,10950,10700,10750,311944,-0.9216589861751152,5759,10.43,1.87,1031,0.42,45,-125783,578,103253,21952,0,58131,590,202886,50337,311944,183914,12,99633,28385,311944,-1353825950,6225800,1111232150,236368000,0,626633950,6357000,2185922250,542109700,3361022900,1980459900,131200,1074690100,305741700,3361022900
2020-07-22,10750,11050,10650,10850,266313,0.9302325581395349,5759,10.52,1.88,1031,0.41,45,-49206,4142,47478,-2414,0,61124,4965,175746,24478,266313,110330,823,128268,26892,266313,-530875200,44811500,510882500,-24818800,0,662848200,53708750,1902431450,265594650,2884583050,1193723400,8897250,1391548950,290413450,2884583050
2020-07-23,10850,10850,10500,10600,219346,-2.3041474654377883,5759,10.28,1.84,1031,0.42,45,-35070,-5060,53348,-13218,0,44537,895,161067,12847,219346,79607,5955,107719,26065,219346,-369569750,-53342700,563895750,-140983300,0,472686800,9479500,1706776700,136631150,2325574150,842256550,62822200,1142880950,277614450,2325574150
2020-07-24,10500,10500,10200,10300,449883,-2.8301886792452833,5759,9.99,1.79,1031,0.44,45,-187480,-709,102832,85357,0,71314,420,285760,92389,449883,258794,1129,182928,7032,449883,-1926709200,-7359700,1056261900,877807000,0,733381350,4311000,2939989500,950701700,4628383550,2660090550,11670700,1883727600,72894700,4628383550
2020-07-27,10300,11050,10300,10750,430100,4.368932038834951,5759,10.43,1.87,1031,0.42,45,128617,5770,-164998,30611,0,186743,6201,136820,100336,430100,58126,431,301818,69725,430100,1394033750,62524000,-1776948700,320390950,0,2022648050,67152850,1478209050,1076394900,4644404850,628614300,4628850,3255157750,756003950,4644404850
2020-07-28,10750,11150,10550,10950,329769,1.8604651162790697,5759,10.62,1.9,1031,0.41,45,74622,-106,-44806,-29710,0,118765,1120,177565,32319,329769,44143,1226,222371,62029,329769,818204350,-1415600,-488380350,-328408400,0,1298169200,12059000,1938565950,349664250,3598458400,479964850,13474600,2426946300,678072650,3598458400
2020-07-29,10800,11650,10700,11550,568767,5.47945205479452,5759,11.2,2.01,1031,0.39,45,205008,-2792,-162133,-40083,0,257650,2240,263442,45435,568767,52642,5032,425575,85518,568767,2320727300,-31982000,-1826628850,-462116450,0,2906177750,25482000,2981327850,504605350,6417592950,585450450,57464000,4807956700,966721800,6417592950
2020-07-30,11650,11800,11450,11700,300616,1.2987012987012987,5759,11.35,2.03,1031,0.38,45,60840,-223,-33272,-27345,0,80745,1490,199201,19180,300616,19905,1713,232473,46525,300616,708612700,-2503500,-388690950,-317418250,0,939868650,17297500,2317715350,223995700,3498877200,231255950,19801000,2706406300,541413950,3498877200
2020-07-31,11650,11700,11050,11150,296744,-4.700854700854701,5759,10.81,1.94,1031,0.4,45,-10893,657,91757,-81521,0,62040,660,220115,13929,296744,72933,3,128358,95450,296744,-118500350,7363200,1034891100,-923753950,0,702193800,7398000,2484814250,158880450,3353286500,820694150,34800,1449923150,1082634400,3353286500
2020-08-03,11000,11200,10800,11150,193044,0.0,5759,10.81,1.94,1031,0.4,45,-24455,2904,34196,-12645,0,37232,3324,142058,10430,193044,61687,420,107862,23075,193044,-266684850,32077450,373806800,-139199400,0,409785100,36624050,1559130650,114382900,2119922700,676469950,4546600,1185323850,253582300,2119922700
2020-08-04,11150,11300,11000,11050,139771,-0.8968609865470852,5759,10.72,1.92,1031,0.41,45,858,-1796,-3941,4879,0,10899,0,105556,23316,139771,10041,1796,109497,18437,139771,10323650,-20037000,-44284500,53997850,0,121693650,0,1173974300,259144400,1554812350,111370000,20037000,1218258800,205146550,1554812350
2020-08-05,11050,11150,10850,11000,142928,-0.4524886877828055,5759,10.67,1.91,1031,0.41,45,-26193,4706,6470,15017,0,11070,4706,100648,26504,142928,37263,0,94178,11487,142928,-287787450,51997300,70035150,165755000,0,122187100,51997300,1106537750,292233250,1572955400,409974550,0,1036502600,126478250,1572955400
2020-08-06,11000,11300,10900,10950,214612,-0.45454545454545453,5759,10.62,1.9,1031,0.41,45,-59377,6875,22647,29855,0,15796,7040,144593,47183,214612,75173,165,121946,17328,214612,-652549950,76100250,245326450,331123250,0,175271600,77956500,1599497850,524116650,2376842600,827821550,1856250,1354171400,192993400,2376842600
2020-08-07,11000,11250,10950,11050,129074,0.91324200913242,5759,10.72,1.92,1031,0.41,45,-25245,-1644,23867,3022,0,6688,2000,97689,22697,129074,31933,3644,73822,19675,129074,-278586350,-18380900,263668300,33298950,0,73859300,22075000,1080221050,250507400,1426662750,352445650,40455900,816552750,217208450,1426662750
2020-08-10,11050,11300,10850,11100,194140,0.4524886877828055,5759,10.77,1.93,1031,0.41,45,-34904,960,47664,-13720,0,28534,2290,143173,20143,194140,63438,1330,95509,33863,194140,-383996700,10475450,524319450,-150798200,0,315495650,25111000,1581069250,223739450,2145415350,699492350,14635550,1056749800,374537650,2145415350
2020-08-11,11450,13000,11300,12850,2086529,15.765765765765765,5759,12.46,2.23,1031,0.35,45,276909,354,-329419,52156,0,347990,7027,1550284,181228,2086529,71081,6673,1879703,129072,2086529,3419726050,4839350,-4036649700,612084300,0,4297027700,86827400,19244177200,2216558100,25844590400,877301650,81988050,23280826900,1604473800,25844590400
2020-08-12,12750,13100,12450,13050,785196,1.556420233463035,5759,12.66,2.27,1031,0.34,45,103179,637,-76281,-27535,0,152545,2983,567823,61845,785196,49366,2346,644104,89380,785196,1338861500,7925300,-992096300,-354690500,0,1967181050,38366500,7269186650,791397050,10066131250,628319550,30441200,8261282950,1146087550,10066131250
2020-08-13,12900,13100,12500,12750,489082,-2.2988505747126435,5759,12.37,2.21,1031,0.35,45,81645,516,-53689,-28472,0,189915,896,251733,46538,489082,108270,380,305422,75010,489082,1050868400,6635200,-689782800,-367720800,0,2437743500,11573200,3232662050,595214100,6277192850,1386875100,4938000,3922444850,962934900,6277192850
2020-08-14,12750,13450,12550,13400,585414,5.098039215686274,5759,13.0,2.33,1031,0.34,45,79453,-589,-65327,-13537,0,97235,140,426124,61915,585414,17782,729,491451,75452,585414,1039562200,-7748250,-836585350,-195228600,0,1271147350,1849000,5591386950,799340250,7663723550,231585150,9597250,6427972300,994568850,7663723550
2020-08-18,12900,12900,11500,11700,703142,-12.686567164179104,5759,11.35,2.03,1031,0.38,45,13871,41221,-64170,9078,0,67754,44181,507261,83946,703142,53883,2960,571431,74868,703142,164483100,512953150,-783079900,105643650,0,820926550,549463850,6172982600,1022245550,8565618550,656443450,36510700,6956062500,916601900,8565618550
2020-08-19,11900,12050,11450,11650,408911,-0.4273504273504274,5759,11.3,2.02,1031,0.39,45,-20491,259,4710,15522,0,75980,1379,271674,59878,408911,96471,1120,266964,44356,408911,-236621850,2843400,55609900,178168550,0,885010750,16050400,3170828650,697548050,4769437850,1121632600,13207000,3115218750,519379500,4769437850
2020-08-20,11550,11600,10800,10800,433591,-7.296137339055794,5759,10.48,1.88,1031,0.42,45,-18436,3130,13005,2301,0,48744,4730,301911,78206,433591,67180,1600,288906,75905,433591,-199797750,34773000,148570100,16454650,0,537409000,52453000,3334344100,859093250,4783299350,737206750,17680000,3185774000,842638600,4783299350
2020-08-21,11000,11500,10750,11300,296909,4.62962962962963,5759,10.96,1.96,1031,0.4,45,21874,-1871,-11997,-8006,0,81142,4000,163056,48711,296909,59268,5871,175053,56717,296909,247314400,-19632000,-134794000,-92888400,0,907703800,44975000,1815335700,538525700,3306540200,660389400,64607000,1950129700,631414100,3306540200
2020-08-24,11500,11500,11000,11300,265225,0.0,5759,10.96,1.96,1031,0.4,45,-61307,224,68060,-6977,0,82307,1080,153224,28614,265225,143614,856,85164,35591,265225,-687369000,2521000,766034200,-81186200,0,927645000,12165000,1725239300,321129050,2986178350,1615014000,9644000,959205100,402315250,2986178350
2020-08-25,11450,11700,11200,11600,365493,2.6548672566371683,5759,11.25,2.01,1031,0.39,45,-31800,-72,44465,-12593,0,68612,26,266828,30027,365493,100412,98,222363,42620,365493,-355250950,-827000,502754100,-146676150,0,787802100,302900,3050822900,341672750,4180600650,1143053050,1129900,2548068800,488348900,4180600650
2020-08-26,11500,11550,11050,11250,361139,-3.0172413793103448,5759,10.91,1.95,1031,0.4,45,-74809,-5555,75717,4647,0,77089,92,237416,46542,361139,151898,5647,161699,41895,361139,-834599700,-63001850,845066750,52534800,0,865128350,1033600,2663015200,522562950,4051740100,1699728050,64035450,1817948450,470028150,4051740100
2020-08-27,11200,11200,10750,10850,427113,-3.5555555555555554,5759,10.52,1.88,1031,0.41,45,-127577,1093,73671,52813,0,74522,1458,271056,80077,427113,202099,365,197385,27264,427113,-1385353700,12044200,797549500,575760000,0,813621300,16012450,2954317600,874321850,4658273200,2198975000,3968250,2156768100,298561850,4658273200
2020-08-28,10950,11200,10900,11100,386115,2.3041474654377883,5759,10.77,1.93,1031,0.41,45,-100326,-2756,-15078,118160,0,88979,744,148540,147852,386115,189305,3500,163618,29692,386115,-1106811250,-30416600,-169339050,1306566900,0,983153150,8258400,1639534550,1634521850,4265467950,2089964400,38675000,1808873600,327954950,4265467950
2020-08-31,11200,11750,11100,11650,533913,4.954954954954955,5759,11.3,2.02,1031,0.39,45,77341,-5100,-144559,72318,0,195095,100,201735,136983,533913,117754,5200,346294,64665,533913,903347800,-58081000,-1668128450,822861650,0,2256568350,1165000,2319760800,1572450300,6149944450,1353220550,59246000,3987889250,749588650,6149944450
2020-09-01,11550,11850,11400,11800,185871,1.2875536480686696,5759,11.45,2.05,1031,0.38,45,-19024,10,2612,16402,0,10308,90,122221,53252,185871,29332,80,119609,36850,185871,-221381150,91000,26968400,194321750,0,120204950,1031000,1419894500,622309000,2163439450,341586100,940000,1392926100,427987250,2163439450
2020-09-02,11850,12050,11650,12000,220671,1.694915254237288,5759,11.64,2.08,1031,0.38,45,-18671,-201,-18775,37647,0,16574,569,142653,60875,220671,35245,770,161428,23228,220671,-220327150,-2459400,-225253200,448039750,0,197168000,6748850,1694462550,723552700,2621932100,417495150,9208250,1919715750,275512950,2621932100
2020-09-03,12200,12850,12050,12250,525103,2.083333333333333,5759,11.88,2.13,1031,0.37,45,-47085,-1782,30667,18200,0,65420,5098,383243,71342,525103,112505,6880,352576,53142,525103,-580234250,-21054900,364182750,237106400,0,814198050,64914100,4770203050,896934250,6546249450,1394432300,85969000,4406020300,659827850,6546249450
2020-09-04,11800,12300,11450,12000,324929,-2.0408163265306123,5759,11.64,2.08,1031,0.38,45,17850,1120,-24507,5537,0,53662,1280,226313,43674,324929,35812,160,250820,38137,324929,217541350,12972000,-291656000,61142650,0,647059000,14912000,2703791300,521598850,3887361150,429517650,1940000,2995447300,460456200,3887361150
2020-09-07,11900,12500,11800,12400,295194,3.3333333333333335,5759,12.03,2.15,1031,0.36,45,1982,-4186,12832,-10628,0,84131,0,164186,46877,295194,82149,4186,151354,57505,295194,25652300,-50350850,150794700,-126096150,0,1026674450,0,2001623550,571540000,3599838000,1001022150,50350850,1850828850,697636150,3599838000
2020-09-08,12500,12600,12300,12500,266201,0.8064516129032258,5759,12.12,2.17,1031,0.36,45,46366,-1101,-53857,8592,0,102133,39,129578,34451,266201,55767,1140,183435,25859,266201,581180100,-13762550,-675995100,108577550,0,1275854400,489450,1611719200,430288650,3318351700,694674300,14252000,2287714300,321711100,3318351700
2020-09-09,12200,12550,11950,12350,306151,-1.2,5759,11.98,2.14,1031,0.36,45,68058,9914,-77897,-75,0,109266,10534,164556,21795,306151,41208,620,242453,21870,306151,839546450,121023200,-957789800,-2779850,0,1344712150,128593200,2009996150,265282350,3748583850,505165700,7570000,2967785950,268062200,3748583850
2020-09-10,12450,12900,12350,12650,454687,2.42914979757085,5759,12.27,2.2,1031,0.36,45,74267,974,-75869,628,0,125819,1094,296061,31713,454687,51552,120,371930,31085,454687,951268050,12465800,-973545900,9812050,0,1606536450,13999800,3767217200,404165800,5791919250,655268400,1534000,4740763100,394353750,5791919250
2020-09-11,12650,12950,12550,12800,244453,1.185770750988142,5759,12.42,2.22,1031,0.35,45,64150,2485,-71417,4782,0,74186,2575,142598,25094,244453,10036,90,214015,20312,244453,821611800,31626800,-913812250,60573650,0,949392800,32785050,1818509650,319742000,3120429500,127781000,1158250,2732321900,259168350,3120429500
2020-09-14,13000,13000,12750,12900,191305,0.78125,5759,12.51,2.24,1031,0.35,45,24216,104,-26946,2626,0,58320,148,115104,17733,191305,34104,44,142050,15107,191305,313001700,1340100,-347635650,33293850,0,750780500,1905500,1479485050,227641600,2459812650,437778800,565400,1827120700,194347750,2459812650
2020-09-15,12900,12950,12650,12700,178153,-1.550387596899225,5759,12.32,2.21,1031,0.35,45,2803,-31,-10927,8155,0,47458,0,114257,16438,178153,44655,31,125184,8283,178153,37371100,-398350,-141154750,104182000,0,608812500,0,1459363000,210212850,2278388350,571441400,398350,1600517750,106030850,2278388350
2020-09-16,12900,13750,12750,13300,780049,4.724409448818897,5759,12.9,2.31,1031,0.34,45,114170,91,-150079,35818,0,147924,620,556251,75254,780049,33754,529,706330,39436,780049,1521944700,1403600,-1999760600,476412300,0,1969262600,8320000,7445065950,1005831100,10428479650,447317900,6916400,9444826550,529418800,10428479650
2020-09-17,13250,14200,13150,14100,724799,6.015037593984962,5759,13.68,2.45,1031,0.32,45,77074,5840,-91949,9035,0,101027,8040,545242,70490,724799,23953,2200,637191,61455,724799,1064699900,79939150,-1258114150,113475100,0,1390930800,110899150,7529361700,961905450,9993097100,326230900,30960000,8787475850,848430350,9993097100
2020-09-18,14100,14350,13500,14100,490729,0.0,5759,13.68,2.45,1031,0.32,45,100021,-4764,-69486,-25771,0,115248,120,345248,30113,490729,15227,4884,414734,55884,490729,1403984100,-67454050,-976182350,-360347700,0,1616522850,1648000,4805889250,417645350,6841705450,212538750,69102050,5782071600,777993050,6841705450
2020-09-21,13900,14150,13200,13400,387463,-4.964539007092199,5759,13.0,2.33,1031,0.34,45,56994,-12964,-32589,-11441,0,91950,1200,255751,38562,387463,34956,14164,288340,50003,387463,784049250,-177433700,-443906250,-162709300,0,1261629000,16514000,3495609750,525082500,5298835250,477579750,193947700,3939516000,687791800,5298835250
2020-09-22,13350,13400,12600,12700,345746,-5.223880597014925,5759,12.32,2.21,1031,0.35,45,-15617,1840,13958,-181,0,44256,2840,246838,51812,345746,59873,1000,232880,51993,345746,-201793800,24048000,175121650,2624150,0,571057450,37198000,3187036650,675002650,4470294750,772851250,13150000,3011915000,672378500,4470294750
2020-09-23,13000,13800,12400,13700,551150,7.874015748031496,5759,13.29,2.38,1031,0.33,45,180024,-3698,-157144,-19182,0,219565,3836,283608,44141,551150,39541,7534,440752,63323,551150,2414016350,-50875350,-2100404150,-262736850,0,2945353950,50923200,3750121450,575620950,7322019550,531337600,101798550,5850525600,838357800,7322019550
2020-09-24,13900,14350,13400,13500,751577,-1.4598540145985401,5759,13.09,2.34,1031,0.33,45,105794,-12075,-59810,-33909,0,126388,2330,585817,37042,751577,20594,14405,645627,70951,751577,1462613950,-164602800,-823340900,-474670250,0,1747419300,32473950,8130142550,510217650,10420253450,284805350,197076750,8953483450,984887900,10420253450
2020-09-25,13750,14450,13200,14200,495409,5.185185185185185,5759,13.77,2.47,1031,0.32,45,179737,-18756,-160432,-549,0,229645,40,228223,37501,495409,49908,18796,388655,38050,495409,2532835850,-257644750,-2258341850,-16849250,0,3218803200,532000,3161289350,512377700,6893002250,685967350,258176750,5419631200,529226950,6893002250
2020-09-28,14150,14200,13850,14000,195941,-1.4084507042253522,5759,13.58,2.43,1031,0.32,45,28949,-391,-27394,-1164,0,38182,651,143578,13530,195941,9233,1042,170972,14694,195941,407532500,-5561500,-384233600,-17737400,0,536734100,9061550,2010689500,188181600,2744666750,129201600,14623050,2394923100,205919000,2744666750
2020-09-29,14150,14450,13850,14000,296176,0.0,5759,13.58,2.43,1031,0.32,45,-575,-21960,27049,-4514,0,40402,80,236111,19583,296176,40977,22040,209062,24097,296176,-2526150,-312715200,377239600,-61998250,0,570378200,1114000,3330239300,277451000,4179182500,572904350,313829200,2952999700,339449250,4179182500
2020-10-05,13950,14100,13700,13900,159530,-0.7142857142857143,5759,13.48,2.41,1031,0.32,45,7605,240,-9881,2036,0,44007,240,106251,9032,159530,36402,0,116132,6996,159530,108837000,3330000,-140564100,28397100,0,612322000,3330000,1470190450,125601250,2211443700,503485000,0,1610754550,97204150,2211443700
2020-10-06,14000,14000,13250,13350,262943,-3.9568345323741005,5759,12.95,2.32,1031,0.34,45,-58341,1370,54089,2882,0,8686,1620,236180,16457,262943,67027,250,182091,13575,262943,-788342450,18591500,734437750,35313200,0,117671300,21929000,3189334500,220986900,3549921700,906013750,3337500,2454896750,185673700,3549921700
2020-10-07,13250,13750,13200,13600,161256,1.8726591760299627,5759,13.19,2.36,1031,0.33,45,14482,-629,-26743,12890,0,55276,61,85077,20842,161256,40794,690,111820,7952,161256,200722650,-8443600,-364829200,172550150,0,748179450,817400,1141453600,279199800,2169650250,547456800,9261000,1506282800,106649650,2169650250
2020-10-08,13650,13950,13400,13750,205403,1.1029411764705883,5759,13.34,2.39,1031,0.33,45,45050,220,-50982,5712,0,84450,340,102230,18383,205403,39400,120,153212,12671,205403,623295850,3038000,-704896300,78562450,0,1164183900,4700000,1401920250,251926800,2822730950,540888050,1662000,2106816550,173364350,2822730950
2020-10-12,13800,14250,13800,14150,266694,2.909090909090909,5759,13.72,2.46,1031,0.32,45,114848,35,-115498,615,0,146997,3115,95267,21315,266694,32149,3080,210765,20700,266694,1623052750,430250,-1629928400,6445400,0,2074417800,43827250,1337448100,298535800,3754228950,451365050,43397000,2967376500,292090400,3754228950
2020-10-13,14150,14950,14000,14650,506555,3.53356890459364,5759,14.21,2.54,1031,0.31,45,239058,-14667,-230459,6068,0,283834,5331,194147,23243,506555,44776,19998,424606,17175,506555,3509573650,-213209750,-3384258600,87894700,0,4160856750,79040750,2820734950,337159450,7397791900,651283100,292250500,6204993550,249264750,7397791900
2020-10-14,14650,14850,14250,14300,208365,-2.3890784982935154,5759,13.87,2.48,1031,0.31,45,12584,-4225,8659,-17018,0,53646,120,143561,11038,208365,41062,4345,134902,28056,208365,186956700,-62090200,124224900,-249091400,0,784985300,1730000,2088971350,160082450,3035769100,598028600,63820200,1964746450,409173850,3035769100
2020-10-15,14350,14350,13800,14100,152271,-1.3986013986013985,5759,13.68,2.45,1031,0.32,45,724,755,3017,-4496,0,26771,1348,111664,12488,152271,26047,593,108647,16984,152271,12495250,10450400,40220000,-63165650,0,375710150,18841350,1562684850,175276100,2132512450,363214900,8390950,1522464850,238441750,2132512450
2020-10-16,13950,14100,13250,13600,252724,-3.546099290780142,5759,13.19,2.36,1031,0.33,45,-457,-373,-20811,21641,0,68668,260,147622,36174,252724,69125,633,168433,14533,252724,-542900,-5200200,-285574700,291317800,0,942197750,3569000,2015630900,489883000,3451280650,942740650,8769200,2301205600,198565200,3451280650
2020-10-19,13750,14700,13450,14350,265595,5.514705882352941,5759,13.92,2.49,1031,0.31,45,119324,-4071,-113538,-1715,0,149013,1505,95373,19704,265595,29689,5576,208911,21419,265595,1706021850,-57001700,-1624258250,-24761900,0,2130216800,21826300,1354836450,278886300,3785765850,424194950,78828000,2979094700,303648200,3785765850
2020-10-20,14150,14600,14100,14300,170241,-0.34843205574912894,5759,13.87,2.48,1031,0.31,45,49774,-8261,-31330,-10183,0,67005,1080,95381,6775,170241,17231,9341,126711,16958,170241,717590850,-118741500,-451892500,-146956850,0,965019600,15385750,1369343500,96842650,2446591500,247428750,134127250,1821236000,243799500,2446591500
2020-10-21,14300,14800,14300,14800,190578,3.4965034965034967,5759,14.35,2.57,1031,0.3,45,83127,-1848,-69704,-11575,0,96010,1232,88841,4495,190578,12883,3080,158545,16070,190578,1227098400,-27355600,-1029077250,-170665550,0,1416080600,18070400,1306653300,65646900,2806451200,188982200,45426000,2335730550,236312450,2806451200
2020-10-22,14650,14900,14350,14800,160203,0.0,5759,14.35,2.57,1031,0.3,45,43192,-2001,-57942,16751,0,50777,140,85356,23930,160203,7585,2141,143298,7179,160203,643423150,-28965600,-860985500,246527950,0,754598950,2061000,1257517350,351939600,2366116900,111175800,31026600,2118502850,105411650,2366116900
2020-10-23,14950,14950,14200,14550,289366,-1.6891891891891893,5759,14.11,2.53,1031,0.31,45,56735,-15787,-9363,-31585,0,88937,120,184227,16082,289366,32202,15907,193590,47667,289366,831701450,-230540750,-138589600,-462571100,0,1300813550,1730000,2677270150,233104850,4212918550,469112100,232270750,2815859750,695675950,4212918550
2020-10-26,14550,14650,13650,13950,194191,-4.123711340206185,5759,13.53,2.42,1031,0.32,45,-32610,-81,29762,2929,0,42631,240,129820,21500,194191,75241,321,100058,18571,194191,-450556250,-1292550,413831350,38017450,0,597444300,3378000,1829544950,301227200,2731594450,1048000550,4670550,1415713600,263209750,2731594450
2020-10-27,13750,14050,13250,13300,207349,-4.659498207885305,5759,12.9,2.31,1031,0.34,45,-40682,-2108,58748,-15958,0,27017,160,167724,12448,207349,67699,2268,108976,28406,207349,-548676750,-29035000,795759050,-218047300,0,370023150,2158000,2281241550,169406000,2822828700,918699900,31193000,1485482500,387453300,2822828700
2020-10-28,13150,13500,13100,13500,176630,1.5037593984962405,5759,13.09,2.34,1031,0.33,45,-33311,-201,28478,5034,0,30374,40,134014,12202,176630,63685,241,105536,7168,176630,-444430850,-2717350,379703750,67444450,0,406176000,526000,1789965200,163234600,2359901800,850606850,3243350,1410261450,95790150,2359901800
2020-10-29,12950,13150,12700,12750,305009,-5.555555555555555,5759,12.37,2.21,1031,0.35,45,-78046,-3853,97745,-15846,0,36526,1160,240521,26802,305009,114572,5013,142776,42648,305009,-1000688200,-49609850,1254635750,-204337700,0,470580850,14812000,3093163100,346454700,3925010650,1471269050,64421850,1838527350,550792400,3925010650
2020-10-30,12800,13100,12600,12900,209188,1.1764705882352942,5759,12.51,2.24,1031,0.35,45,27737,0,-16690,-11047,0,89903,80,108872,10333,209188,62166,80,125562,21380,209188,360800750,-24000,-219002000,-141774750,0,1159321750,1014000,1398151850,132947150,2691434750,798521000,1038000,1617153850,274721900,2691434750
2020-11-02,13050,13300,12800,13150,100378,1.937984496124031,5759,12.75,2.28,1031,0.34,45,17301,-520,-6557,-10224,0,29106,0,62007,9265,100378,11805,520,68564,19489,100378,229966650,-6722000,-91613200,-131631450,0,382648050,0,802220200,120775350,1305643600,152681400,6722000,893833400,252406800,1305643600
2020-11-03,13200,13350,13100,13300,124489,1.1406844106463878,5759,12.9,2.31,1031,0.34,45,-10484,600,9852,32,0,22991,1000,80658,19840,124489,33475,400,70806,19808,124489,-138745050,8010000,130300200,434850,0,304715150,13300000,1067779850,262186050,1647981050,443460200,5290000,937479650,261751200,1647981050
2020-11-04,13450,13450,12800,12950,178093,-2.631578947368421,5759,12.56,2.25,1031,0.35,45,-65056,80,71606,-6630,0,30857,80,139224,7932,178093,95913,0,67618,14562,178093,-843490450,1036000,930830100,-88375650,0,401801300,1036000,1812119700,103221850,2318178850,1245291750,0,881289600,191597500,2318178850
2020-11-05,12950,13150,12750,13000,251015,0.3861003861003861,5759,12.61,2.26,1031,0.35,45,-69242,1047,86874,-18679,0,46094,1092,184903,18926,251015,115336,45,98029,37605,251015,-893951350,13651600,1121857150,-241557400,0,597328000,14238600,2393672450,246010350,3251249400,1491279350,587000,1271815300,487567750,3251249400
2020-11-06,13000,13050,12150,12350,497444,-5.0,5759,11.98,2.14,1031,0.36,45,-144101,1700,140019,2382,0,53020,2900,379508,62016,497444,197121,1200,239489,59634,497444,-1790235000,21063600,1748896150,20275250,0,658396750,35896200,4737477950,771160100,6202931000,2448631750,14832600,2988581800,750884850,6202931000
2020-11-09,12450,12850,12300,12750,227700,3.2388663967611335,5759,12.37,2.21,1031,0.35,45,29857,-1157,-30572,1872,0,82458,0,121368,23874,227700,52601,1157,151940,22002,227700,381328450,-14275100,-389464800,22411450,0,1048321000,0,1530358400,299827700,2878507100,666992550,14275100,1919823200,277416250,2878507100
2020-11-10,13300,14000,13200,13550,765484,6.2745098039215685,5759,13.14,2.35,1031,0.33,45,66954,5762,-208849,136133,0,211998,6097,343987,203402,765484,145044,335,552836,67269,765484,924301150,78655050,-2875555500,1872599300,0,2907598000,83176550,4667118250,2787268400,10445161200,1983296850,4521500,7542673750,914669100,10445161200
2020-11-11,13450,14100,13300,13900,304009,2.5830258302583027,5759,13.48,2.41,1031,0.32,45,43582,-2532,-88087,47037,0,102834,514,107653,93008,304009,59252,3046,195740,45971,304009,596889650,-34905950,-1221092450,659108750,0,1413473100,6955250,1478943550,1290269300,4189641200,816583450,41861200,2700036000,631160550,4189641200
2020-11-12,13850,14250,13700,13950,193889,0.3597122302158274,5759,13.53,2.42,1031,0.32,45,2329,-404,-19356,17431,0,59157,728,84261,49743,193889,56828,1132,103617,32312,193889,33890350,-5590650,-272507400,244207700,0,826207300,10222300,1175601850,694289950,2706321400,792316950,15812950,1448109250,450082250,2706321400
2020-11-13,13800,14000,13600,13600,210831,-2.5089605734767026,5759,13.19,2.36,1031,0.33,45,-26188,-2242,28525,-95,0,60176,758,136261,13636,210831,86364,3000,107736,13731,210831,-357331950,-30868800,389737500,-1536750,0,829795550,10532750,1873978650,187603950,2901910900,1187127500,41401550,1484241150,189140700,2901910900
2020-11-16,14000,14350,13750,14250,278779,4.779411764705882,5759,13.82,2.47,1031,0.32,45,84582,-141,-85642,1201,0,150366,47,112940,15426,278779,65784,188,198582,14225,278779,1203329400,-1992650,-1217903600,16566850,0,2129167250,673750,1587395500,216563500,3933800000,925837850,2666400,2805299100,199996650,3933800000
2020-11-17,14250,14800,14000,14600,299526,2.456140350877193,5759,14.16,2.54,1031,0.31,45,117280,-5509,-111018,-753,0,159200,3183,108673,28470,299526,41920,8692,219691,29223,299526,1724379000,-81094900,-1634376100,-8908000,0,2330965850,46324150,1573204600,414633100,4365127700,606586850,127419050,3207580700,423541100,4365127700
2020-11-18,14650,14900,14350,14750,255791,1.0273972602739725,5759,14.31,2.56,1031,0.31,45,61921,-6496,-43604,-11821,0,138683,740,106399,9969,255791,76762,7236,150003,21790,255791,913371600,-96451600,-645589700,-171330300,0,2034078650,10901000,1560395900,146733200,3752108750,1120707050,107352600,2205985600,318063500,3752108750
2020-11-19,14700,14800,14450,14450,154288,-2.0338983050847457,5759,14.02,2.51,1031,0.31,45,22969,-833,-5076,-17060,0,62991,40,87491,3766,154288,40022,873,92567,20826,154288,337537950,-12338400,-77236250,-247963300,0,921748600,582000,1274225550,55061050,2251617200,584210650,12920400,1351461800,303024350,2251617200
2020-11-20,14450,15750,14450,15650,757757,8.304498269896193,5759,15.18,2.72,1031,0.29,45,207175,-19968,-230948,43741,0,374138,5796,296457,81366,757757,166963,25764,527405,37625,757757,3162336800,-297557600,-3522869400,658090200,0,5713536000,89719400,4543608350,1234172350,11581036100,2551199200,387277000,8066477750,576082150,11581036100
2020-11-23,15450,15600,14800,14850,306351,-5.111821086261981,5759,14.4,2.58,1031,0.3,45,-56400,-3938,103874,-43536,0,42309,676,252819,10547,306351,98709,4614,148945,54083,306351,-851181750,-59708200,1573305850,-662415900,0,638041950,10348600,3832016500,158375350,4638782400,1489223700,70056800,2258710650,820791250,4638782400
2020-11-24,14850,15050,14650,14850,189728,0.0,5759,14.4,2.58,1031,0.3,45,-6697,997,29418,-23718,0,40131,1000,137632,10965,189728,46828,3,108214,34683,189728,-96850650,14855700,433166450,-351171500,0,598059600,14900000,2042065500,163211700,2818236800,694910250,44300,1608899050,514383200,2818236800
2020-11-25,14800,14900,14200,14550,247219,-2.0202020202020203,5759,14.11,2.53,1031,0.31,45,-41040,3599,41215,-3774,0,51679,3760,170028,21752,247219,92719,161,128813,25526,247219,-590527750,51476250,600071650,-61020150,0,746653550,53776000,2462333950,311730700,3574494200,1337181300,2299750,1862262300,372750850,3574494200
2020-11-26,14250,14400,13950,14150,297352,-2.7491408934707904,5759,13.72,2.46,1031,0.32,45,-68782,-279,106692,-37631,0,65936,680,214752,15984,297352,134718,959,108060,53615,297352,-963674000,-4050000,1497271050,-529547050,0,931297200,9606000,3023641950,225818000,4190363150,1894971200,13656000,1526370900,755365050,4190363150
2020-11-27,14100,14450,13900,14050,210129,-0.7067137809187279,5759,13.63,2.44,1031,0.32,45,-39022,-1000,30013,10009,0,47270,40,142291,20528,210129,86292,1040,112278,10519,210129,-546172450,-14164000,421454850,138881600,0,669886750,560000,2007982800,288976600,2967406150,1216059200,14724000,1586527950,150095000,2967406150
2020-11-30,14050,14150,13850,14100,111540,0.3558718861209964,5759,13.68,2.45,1031,0.32,45,-36343,-76,37644,-1225,0,21112,40,73354,17034,111540,57455,116,35710,18259,111540,-505878150,-1064200,524203750,-17261400,0,296504950,554000,1024134900,238165450,1559359300,802383100,1618200,499931150,255426850,1559359300
2020-12-01,14200,14400,14000,14100,184947,0.0,5759,13.68,2.45,1031,0.32,45,-58994,2729,38905,17360,0,45075,2866,109132,27874,184947,104069,137,70227,10514,184947,-829241100,38614950,543684750,246941400,0,638689600,40563500,1541452250,395846500,2616551850,1467930700,1948550,997767500,148905100,2616551850
2020-12-02,14100,14100,13550,13650,381774,-3.1914893617021276,5759,13.24,2.37,1031,0.33,45,-175173,-3040,156191,22022,0,58192,2234,280365,40983,381774,233365,5274,124174,18961,381774,-2407893600,-41151200,2148019900,301024900,0,802467450,30991250,3863418400,563204600,5260081700,3210361050,72142450,1715398500,262179700,5260081700
2020-12-03,13750,14050,13700,13750,200735,0.7326007326007326,5759,13.34,2.39,1031,0.33,45,-63192,2883,52972,7337,0,34376,3705,129253,33401,200735,97568,822,76281,26064,200735,-871233100,39892700,729532500,101807900,0,476663750,51261400,1788149700,464214750,2780289600,1347896850,11368700,1058617200,362406850,2780289600
2020-12-04,13850,13900,13500,13550,184272,-1.4545454545454546,5759,13.14,2.35,1031,0.33,45,-26130,3983,16391,5756,0,26649,4983,137495,15145,184272,52779,1000,121104,9389,184272,-352984800,54295300,221250150,77439350,0,364375050,68045300,1873324300,205888700,2511633350,717359850,13750000,1652074150,128449350,2511633350
2020-12-07,13550,13550,13050,13200,231937,-2.5830258302583027,5759,12.8,2.29,1031,0.34,45,-129169,3515,124222,1432,0,6864,3515,206739,14819,231937,136033,0,82517,13387,231937,-1699476600,46273400,1636544200,16659000,0,90366700,46273400,2726106500,195079750,3057826350,1789843300,0,1089562300,178420750,3057826350
2020-12-08,13250,13600,13200,13450,153069,1.893939393939394,5759,13.05,2.34,1031,0.33,45,-42801,-392,19501,23692,0,11331,188,95862,45688,153069,54132,580,76361,21996,153069,-569676400,-5289500,257763150,317202750,0,151401200,2486500,1279671650,611340250,2044899600,721077600,7776000,1021908500,294137500,2044899600
2020-12-09,13700,14050,13500,13950,230840,3.717472118959108,5759,13.53,2.42,1031,0.32,45,-16536,-816,25117,-7765,0,43940,304,170405,16191,230840,60476,1120,145288,23956,230840,-227409000,-10967350,349196200,-110819850,0,611497600,4190650,2360875050,221123350,3197686650,838906600,15158000,2011678850,331943200,3197686650
2020-12-10,13900,13950,13600,13800,180606,-1.0752688172043012,5759,13.39,2.4,1031,0.33,45,-42175,-210,63248,-20863,0,55523,1140,119947,3996,180606,97698,1350,56699,24859,180606,-574820000,-2916000,865691100,-287955100,0,764413300,15614000,1643967800,54822800,2478817900,1339233300,18530000,778276700,342777900,2478817900
2020-12-11,13850,13950,13450,13600,198702,-1.4492753623188406,5759,13.19,2.36,1031,0.33,45,-82014,1076,74234,6704,0,19283,1830,160769,16820,198702,101297,754,86535,10116,198702,-1119764500,14429000,1014064050,91271450,0,263714600,24819500,2196177850,229204450,2713916400,1383479100,10390500,1182113800,137933000,2713916400
2020-12-14,13450,13550,13300,13500,114408,-0.7352941176470588,5759,13.09,2.34,1031,0.33,45,-30087,-760,35788,-4941,0,6395,540,101274,6199,114408,36482,1300,65486,11140,114408,-403901900,-10268000,480620350,-66450450,0,85978950,7232000,1359277100,83178800,1535666850,489880850,17500000,878656750,149629250,1535666850
2020-12-15,13500,14300,13300,14150,283188,4.814814814814815,5759,13.72,2.46,1031,0.32,45,94120,1601,-124470,28749,0,123064,1901,114480,43743,283188,28944,300,238950,14994,283188,1334932250,22928250,-1756691300,398830800,0,1726253400,27089250,1578971350,605113000,3937427000,391321150,4161000,3335662650,206282200,3937427000
2020-12-16,14150,14400,13900,14400,180391,1.76678445229682,5759,13.97,2.5,1031,0.31,45,35748,2424,-29629,-8543,0,48004,4365,122234,5788,180391,12256,1941,151863,14331,180391,511556400,34792800,-423836200,-122513000,0,686183250,62473000,1740616900,81451600,2570724750,174626850,27680200,2164453100,203964600,2570724750
2020-12-17,14300,14350,13850,13900,165853,-3.4722222222222223,5759,13.48,2.41,1031,0.32,45,-67054,9,50019,17026,0,13299,80,126211,26263,165853,80353,71,76192,9237,165853,-933437000,112900,696613800,236710300,0,185735650,1114000,1764348700,366572950,2317771300,1119172650,1001100,1067734900,129862650,2317771300
2020-12-18,13850,13900,13550,13750,175177,-1.079136690647482,5759,13.34,2.39,1031,0.33,45,-20882,-3121,5661,18342,0,22125,93,123662,29297,175177,43007,3214,118001,10955,175177,-286776100,-42884750,78090200,251570650,0,303498250,1272050,1695546900,402124800,2402442000,590274350,44156800,1617456700,150554150,2402442000
2020-12-21,13750,13750,13400,13700,93695,-0.36363636363636365,5759,13.29,2.38,1031,0.33,45,-19549,-1924,20600,873,0,14723,40,72262,6670,93695,34272,1964,51662,5797,93695,-264448450,-26154900,279245550,11357800,0,200224900,538000,980361200,90239750,1271363850,464673350,26692900,701115650,78881950,1271363850
2020-12-22,13550,13950,13350,13500,213266,-1.4598540145985401,5759,13.09,2.34,1031,0.33,45,20236,7879,-35260,7145,0,61689,10080,122386,19111,213266,41453,2201,157646,11966,213266,285515800,109493400,-491243050,96233850,0,847092050,139366650,1671098650,260146150,2917703500,561576250,29873250,2162341700,163912300,2917703500
2020-12-23,13650,13850,13300,13600,149852,0.7407407407407408,5759,13.19,2.36,1031,0.33,45,-1690,-265,-452,2407,0,42045,40,93983,13784,149852,43735,305,94435,11377,149852,-19709700,-3659750,-8084550,31454000,0,574559800,532000,1277537750,186223850,2038853400,594269500,4191750,1285622300,154769850,2038853400
2020-12-24,13650,13850,13500,13600,146752,0.0,5759,13.19,2.36,1031,0.33,45,-12588,1753,1751,9084,0,18582,1913,100415,25842,146752,31170,160,98664,16758,146752,-172487250,24016100,22646450,125824700,0,255074550,26208100,1376103400,355061600,2012447650,427561800,2192000,1353456950,229236900,2012447650
2020-12-28,13650,13650,13350,13500,128216,-0.7352941176470588,5759,13.09,2.34,1031,0.33,45,-582,40,1694,-1152,0,32848,40,88880,6448,128216,33430,0,87186,7600,128216,-6647500,538000,21262900,-15153400,0,442636150,538000,1193992050,87272750,1724438950,449283650,0,1172729150,102426150,1724438950
2020-12-29,13450,13800,13350,13800,137224,2.2222222222222223,5759,13.39,2.4,1031,0.33,45,-11184,-9606,9399,11391,0,25762,0,91903,19559,137224,36946,9606,82504,8168,137224,-150023550,-130540050,125542350,155021250,0,352705350,0,1251228950,265852100,1869786400,502728900,130540050,1125686600,110830850,1869786400
2020-12-30,13800,14400,13600,14200,293849,2.898550724637681,5759,13.77,2.47,1031,0.32,45,20458,-2926,-10479,-7053,0,50235,0,226233,17381,293849,29777,2926,236712,24434,293849,293575200,-41561250,-152964700,-99049250,0,713911750,0,3204302000,246685300,4164899050,420336550,41561250,3357266700,345734550,4164899050
2021-01-04,14050,14100,13750,14000,171311,-1.4084507042253522,5759,13.58,2.43,1031,0.32,45,-65220,4326,59656,1238,0,20450,4580,135898,10383,171311,85670,254,76242,9145,171311,-904723900,59952100,827492100,17279700,0,284376100,63489000,1886378550,144484950,2378728600,1189100000,3536900,1058886450,127205250,2378728600
2021-01-05,13900,13900,13600,13800,205247,-1.4285714285714286,5759,13.39,2.4,1031,0.33,45,-25499,-3627,1198,27928,0,28836,101,113666,62644,205247,54335,3728,112468,34716,205247,-350060200,-49707000,16876800,382890400,0,396377450,1381800,1559779050,858882450,2816420750,746437650,51088800,1542902250,475992050,2816420750
2021-01-06,13950,14150,13450,13550,430110,-1.8115942028985508,5759,13.14,2.35,1031,0.33,45,-167366,-732,134682,33416,0,35341,1197,276158,117414,430110,202707,1929,141476,83998,430110,-2281950050,-9944200,1824986600,466907650,0,485634550,16227750,3766821100,1618335450,5887018850,2767584600,26171950,1941834500,1151427800,5887018850
2021-01-07,13600,14000,13400,13500,408648,-0.36900369003690037,5759,13.09,2.34,1031,0.33,45,-87753,-448,90787,-2586,0,78333,80,281772,48463,408648,166086,528,190985,51049,408648,-1190029300,-6145700,1233187900,-37012900,0,1079506550,1082000,3847293450,662249850,5590131850,2269535850,7227700,2614105550,699262750,5590131850
2021-01-08,13500,13550,13100,13250,516171,-1.8518518518518516,5759,12.85,2.3,1031,0.34,45,-276634,-3344,294816,-14838,0,26362,1080,426603,62126,516171,302996,4424,131787,76964,516171,-3666614800,-44343750,3911827450,-200868900,0,349076050,14333000,5661317550,822882050,6847608650,4015690850,58676750,1749490100,1023750950,6847608650
2021-01-11,13150,13150,12600,12750,558389,-3.7735849056603774,5759,12.37,2.21,1031,0.35,45,-148099,-544,128536,20107,0,65963,1193,407765,83468,558389,214062,1737,279229,63361,558389,-1896791700,-6844050,1647600700,256035050,0,844993950,15203050,5230385200,1071298250,7161880450,2741785650,22047100,3582784500,815263200,7161880450
2021-01-12,12800,13650,12700,13550,708879,6.2745098039215685,5759,13.14,2.35,1031,0.33,45,98701,8064,-171104,64339,0,183239,8504,306984,210152,708879,84538,440,478088,145813,708879,1323704400,108438350,-2288353950,856211200,0,2454383650,114336350,4107759250,2806395050,9482874300,1130679250,5898000,6396113200,1950183850,9482874300
2021-01-13,13550,13900,13450,13750,387829,1.4760147601476015,5759,13.34,2.39,1031,0.33,45,100997,-4376,-81435,-15186,0,166005,978,159267,61579,387829,65008,5354,240702,76765,387829,1397599100,-59919150,-1128240050,-209439900,0,2287894950,13558150,2181993350,843654750,5327101200,890295850,73477300,3310233400,1053094650,5327101200
2021-01-14,13800,14350,13700,14250,449009,3.6363636363636362,5759,13.82,2.47,1031,0.32,45,124690,4265,-129161,206,0,193264,4400,187887,63458,449009,68574,135,317048,63252,449009,1755690350,60850500,-1821479400,4938550,0,2723324150,62750000,2654509850,893492200,6334076200,967633800,1899500,4475989250,888553650,6334076200
2021-01-15,14250,14450,13550,13600,291895,-4.56140350877193,5759,13.19,2.36,1031,0.33,45,-15100,-880,19657,-3677,0,32398,160,198424,60913,291895,47498,1040,178767,64590,291895,-205586550,-12568000,264477150,-46322600,0,451383200,2206000,2741413250,846493100,4041495550,656969750,14774000,2476936100,892815700,4041495550
2021-01-18,13450,13950,13150,13300,255998,-2.2058823529411766,5759,12.9,2.31,1031,0.34,45,-27584,-1548,70179,-41047,0,63071,532,181783,10612,255998,90655,2080,111604,51659,255998,-362939200,-21698800,937635800,-552997800,0,847936850,7211200,2443042800,142336800,3440527650,1210876050,28910000,1505407000,695334600,3440527650
2021-01-19,13450,13550,13250,13400,182517,0.7518796992481203,5759,13.0,2.33,1031,0.34,45,-34443,-4633,28277,10799,0,44329,2867,112857,22464,182517,78772,7500,84580,11665,182517,-458546450,-61616600,375134300,145028750,0,593826650,38462100,1507989300,301215600,2441493650,1052373100,100078700,1132855000,156186850,2441493650
2021-01-20,13450,13550,13200,13400,234482,0.0,5759,13.0,2.33,1031,0.34,45,-37873,1075,4295,32503,0,64388,1075,114472,54547,234482,102261,0,110177,22044,234482,-503755100,14305000,53575600,435874500,0,865025250,14305000,1531058200,731644100,3142032550,1368780350,0,1477482600,295769600,3142032550
2021-01-21,13550,13700,13300,13500,308019,0.7462686567164178,5759,13.09,2.34,1031,0.33,45,-23979,-240,26615,-2396,0,119241,140,172853,15785,308019,143220,380,146238,18181,308019,-314045300,-3270000,349557550,-32242250,0,1618045550,1887000,2335044600,213811300,4168788450,1932090850,5157000,1985487050,246053550,4168788450
2021-01-22,13400,13500,13150,13300,452035,-1.4814814814814816,5759,12.9,2.31,1031,0.34,45,-285136,18365,274082,-7311,0,38517,18565,359603,35350,452035,323653,200,85521,42661,452035,-3771597550,243158700,3624868150,-96429300,0,511371900,245818700,4759273400,468832750,5985296750,4282969450,2660000,1134405250,565262050,5985296750
2021-01-25,13250,13550,13150,13550,180666,1.8796992481203008,5759,13.14,2.35,1031,0.33,45,6630,-540,-22313,16223,0,39550,0,114779,26337,180666,32920,540,137092,10114,180666,90891950,-7240000,-301155450,217503500,0,531587950,0,1534377550,352775400,2418740900,440696000,7240000,1835533000,135271900,2418740900
2021-01-26,13500,13550,13300,13350,140649,-1.4760147601476015,5759,12.95,2.32,1031,0.34,45,-28898,370,41971,-13443,0,8595,381,118251,13422,140649,37493,11,76280,26865,140649,-386785700,4958550,561765100,-179937950,0,115105650,5105400,1583353000,179793200,1883357250,501891350,146850,1021587900,359731150,1883357250
2021-01-27,13550,13650,13100,13150,302249,-1.4981273408239701,5759,12.75,2.28,1031,0.34,45,-112124,3319,118987,-10182,0,27563,10330,240255,24101,302249,139687,7011,121268,34283,302249,-1481714200,42813400,1574167600,-135266800,0,366174800,136223150,3190597600,322056700,4015052250,1847889000,93409750,1616430000,457323500,4015052250
2021-01-28,13000,13150,12850,12950,160570,-1.520912547528517,5759,12.56,2.25,1031,0.35,45,-43953,4107,54741,-14895,0,12756,4151,128071,15592,160570,56709,44,73330,30487,160570,-566793900,52882650,707362750,-193451500,0,165835550,53452450,1658686050,202340650,2080314700,732629450,569800,951323300,395792150,2080314700
2021-01-29,12950,13200,12700,12950,218625,0.0,5759,12.56,2.25,1031,0.35,45,28429,2155,-27446,-3138,0,79999,3989,109807,24830,218625,51570,1834,137253,27968,218625,371620050,27736050,-356937050,-42419050,0,1037809650,51464600,1418947900,320468400,2828690550,666189600,23728550,1775884950,362887450,2828690550
2021-02-01,12900,13000,12550,12600,300932,-2.7027027027027026,5759,12.22,2.19,1031,0.36,45,-65253,602,67541,-2890,0,20706,988,251684,27554,300932,85959,386,184143,30444,300932,-823139500,7624000,852509100,-36993600,0,264122550,12500600,3190131650,349586300,3816341100,1087262050,4876600,2337622550,386579900,3816341100
2021-02-02,12600,12900,12550,12650,199014,0.3968253968253968,5759,12.27,2.2,1031,0.36,45,-34821,4753,16021,14047,0,51175,4859,112814,30166,199014,85996,106,96793,16119,199014,-440578400,60553400,200100400,179924600,0,653882800,61894300,1431347400,384401600,2531526100,1094461200,1340900,1231247000,204477000,2531526100
2021-02-03,12700,12900,12650,12650,142922,0.0,5759,12.27,2.2,1031,0.36,45,-66867,5503,62129,-765,0,12666,5609,100066,24581,142922,79533,106,37937,25346,142922,-850190850,69892250,789408450,-9109850,0,161351250,71249050,1272447450,313375800,1818423550,1011542100,1356800,483039000,322485650,1818423550
2021-02-04,12700,12750,12200,12350,267560,-2.371541501976284,5759,11.98,2.14,1031,0.36,45,-110537,-11916,142312,-19859,0,17875,1192,224695,23798,267560,128412,13108,82383,43657,267560,-1367762450,-148448300,1765981950,-249771200,0,221033700,14774300,2786475850,294456300,3316740150,1588796150,163222600,1020493900,544227500,3316740150
2021-02-05,12400,13000,12300,12900,210517,4.4534412955465585,5759,12.51,2.24,1031,0.35,45,26146,-429,-22449,-3268,0,81546,39,110362,18570,210517,55400,468,132811,21838,210517,349959200,-5383600,-299157250,-45418350,0,1042799400,483600,1387322950,232902800,2663508750,692840200,5867200,1686480200,278321150,2663508750
2021-02-08,12850,13550,12600,13400,375696,3.875968992248062,5759,13.0,2.33,1031,0.34,45,102247,352,-122550,19951,0,176198,574,159151,39773,375696,73951,222,281701,19822,375696,1374885650,4530100,-1641177750,261762000,0,2330504850,7474700,2081081700,522589400,4941650650,955619200,2944600,3722259450,260827400,4941650650
2021-02-09,13300,13500,13150,13350,210243,-0.3731343283582089,5759,12.95,2.32,1031,0.34,45,46300,-616,-36534,-9150,0,90915,540,113002,5786,210243,44615,1156,149536,14936,210243,620620650,-8312600,-490260750,-122047300,0,1214167800,7126000,1506232450,77144900,2804671150,593547150,15438600,1996493200,199192200,2804671150
2021-02-10,13450,13550,13200,13300,157968,-0.37453183520599254,5759,12.9,2.31,1031,0.34,45,7155,-988,-15328,9161,0,62674,129,75714,19451,157968,55519,1117,91042,10290,157968,98052200,-13189800,-206681600,121819200,0,838072300,1722150,1008311950,259188650,2107295050,740020100,14911950,1214993550,137369450,2107295050
2021-02-15,13450,13550,13250,13350,159390,0.37593984962406013,5759,12.95,2.32,1031,0.34,45,-56928,-743,66112,-8441,0,15648,375,140925,2442,159390,72576,1118,74813,10883,159390,-758061000,-10030850,880928250,-112836400,0,208886700,5006250,1879631950,32645300,2126170200,966947700,15037100,998703700,145481700,2126170200
2021-02-16,13400,13500,13000,13150,171973,-1.4981273408239701,5759,12.75,2.28,1031,0.34,45,-93492,587,87663,5242,0,13338,587,145047,13001,171973,106830,0,57384,7759,171973,-1225233550,7689700,1149980850,67563000,0,176442650,7689700,1910351700,170031750,2264515800,1401676200,0,760370850,102468750,2264515800
2021-02-17,13100,13950,12900,13800,566010,4.942965779467681,5759,13.39,2.4,1031,0.33,45,19829,11140,-135255,104286,0,118943,11347,297481,138239,566010,99114,207,432736,33953,566010,286483200,151219200,-1848461600,1410759200,0,1623673850,154019450,4038427800,1869332550,7685453650,1337190650,2800250,5886889400,458573350,7685453650
2021-02-18,14100,15600,14000,15150,2411014,9.782608695652174,5759,14.69,2.63,1031,0.3,45,223686,-3638,-468487,248439,0,344990,7297,1557876,500851,2411014,121304,10935,2026363,252412,2411014,3364628100,-52780750,-7008377900,3696530550,0,5184952900,110224250,23322273250,7500641000,36118091400,1820324800,163005000,30330651150,3804110450,36118091400
2021-02-19,15000,15050,14200,14450,718433,-4.62046204620462,5759,14.02,2.51,1031,0.31,45,15506,-4350,102507,-113663,0,98869,2156,574561,42847,718433,83363,6506,472054,156510,718433,228964300,-63472900,1495204050,-1660695450,0,1439682700,31456950,8370980850,624818650,10466939150,1210718400,94929850,6875776800,2285514100,10466939150
2021-02-22,14500,14650,14100,14250,388305,-1.384083044982699,5759,13.82,2.47,1031,0.32,45,6952,-544,-36408,30000,0,53732,903,236806,96864,388305,46780,1447,273214,66864,388305,100548450,-7989950,-530138150,437579650,0,776875900,12973200,3411353450,1402338400,5603540950,676327450,20963150,3941491600,964758750,5603540950
2021-02-23,14200,15400,14200,15050,887575,5.614035087719298,5759,14.6,2.61,1031,0.3,45,267535,-3134,-237474,-26927,0,326507,5940,433295,121833,887575,58972,9074,670769,148760,887575,4047185800,-44788700,-3564745700,-437651400,0,4930744950,90719000,6481195900,1803300850,13305960700,883559150,135507700,10045941600,2240952250,13305960700
2021-02-24,15150,15450,14450,14600,568210,-2.990033222591362,5759,14.16,2.54,1031,0.31,45,150000,-6612,-84140,-59248,0,202636,290,307963,57321,568210,52636,6902,392103,116569,568210,2256038250,-99972100,-1255254100,-900812050,0,3042630800,4289000,4625607400,857438400,8529965600,786592550,104261100,5880861500,1758250450,8529965600
2021-02-25,15000,15100,14500,14950,278916,2.3972602739726026,5759,14.5,2.6,1031,0.3,45,37059,1281,-5927,-32413,0,82902,1371,179799,14844,278916,45843,90,185726,47257,278916,552736950,18906900,-87870350,-483773500,0,1233136350,20256400,2660118400,219275950,4132787100,680399400,1349500,2747988750,703049450,4132787100
2021-02-26,14550,15450,14150,15450,577790,3.3444816053511706,5759,14.99,2.68,1031,0.29,45,95594,876,-52063,-44407,0,169891,2850,340387,64662,577790,74297,1974,392450,109069,577790,1466509900,12397900,-804599200,-674308600,0,2561074250,42237900,5086512450,969540550,8659365150,1094564350,29840000,5891111650,1643849150,8659365150
2021-03-02,15400,16150,15300,15650,577918,1.2944983818770228,5759,15.18,2.72,1031,0.29,45,87751,1675,-72116,-17310,0,108626,3582,394288,71422,577918,20875,1907,466404,88732,577918,1392989650,25626650,-1130721350,-287894950,0,1723295500,55748400,6246624150,1126700700,9152368750,330305850,30121750,7377345500,1414595650,9152368750
2021-03-03,15750,16950,15500,16250,926700,3.8338658146964857,5759,15.76,2.82,1031,0.28,45,196076,9850,-193582,-12344,0,306419,10539,488456,121286,926700,110343,689,682038,133630,926700,3253576600,165295650,-3217201100,-201671150,0,5080891550,176633250,8081800500,2006405600,15345730900,1827314950,11337600,11299001600,2208076750,15345730900
2021-03-04,16100,16400,15550,16050,383473,-1.2307692307692308,5759,15.57,2.79,1031,0.28,45,-37746,12167,37629,-12050,0,71744,12247,240989,58493,383473,109490,80,203360,70543,383473,-597989350,196471100,601222350,-199704100,0,1143154450,197769100,3846745400,937965500,6125634450,1741143800,1298000,3245523050,1137669600,6125634450
2021-03-05,15700,16400,15300,16350,372435,1.8691588785046727,5759,15.86,2.84,1031,0.28,45,42326,-597,-33727,-8002,0,119435,3060,190431,59509,372435,77109,3657,224158,67511,372435,686075350,-10689000,-545023700,-130362650,0,1898551500,47514300,3011797650,945449200,5903312650,1212476150,58203300,3556821350,1075811850,5903312650
2021-03-08,16300,17250,16150,16600,358824,1.529051987767584,5759,16.1,2.88,1031,0.27,45,72175,3335,-68841,-6669,0,136777,4235,179702,38110,358824,64602,900,248543,44779,358824,1219764350,57293850,-1172132900,-104925300,0,2294282750,72137850,3003099000,642987800,6012507400,1074518400,14844000,4175231900,747913100,6012507400
2021-03-09,16800,17250,16400,16450,342442,-0.9036144578313252,5759,15.96,2.86,1031,0.27,45,105672,-290,-88340,-17042,0,152282,520,157241,32399,342442,46610,810,245581,49441,342442,1794258250,-4814100,-1495649050,-293795100,0,2578983150,8865400,2648319200,543154850,5779322600,784724900,13679500,4143968250,836949950,5779322600
2021-03-10,16500,17350,16300,16650,446851,1.21580547112462,5759,16.15,2.89,1031,0.27,45,118259,-914,-51367,-65978,0,191519,160,195403,59769,446851,73260,1074,246770,125747,446851,2020587550,-15707150,-878338350,-1126542050,0,3262658200,2648000,3313176050,1014926800,7593409050,1242070650,18355150,4191514400,2141468850,7593409050
2021-03-11,17050,17150,15950,17000,492234,2.1021021021021022,5759,16.49,2.95,1031,0.26,45,82264,4255,-28297,-58222,0,205449,4495,226505,55785,492234,123185,240,254802,114007,492234,1388995150,72216450,-474684700,-986526900,0,3447218500,76248450,3784688900,930370600,8238526450,2058223350,4032000,4259373600,1916897500,8238526450
2021-03-12,17000,17000,16350,16600,343041,-2.3529411764705883,5759,16.1,2.88,1031,0.27,45,98716,-94,-54769,-43853,0,154315,80,154487,34159,343041,55599,174,209256,78012,343041,1640029750,-1555700,-909081950,-729392100,0,2561279750,1324000,2562144950,564907200,5689655900,921250000,2879700,3471226900,1294299300,5689655900
2021-03-15,16650,18200,15750,15950,1061257,-3.91566265060241,5759,15.47,2.77,1031,0.28,45,-19351,-440,146112,-126321,0,108441,28785,850107,73924,1061257,127792,29225,703995,200245,1061257,-306602500,15973000,2468259000,-2177629500,0,1748296700,484869250,14260542500,1218097500,17711805950,2054899200,468896250,11792283500,3395727000,17711805950
2021-03-16,15850,16400,15800,16400,248651,2.8213166144200628,5759,15.91,2.85,1031,0.27,45,63910,3867,-95006,27229,0,81903,4047,108596,54105,248651,17993,180,203602,26876,248651,1041540850,62582550,-1541925800,437802400,0,1333496250,65501550,1753131350,873378950,4025508100,291955400,2919000,3295057150,435576550,4025508100
2021-03-17,16550,16800,16250,16750,205295,2.1341463414634148,5759,16.25,2.91,1031,0.27,45,54790,-612,-41134,-13044,0,78753,800,109773,15969,205295,23963,1412,150907,29013,205295,911505350,-9855600,-684369900,-217279850,0,1307240050,13240000,1811012250,263129850,3394622150,395734700,23095600,2495382150,480409700,3394622150
2021-03-18,16800,17050,16500,16600,240762,-0.8955223880597015,5759,16.1,2.88,1031,0.27,45,8056,-649,-22071,14664,0,101998,100,91088,47576,240762,93942,749,113159,32912,240762,139157450,-10799100,-374425300,246066950,0,1706153950,1685000,1524157700,797061800,4029058450,1566996500,12484100,1898583000,550994850,4029058450
2021-03-19,16450,16750,16050,16150,299599,-2.710843373493976,5759,15.66,2.8,1031,0.28,45,-54911,1034,86993,-33116,0,42100,1474,235771,20254,299599,97011,440,148778,53370,299599,-892363300,17234400,1418854450,-543725550,0,686491700,24434400,3852056650,329472000,4892454750,1578855000,7200000,2433202200,873197550,4892454750
2021-03-22,16200,16600,15900,16550,216067,2.476780185758514,5759,16.05,2.87,1031,0.27,45,27934,2996,-77414,46484,0,42837,3076,79040,91114,216067,14903,80,156454,44630,216067,458719300,48711200,-1268671650,761241150,0,701787750,50031200,1287200600,1489502800,3528522350,243068450,1320000,2555872250,728261650,3528522350
2021-03-23,16900,16900,16450,16550,163099,0.0,5759,16.05,2.87,1031,0.27,45,32182,-36,-11861,-20285,0,66808,4,91809,4478,163099,34626,40,103670,24763,163099,537140250,-609800,-198376400,-338154050,0,1109681050,66200,1526513400,74243650,2710504300,572540800,676000,1724889800,412397700,2710504300
2021-03-24,16250,16500,15900,16250,236146,-1.812688821752266,5759,15.76,2.82,1031,0.28,45,-10541,779,7390,2372,0,39061,919,173378,22788,236146,49602,140,165988,20416,236146,-167141850,12708350,118967000,35466500,0,637640200,14989350,2815741650,368067050,3836438250,804782050,2281000,2696774650,332600550,3836438250
2021-03-25,16250,16600,16050,16600,236667,2.1538461538461537,5759,16.1,2.88,1031,0.27,45,14585,83,-7047,-7621,0,52810,123,159688,24046,236667,38225,40,166735,31667,236667,243510900,1359350,-117527150,-127343100,0,869757200,2023350,2624834950,394126800,3890742300,626246300,664000,2742362100,521469900,3890742300
2021-03-26,16250,17700,15900,17100,1026370,3.0120481927710845,5759,16.59,2.97,1031,0.26,45,273153,24032,-160665,-136520,0,461656,24552,396615,143547,1026370,188503,520,557280,280067,1026370,4629741750,416199000,-2701927850,-2344012900,0,7828407850,424829000,6687834050,2390837350,17331908250,3198666100,8630000,9389761900,4734850250,17331908250
2021-03-29,17050,18650,16700,18500,911400,8.187134502923977,5759,17.94,3.21,1031,0.24,45,92055,15887,-133501,25559,0,289103,16765,413778,191754,911400,197048,878,547279,166195,911400,1687243200,280642800,-2426651150,458765150,0,5268661300,296795900,7480561650,3483596800,16529615650,3581418100,16153100,9907212800,3024831650,16529615650
2021-03-30,18400,18600,17900,18100,356842,-2.1621621621621623,5759,17.56,3.14,1031,0.25,45,18707,4387,12627,-35721,0,140717,6550,186437,23138,356842,122010,2163,173810,58859,356842,354233200,80281250,220967150,-655481600,0,2575471750,119960400,3398943850,421422500,6515798500,2221238550,39679150,3177976700,1076904100,6515798500
2021-03-31,17950,18450,17750,18300,289804,1.1049723756906076,5759,17.75,3.18,1031,0.25,45,-14933,500,51500,-37067,0,86164,1000,181656,20984,289804,101097,500,130156,58051,289804,-260627050,9025300,931842150,-680240400,0,1569175000,18095300,3295934650,378463500,5261668450,1829802050,9070000,2364092500,1058703900,5261668450
2021-04-01,18100,18600,17850,17950,279380,-1.912568306010929,5759,17.41,3.12,1031,0.25,45,-27746,1031,44952,-18237,0,88046,2500,169829,19005,279380,115792,1469,124877,37242,279380,-492686850,18623650,811150900,-337087700,0,1607428400,45275000,3086500350,344461050,5083664800,2100115250,26651350,2275349450,681548750,5083664800
2021-04-02,18350,19200,18200,19050,543931,6.128133704735376,5759,18.48,3.31,1031,0.24,45,145439,-2537,-142592,-310,0,201485,4463,284105,53878,543931,56046,7000,426697,54188,543931,2748916500,-45003800,-2695265900,-8646800,0,3795957800,84549800,5304061000,1010509500,10195078100,1047041300,129553600,7999326900,1019156300,10195078100
2021-04-05,18800,19900,18400,19650,362460,3.149606299212598,5759,19.06,3.41,1031,0.23,45,150322,-2855,-96698,-50769,0,189848,520,148014,24078,362460,39526,3375,244712,74847,362460,2876949250,-53405900,-1855345300,-968198050,0,3621335350,9781800,2794343550,460957900,6886418600,744386100,63187700,4649688850,1429155950,6886418600
2021-04-06,19500,19700,19150,19450,182976,-1.0178117048346056,5759,18.87,3.38,1031,0.23,45,30176,-1970,-17402,-10804,0,74761,0,96502,11713,182976,44585,1970,113904,22517,182976,591052400,-38009050,-342374200,-210669150,0,1457226350,0,1872780850,226468800,3556476000,866173950,38009050,2215155050,437137950,3556476000
2021-04-07,19300,19750,19150,19500,198371,0.2570694087403599,5759,18.91,3.39,1031,0.23,45,61457,0,-44010,-17447,0,105081,0,83688,9602,198371,43624,0,127698,27049,198371,1208482300,0,-869084250,-339398050,0,2057590550,0,1622946000,187987400,3868523950,849108250,0,2492030250,527385450,3868523950
2021-04-08,19250,19350,18600,18700,284102,-4.102564102564102,5759,18.14,3.25,1031,0.24,45,8816,-57,15381,-24140,0,80649,0,181449,22004,284102,71833,57,166068,46144,284102,167234150,-1065900,290634600,-456802850,0,1522984700,0,3429335200,416326850,5368646750,1355750550,1065900,3138700600,873129700,5368646750
2021-04-09,18700,19250,18550,18850,249861,0.8021390374331552,5759,18.28,3.27,1031,0.24,45,50048,-17210,-50426,17588,0,114967,0,102513,32381,249861,64919,17210,152939,14793,249861,962446800,-327111000,-965866650,330530850,0,2186041650,0,1939166700,610720500,4735928850,1223594850,327111000,2905033350,280189650,4735928850
2021-04-12,18950,19550,18700,19250,177265,2.122015915119363,5759,18.67,3.34,1031,0.23,45,44051,-352,-19207,-24492,0,79796,103,94543,2823,177265,35745,455,113750,27315,177265,850440900,-6740750,-371187900,-472512250,0,1535768750,1982750,1821364000,54017250,3413132750,685327850,8723500,2192551900,526529500,3413132750
2021-04-13,19250,19250,18450,18550,230381,-3.6363636363636362,5759,17.99,3.22,1031,0.24,45,-31089,-229,50470,-19152,0,50369,77,173361,6574,230381,81458,306,122891,25726,230381,-585488450,-4298650,950611050,-360823950,0,944878100,1466850,3253080700,122358200,4321783850,1530366550,5765500,2302469650,483182150,4321783850
2021-04-14,18500,18650,18050,18250,262938,-1.6172506738544474,5759,17.7,3.17,1031,0.25,45,-62181,-269,28206,34244,0,81570,41,133984,47343,262938,143751,310,105778,13099,262938,-1129854500,-4889050,512710300,622033250,0,1488793000,754350,2444438150,862441700,4796427200,2618647500,5643400,1931727850,240408450,4796427200
2021-04-15,18150,18650,17850,18400,187590,0.821917808219178,5759,17.85,3.19,1031,0.24,45,1317,46,564,-1927,0,75472,46,92587,19485,187590,74155,0,92023,21412,187590,27813500,846400,6079300,-34739200,0,1395485650,846400,1699564400,358202850,3454099300,1367672150,0,1693485100,392942050,3454099300
2021-04-16,18350,18950,18350,18550,120683,0.8152173913043478,5759,17.99,3.22,1031,0.24,45,27695,0,-17505,-10190,0,73366,0,38504,8813,120683,45671,0,56009,19003,120683,515992450,0,-326706500,-189285950,0,1362855000,0,714415450,163496300,2240766750,846862550,0,1041121950,352782250,2240766750
2021-04-19,18800,18800,18200,18200,152458,-1.8867924528301887,5759,17.65,3.16,1031,0.25,45,-35553,-498,35153,898,0,29450,1709,114092,7207,152458,65003,2207,78939,6309,152458,-651046000,-8817700,644215850,15647850,0,539419400,31487700,2093270750,132103150,2796281000,1190465400,40305400,1449054900,116455300,2796281000
2021-04-20,18200,18900,17850,18650,380362,2.4725274725274726,5759,18.09,3.24,1031,0.24,45,101151,183,-157572,56238,0,196731,209,118108,65314,380362,95580,26,275680,9076,380362,1901276400,3314150,-2940937550,1036347000,0,3665211950,3801900,2182922500,1203833000,7055769350,1763935550,487750,5123860050,167486000,7055769350
2021-04-21,18400,18550,17750,18000,223679,-3.485254691689008,5759,17.46,3.13,1031,0.25,45,-28705,-2898,54861,-23258,0,36128,479,165761,21311,223679,64833,3377,110900,44569,223679,-515406050,-51985300,988942050,-421550700,0,650384050,8606650,2988385250,384095400,4031471350,1165790100,60591950,1999443200,805646100,4031471350
2021-04-22,18000,18050,17600,17800,196894,-1.1111111111111112,5759,17.26,3.09,1031,0.25,45,-14636,-5965,4087,16514,0,71030,2003,98874,24987,196894,85666,7968,94787,8473,196894,-256117700,-105095550,66747600,294465650,0,1272294450,35824550,1760697300,446247400,3515063700,1528412150,140920100,1693949700,151781750,3515063700
2021-04-23,17800,17800,17100,17200,332613,-3.3707865168539324,5759,16.68,2.99,1031,0.26,45,-176863,-11298,95462,92699,0,33546,93,199266,99708,332613,210409,11391,103804,7009,332613,-3048989850,-195966650,1647380850,1597575650,0,578840500,1611850,3441410950,1719469400,5741332700,3627830350,197578500,1794030100,121893750,5741332700
2021-04-26,17200,17350,16950,17350,155277,0.872093023255814,5759,16.83,3.01,1031,0.26,45,4989,705,-3210,-2484,0,41754,1233,83378,28912,155277,36765,528,86588,31396,155277,87826150,12179400,-56861750,-43143800,0,719602700,21261000,1431056750,496370400,2668290850,631776550,9081600,1487918500,539514200,2668290850
2021-04-27,17400,17450,16850,17400,278177,0.2881844380403458,5759,16.88,3.02,1031,0.26,45,-64414,626,65436,-1648,0,80718,748,165332,31379,278177,145132,122,99896,33027,278177,-1082914550,10828800,1106653800,-34568050,0,1383197550,12948500,2817928250,532571800,4746646100,2466112100,2119700,1711274450,567139850,4746646100
2021-04-28,17450,17450,16900,17350,259282,-0.28735632183908044,5759,16.83,3.01,1031,0.26,45,-21065,501,25041,-4477,0,118565,532,121074,19111,259282,139630,31,96033,23588,259282,-349511600,8485800,420843400,-79817600,0,2036151400,9019000,2069740900,326381650,4441292950,2385663000,533200,1648897500,406199250,4441292950
2021-04-29,17300,17350,16700,17200,263513,-0.8645533141210375,5759,16.68,2.99,1031,0.26,45,28033,-591,12873,-40315,0,111991,39,132629,18854,263513,83958,630,119756,59169,263513,489183950,-9969900,212983350,-692197400,0,1918114450,656100,2257834600,320517800,4497122950,1428930500,10626000,2044851250,1012715200,4497122950
2021-04-30,17450,18950,17250,18450,1019315,7.267441860465117,5759,17.9,3.2,1031,0.24,45,226672,2155,-264168,35341,0,399555,10740,493854,115166,1019315,172883,8585,758022,79825,1019315,4188163200,36522600,-4870680500,645994700,0,7364257950,195822650,9022239750,2094564250,18676884600,3176094750,159300050,13892920250,1448569550,18676884600
2021-05-03,18450,19000,18050,18150,470283,-1.6260162601626018,8554,27.42,2.12,662,0.25,45,62626,-5165,63399,-120860,0,139838,750,296194,33501,470283,77212,5915,232795,154361,470283,1166250950,-97239850,1178557150,-2247568250,0,2596714650,13824500,5503256800,618954350,8732750300,1430463700,111064350,4324699650,2866522600,8732750300
2021-05-04,18250,19100,18250,18600,514990,2.479338842975207,8554,28.1,2.17,662,0.24,45,65824,-2111,-14551,-49162,0,193286,7385,262015,52304,514990,127462,9496,276566,101466,514990,1236781300,-41343450,-268664700,-926773150,0,3618867200,137699550,4917021050,976577650,9650165450,2382085900,179043000,5185685750,1903350800,9650165450
2021-05-06,18750,19050,18450,18750,191535,0.8064516129032258,8554,28.32,2.19,662,0.24,45,32537,1770,-15396,-18911,0,60152,2767,108426,20190,191535,27615,997,123822,39101,191535,607856350,32794800,-284818650,-355832500,0,1123378150,51651200,2029972550,375667550,3580669450,515521800,18856400,2314791200,731500050,3580669450
2021-05-07,18950,21450,18800,20700,1590269,10.4,8554,31.27,2.42,662,0.22,45,91397,-1847,-124444,34894,0,359062,4370,1010568,216269,1590269,267665,6217,1135012,181375,1590269,1833544650,-31818400,-2432800100,631073850,0,7280864200,89609050,20606674650,4353993350,32331141250,5447319550,121427450,23039474750,3722919500,32331141250
2021-05-10,20600,22150,20200,20850,1233836,0.7246376811594203,8554,31.5,2.44,662,0.22,45,-45235,-8755,-90003,143993,0,341744,3165,604876,284051,1233836,386979,11920,694879,140058,1233836,-882028500,-181307100,-1945132400,3008468000,0,7189073850,68136600,12703791650,5996409100,25957411200,8071102350,249443700,14648924050,2987941100,25957411200
2021-05-11,20800,21550,20150,21500,590193,3.117505995203837,8554,32.48,2.51,662,0.21,45,120203,-3690,-59958,-56555,0,273647,1593,246006,68947,590193,153444,5283,305964,125502,590193,2565916850,-77241700,-1256565300,-1232109850,0,5791815900,33988400,5164444450,1433595250,12423844000,3225899050,111230100,6421009750,2665705100,12423844000
2021-05-12,21200,21850,20550,21500,412063,0.0,8554,32.48,2.51,662,0.21,45,90842,-3005,-24079,-63758,0,162934,0,202284,46845,412063,72092,3005,226363,110603,412063,1948303900,-64173050,-512815650,-1371315200,0,3475165650,0,4281629200,981145750,8737940600,1526861750,64173050,4794444850,2352460950,8737940600
2021-05-13,20850,21600,20250,20650,296173,-3.953488372093023,8554,31.19,2.41,662,0.22,45,-43162,6855,19978,16329,0,80838,7362,159370,48603,296173,124000,507,139392,32274,296173,-899558500,143890450,421221150,334446900,0,1678845650,154651450,3328564800,1010330600,6172392500,2578404150,10761000,2907343650,675883700,6172392500
2021-05-14,20650,21400,20050,20350,543991,-1.4527845036319613,8554,30.74,2.38,662,0.22,45,143087,9606,-129736,-22957,0,192484,9679,188394,153434,543991,49397,73,318130,176391,543991,3016175650,202911500,-2728715400,-490371750,0,4047324400,204462600,3958277500,3188219750,11398284250,1031148750,1551100,6686992900,3678591500,11398284250
2021-05-17,20350,20700,18800,19350,714605,-4.914004914004914,8554,29.23,2.26,662,0.23,45,-45880,3006,5965,36909,0,277357,3156,234938,199154,714605,323237,150,228973,162245,714605,-862833300,57946100,111556750,693330450,0,5395058600,60968600,4567789550,3854476250,13878293000,6257891900,3022500,4456232800,3161145800,13878293000
2021-05-18,19300,19550,19000,19200,234868,-0.7751937984496124,8554,29.0,2.24,662,0.23,45,-50547,1330,42542,6675,0,72481,1580,117269,43538,234868,123028,250,74727,36863,234868,-965415600,25439050,814801350,125175200,0,1392664600,30289050,2251885050,835623650,4510462350,2358080200,4850000,1437083700,710448450,4510462350
2021-05-20,19050,19050,18200,18750,261707,-2.34375,8554,28.32,2.19,662,0.24,45,-55454,363,32400,22691,0,33190,1181,162512,64824,261707,88644,818,130112,42133,261707,-1028044200,6777000,606692200,414575000,0,623949050,22113400,3034561650,1203199550,4883823650,1651993250,15336400,2427869450,788624550,4883823650
2021-05-21,18700,18700,17650,18050,616870,-3.733333333333334,8554,27.27,2.11,662,0.25,45,-165303,-1108,130794,35617,0,186422,1469,321558,107421,616870,351725,2577,190764,71804,616870,-2952377550,-19879100,2346475600,625781050,0,3364583200,26580900,5792412150,1927650400,11111226650,6316960750,46460000,3445936550,1301869350,11111226650
2021-05-24,17850,18400,17550,18250,383928,1.10803324099723,8554,27.57,2.13,662,0.25,45,72069,124,-22382,-49811,0,206978,124,128738,48088,383928,134909,0,151120,97899,383928,1321464050,2238200,-411371250,-912331000,0,3762580700,2238200,2329463300,864696800,6958979000,2441116650,0,2740834550,1777027800,6958979000
2021-05-25,18300,18350,18000,18300,176991,0.273972602739726,8554,27.64,2.14,662,0.25,45,46286,-44,32660,-78902,0,76471,500,89062,10958,176991,30185,544,56402,89860,176991,845053550,-723600,591667950,-1435997900,0,1393278800,9150000,1620181050,199989700,3222599550,548225250,9873600,1028513100,1635987600,3222599550
2021-05-26,18300,18500,18150,18400,188971,0.546448087431694,8554,27.79,2.15,662,0.24,45,42551,1078,8244,-51873,0,83997,1500,90718,12756,188971,41446,422,82474,64629,188971,783396150,19687100,149256150,-952339400,0,1543888000,27425000,1664445250,234566200,3470324450,760491850,7737900,1515189100,1186905600,3470324450
2021-05-27,18500,19350,18450,18950,406002,2.989130434782609,8554,28.63,2.22,662,0.24,45,119985,-1019,-47164,-71802,0,138096,523,214500,52883,406002,18111,1542,261664,124685,406002,2287630650,-19407550,-893815450,-1374407650,0,2633071000,9989300,4086238950,1002431200,7731730450,345440350,29396850,4980054400,2376838850,7731730450
2021-05-28,19000,19550,18650,18850,309200,-0.5277044854881267,8554,28.47,2.2,662,0.24,45,21215,-4045,7443,-24613,0,81410,0,179731,48059,309200,60195,4045,172288,72672,309200,421952500,-78465650,136413500,-479900350,0,1562679350,0,3442727000,919020050,5924426400,1140726850,78465650,3306313500,1398920400,5924426400
2021-05-31,19050,19300,18350,19200,281836,1.8567639257294428,8554,29.0,2.24,662,0.23,45,26748,-708,-22476,-3564,0,112355,0,132100,37381,281836,85607,708,154576,40945,281836,530650700,-13593600,-439269250,-77787850,0,2145650650,0,2488864700,698710900,5333226250,1614999950,13593600,2928133950,776498750,5333226250
2021-06-01,19400,19700,18850,19250,277876,0.26041666666666663,8554,29.08,2.25,662,0.23,45,-12968,-4410,36043,-18665,0,83360,0,174702,19814,277876,96328,4410,138659,38479,277876,-241620800,-85533800,693920900,-366766300,0,1617083150,0,3379505050,381658750,5378246950,1858703950,85533800,2685584150,748425050,5378246950
2021-06-02,19050,19200,18600,18700,224317,-2.857142857142857,8554,28.25,2.19,662,0.24,45,-61847,3035,66231,-7419,0,50858,3044,151659,18756,224317,112705,9,85428,26175,224317,-1163587600,57454500,1246313950,-140180850,0,958546800,57622800,2856820300,353521000,4226510900,2122134400,168300,1610506350,493701850,4226510900
2021-06-03,18600,18650,18100,18150,290512,-2.941176470588235,8554,27.42,2.12,662,0.25,45,-57286,2288,52710,2288,0,43710,4000,216639,26163,290512,100996,1712,163929,23875,290512,-1045796700,41797900,959706300,44292500,0,800028450,73150000,3961137450,480049100,5314365000,1845825150,31352100,3001431150,435756600,5314365000
2021-06-04,18100,18150,17700,17800,342476,-1.9283746556473829,8554,26.89,2.08,662,0.25,45,-143872,600,126107,17165,0,56604,600,238532,46740,342476,200476,0,112425,29575,342476,-2559363450,10655000,2243060500,305647950,0,1008013250,10655000,4247879450,832985150,6099532850,3567376700,0,2004818950,527337200,6099532850
2021-06-07,17750,18350,17600,18350,349242,3.089887640449438,8554,27.72,2.15,662,0.25,45,110510,-25134,-85063,-313,0,227824,1824,74797,44797,349242,117314,26958,159860,45110,349242,2010383500,-450958350,-1546900300,-12524850,0,4140189450,33062250,1348539550,809692350,6331483600,2129805950,484020600,2895439850,822217200,6331483600
2021-06-08,18200,18450,17550,17750,356822,-3.2697547683923704,8554,26.81,2.08,662,0.25,45,-163294,256,134990,28048,0,86402,300,219548,50572,356822,249696,44,84558,22524,356822,-2902842250,4524200,2403779350,494538700,0,1546358800,5325000,3915616650,900025500,6367325950,4449201050,800800,1511837300,405486800,6367325950
2021-06-09,17750,18200,17750,17800,188691,0.28169014084507044,8554,26.89,2.08,662,0.25,45,24735,-1939,-16880,-5916,0,70778,55,95382,22476,188691,46043,1994,112262,28392,188691,449510150,-34775150,-309315400,-105419600,0,1277372500,990000,1717050300,404930400,3400343200,827862350,35765150,2026365700,510350000,3400343200
2021-06-10,17800,18000,17600,17650,249500,-0.8426966292134831,8554,26.66,2.06,662,0.25,45,-14793,64,46309,-31580,0,96624,64,121882,30930,249500,111417,0,75573,62510,249500,-256624150,1139700,818350900,-562866450,0,1720580050,1139700,2163009350,548589000,4433318100,1977204200,0,1344658450,1111455450,4433318100
2021-06-11,17650,17850,17450,17750,216695,0.56657223796034,8554,26.81,2.08,662,0.25,45,-97988,-550,80252,18286,0,25512,87,135770,55326,216695,123500,637,55518,37040,216695,-1721504050,-9698100,1409359300,321842850,0,452021900,1521150,2390971000,976267000,3820781050,2173525950,11219250,981611700,654424150,3820781050
2021-06-14,17750,17950,17450,17600,186240,-0.8450704225352111,8554,26.59,2.06,662,0.26,45,-89459,-827,93349,-3063,0,18796,300,147366,19778,186240,108255,1127,54017,22841,186240,-1572573000,-14698550,1643617100,-56345550,0,332071800,5332600,2596466900,347506300,3281377600,1904644800,20031150,952849800,403851850,3281377600
2021-06-15,17600,17750,17450,17600,115762,0.0,8554,26.59,2.06,662,0.26,45,-31870,356,18978,12536,0,13520,356,77313,24573,115762,45390,0,58335,12037,115762,-559017100,6256200,331638700,221122200,0,238264450,6256200,1359255250,432608700,2036384600,797281550,0,1027616550,211486500,2036384600
2021-06-16,17600,17650,17200,17350,208276,-1.4204545454545454,8554,26.21,2.03,662,0.26,45,-112792,-4695,96455,21032,0,29986,33,144339,33918,208276,142778,4728,47884,12886,208276,-1957487000,-81876200,1675346250,364016950,0,521277000,572400,2509917200,589168200,3620934800,2478764000,82448600,834570950,225151250,3620934800
2021-06-17,17200,17450,17100,17350,73409,0.0,8554,26.21,2.03,662,0.26,45,-15055,37,14697,321,0,15481,37,51950,5941,73409,30536,0,37253,5620,73409,-260422350,636500,254277650,5508200,0,268607200,636500,899413150,102933850,1271590700,529029550,0,645135500,97425650,1271590700
2021-06-18,17400,17450,17000,17200,277879,-0.8645533141210375,8554,25.98,2.01,662,0.26,45,-121683,27,87312,34344,0,40798,38,187319,49724,277879,162481,11,100007,15380,277879,-2083549650,460200,1496115850,586973600,0,699979050,647200,3211457900,851484150,4763568300,2783528700,187000,1715342050,264510550,4763568300
2021-06-21,17150,17150,16700,16900,237920,-1.744186046511628,8554,25.53,1.98,662,0.27,45,-130083,-610,67456,63237,0,20817,490,129722,86891,237920,150900,1100,62266,23654,237920,-2190041250,-10205900,1137508450,1062738700,0,352272200,8329100,2190548800,1463819900,4014970000,2542313450,18535000,1053040350,401081200,4014970000
2021-06-22,17100,17350,16900,17000,129096,0.591715976331361,8554,25.68,1.99,662,0.26,45,-52994,70,40623,12301,0,27123,100,76966,24907,129096,80117,30,36343,12606,129096,-900019650,1207500,688854300,209957850,0,461250200,1725000,1309894600,424600600,2197470400,1361269850,517500,621040300,214642750,2197470400
2021-06-23,17000,17250,16700,16750,224250,-1.4705882352941175,8554,25.3,1.96,662,0.27,45,-83654,414,83006,234,0,53858,414,150903,19075,224250,137512,0,67897,18841,224250,-1403745250,7057000,1393469000,3219250,0,910046750,7057000,2542044150,321243150,3780391050,2313792000,0,1148575150,318023900,3780391050
2021-06-24,16700,16700,16300,16350,327862,-2.3880597014925375,8554,24.7,1.91,662,0.28,45,-136050,64,96560,39426,0,32484,64,167878,127436,327862,168534,0,71318,88010,327862,-2230372100,1050700,1585743600,643577800,0,534750450,1050700,2757887600,2092334300,5386023050,2765122550,0,1172144000,1448756500,5386023050
2021-06-25,16600,17550,16600,17500,614283,7.033639143730887,8554,26.44,2.05,662,0.26,45,80248,4802,-149211,64161,0,141376,5018,225755,242134,614283,61128,216,374966,177973,614283,1375635400,83745700,-2577391350,1118010250,0,2432272500,87452800,3869375700,4163505600,10552606600,1056637100,3707100,6446767050,3045495350,10552606600
2021-06-28,17700,17800,17300,17550,239028,0.2857142857142857,8554,26.51,2.05,662,0.26,45,-8830,-1190,58495,-48475,0,27299,1591,175630,34508,239028,36129,2781,117135,82983,239028,-153112650,-21246250,1027769800,-853410900,0,478468900,27904100,3080846000,600627150,4187846150,631581550,49150350,2053076200,1454038050,4187846150
2021-06-29,17450,17600,17200,17550,210937,0.0,8554,26.51,2.05,662,0.26,45,-14360,70,24615,-10325,0,54332,70,116540,39995,210937,68692,0,91925,50320,210937,-245060900,1222500,426740450,-182902050,0,952441900,1222500,2035476050,696624450,3685764900,1197502800,0,1608735600,879526500,3685764900
2021-06-30,17600,17700,17450,17650,167704,0.5698005698005698,8554,26.66,2.06,662,0.25,45,13608,190,17519,-31317,0,44851,190,114619,8044,167704,31243,0,97100,39361,167704,241128350,3342500,305760350,-550231200,0,789533100,3342500,2013369100,141316550,2947561250,548404750,0,1707608750,691547750,2947561250
2021-07-01,17650,17700,17350,17700,204672,0.28328611898017,8554,26.74,2.07,662,0.25,45,41834,330,4748,-46912,0,79579,330,113192,11571,204672,37745,0,108444,58483,204672,736193850,5780000,84458700,-826432550,0,1399100050,5780000,1989945400,202636450,3597461900,662906200,0,1905486700,1029069000,3597461900
2021-07-02,17800,17850,17300,17350,159724,-1.977401129943503,8554,26.21,2.03,662,0.26,45,-30317,11069,61318,-42070,0,12043,11136,128754,7791,159724,42360,67,67436,49861,159724,-526969350,194987050,1069716650,-737734350,0,209964900,196174100,2249435800,135611400,2791186200,736934250,1187050,1179719150,873345750,2791186200
2021-07-05,17500,17500,17050,17200,118602,-0.8645533141210375,8554,25.98,2.01,662,0.26,45,-20322,1404,36079,-17161,0,12173,1662,94149,10618,118602,32495,258,58070,27779,118602,-348420600,24129150,620153550,-295862100,0,209659700,28605450,1619598750,182330150,2040194050,558080300,4476300,999445200,478192250,2040194050
2021-07-06,17300,17400,17000,17200,170479,0.0,8554,25.98,2.01,662,0.26,45,-19824,-2788,19842,2770,0,57557,2030,89778,21114,170479,77381,4818,69936,18344,170479,-336253450,-47818650,338153800,45918300,0,988075100,34960000,1539648400,361599750,2924283250,1324328550,82778650,1201494600,315681450,2924283250
2021-07-07,17150,17400,16950,17350,143408,0.872093023255814,8554,26.21,2.03,662,0.26,45,16289,970,-18279,1020,0,38709,1000,79478,24221,143408,22420,30,97757,23201,143408,281361900,16478000,-317807850,19967950,0,665687750,17000000,1360301350,417431100,2460420200,384325850,522000,1678109200,397463150,2460420200
2021-07-08,17500,17500,16900,17050,198125,-1.729106628242075,8554,25.76,1.99,662,0.26,45,10691,2000,5745,-18436,0,66460,2060,107858,21747,198125,55769,60,102113,40183,198125,185483550,33909100,99508000,-318900650,0,1136696350,34946500,1844944550,370193350,3386780750,951212800,1037400,1745436550,689094000,3386780750
2021-07-09,16800,16900,16150,16450,317808,-3.519061583577713,8554,24.85,1.92,662,0.27,45,-66809,-1011,92276,-24456,0,51779,362,237930,27737,317808,118588,1373,145654,52193,317808,-1092021950,-16415500,1517730550,-409293100,0,848407350,5953900,3904946200,454206300,5213513750,1940429300,22369400,2387215650,863499400,5213513750
2021-07-12,16450,17450,16350,17250,248362,4.86322188449848,8554,26.06,2.02,662,0.26,45,96045,1745,-109054,11264,0,118325,2508,82067,45462,248362,22280,763,191121,34198,248362,1654135400,30865050,-1862523450,177523000,0,2030730900,43639200,1390943250,763565250,4228878600,376595500,12774150,3253466700,586042250,4228878600
2021-07-13,17400,18700,17350,18400,874878,6.666666666666667,8554,27.79,2.15,662,0.24,45,207263,-10977,-340338,144052,0,276625,3825,364557,229871,874878,69362,14802,704895,85819,874878,3798751150,-197737150,-6211601200,2610587200,0,5076755600,70412300,6673550100,4185660900,16006378900,1278004450,268149450,12885151300,1575073700,16006378900
2021-07-14,18250,18450,18000,18000,267972,-2.1739130434782608,8554,27.19,2.1,662,0.25,45,14600,8751,53811,-77162,0,40657,11262,204016,12037,267972,26057,2511,150205,89199,267972,268485700,158560350,974248500,-1401294550,0,740679700,204539150,3711791500,219921350,4876931700,472194000,45978800,2737543000,1621215900,4876931700
2021-07-15,18000,18200,17650,17900,227816,-0.5555555555555556,8554,27.04,2.09,662,0.25,45,15793,720,55675,-72188,0,44891,720,177702,4503,227816,29098,0,122027,76691,227816,282537100,12868700,995387900,-1290793700,0,802227950,12868700,3179710800,80654200,4075461650,519690850,0,2184322900,1371447900,4075461650
2021-07-16,17800,17900,17600,17700,158700,-1.1173184357541899,8554,26.74,2.07,662,0.25,45,5466,-1513,840,-4793,0,60200,61,84420,14019,158700,54734,1574,83580,18812,158700,97027350,-26764550,15361350,-85624150,0,1067455400,1079700,1496709500,248338350,2813582950,970428050,27844250,1481348150,333962500,2813582950
2021-07-19,17650,17650,17200,17500,137849,-1.1299435028248588,8554,26.44,2.05,662,0.26,45,40202,418,-4710,-35910,0,55214,418,75392,6825,137849,15012,0,80102,42735,137849,702859100,7254750,-82296700,-627817150,0,965021450,7254750,1315556200,118725950,2406558350,262162350,0,1397852900,746543100,2406558350
2021-07-20,17400,17900,17000,17250,229812,-1.4285714285714286,8554,26.06,2.02,662,0.26,45,-11843,1088,54734,-43979,0,46886,1296,169122,12508,229812,58729,208,114388,56487,229812,-202546750,18732800,941437950,-757624000,0,805356950,22318000,2913829900,217578150,3959083000,1007903700,3585200,1972391950,975202150,3959083000
2021-07-21,17450,17650,17150,17500,191196,1.4492753623188406,8554,26.44,2.05,662,0.26,45,-16758,1512,20280,-5034,0,33576,2120,125577,29923,191196,50334,608,105297,34957,191196,-288375550,26309950,349553600,-87488000,0,584747550,36785500,2188051400,521346600,3330931050,873123100,10475550,1838497800,608834600,3330931050
2021-07-22,17600,17750,17300,17550,140821,0.2857142857142857,8554,26.51,2.05,662,0.26,45,246,-464,394,-176,0,26224,260,90807,23530,140821,25978,724,90413,23706,140821,5233900,-8106400,5381900,-2509400,0,458652650,4527000,1586539650,412152450,2461871750,453418750,12633400,1581157750,414661850,2461871750
2021-07-23,17550,17550,16200,16400,715548,-6.552706552706552,8554,24.77,1.92,662,0.27,45,-295893,6133,297529,-7769,0,70220,7051,583191,55086,715548,366113,918,285662,62855,715548,-4903800850,102266050,4950663950,-149129150,0,1178794150,117458400,9696511200,909347400,11902111150,6082595000,15192350,4745847250,1058476550,11902111150
2021-07-26,16300,16400,15900,16200,443137,-1.2195121951219512,8554,24.47,1.89,662,0.28,45,-87704,-2555,22364,67895,0,88907,1185,252931,100114,443137,176611,3740,230567,32219,443137,-1403008050,-41515050,351958200,1092564900,0,1435373700,19088300,4065744600,1611744150,7131950750,2838381750,60603350,3713786400,519179250,7131950750
2021-07-27,16300,16650,16200,16350,210843,0.9259259259259258,8554,24.7,1.91,662,0.28,45,-38869,378,-2115,40606,0,39152,500,111414,59777,210843,78021,122,113529,19171,210843,-637592850,6277400,-35536100,666851550,0,646321000,8275000,1833295550,982681050,3470572600,1283913850,1997600,1868831650,315829500,3470572600
2021-07-28,16400,16650,16150,16350,165768,0.0,8554,24.7,1.91,662,0.28,45,-63862,30,49111,14721,0,30404,30,93113,42221,165768,94266,0,44002,27500,165768,-1038963950,486000,801819850,236658100,0,499367350,486000,1525380900,688224450,2713458700,1538331300,0,723561050,451566350,2713458700
2021-07-29,16400,16550,16250,16350,153531,0.0,8554,24.7,1.91,662,0.28,45,-29671,-3008,27451,5228,0,57856,100,77157,18418,153531,87527,3108,49706,13190,153531,-483303350,-49248950,447261550,85290750,0,947633950,1630000,1261589450,301882250,2512735650,1430937300,50878950,814327900,216591500,2512735650
2021-07-30,16350,16350,16000,16200,221597,-0.9174311926605505,8554,24.47,1.89,662,0.28,45,-105851,17,11098,94736,0,27617,2533,80477,110970,221597,133468,2516,69379,16234,221597,-1703496400,588300,177931200,1524976900,0,446167650,40983600,1296980950,1787553750,3571685950,2149664050,40395300,1119049750,262576850,3571685950
2021-08-02,16300,16300,15800,15900,312628,-1.8518518518518516,8554,24.02,1.86,662,0.28,45,-194337,4541,46127,143669,0,25754,4576,123615,158683,312628,220091,35,77488,15014,312628,-3091218450,72748800,731192000,2287277650,0,410978300,73314350,1968978350,2527173100,4980444100,3502196750,565550,1237786350,239895450,4980444100
2021-08-03,15900,16100,15600,15950,281492,0.3144654088050315,8554,24.09,1.86,662,0.28,45,-150698,1970,34922,113806,0,46496,2303,106461,126232,281492,197194,333,71539,12426,281492,-2384135650,31362950,551301650,1801471050,0,736309450,36658050,1684693350,1998777050,4456437900,3120445100,5295100,1133391700,197306000,4456437900
2021-08-04,15950,16650,15900,16600,392826,4.075235109717868,8554,25.08,1.94,662,0.27,45,-6571,-2432,-62568,71571,0,129212,2491,131061,130062,392826,135783,4923,193629,58491,392826,-97668950,-39926300,-1033784350,1171379600,0,2127947100,40605750,2150401500,2135265200,6454219550,2225616050,80532050,3184185850,963885600,6454219550
2021-08-05,16450,16550,16150,16400,292907,-1.2048192771084338,8554,24.77,1.92,662,0.27,45,-52992,-9711,74132,-11429,0,57526,7683,188411,39287,292907,110518,17394,114279,50716,292907,-858069450,-156980200,1201762300,-186712650,0,937797050,125330000,3065388550,639760600,4768276200,1795866500,282310200,1863626250,826473250,4768276200
2021-08-06,16250,16350,16050,16200,179466,-1.2195121951219512,8554,24.47,1.89,662,0.28,45,-49456,652,28597,20207,0,31367,804,105970,41325,179466,80823,152,77373,21118,179466,-798795200,10508800,460835100,327451300,0,508653500,12969800,1714801950,669411900,2905837150,1307448700,2461000,1253966850,341960600,2905837150
2021-08-09,16050,16100,15900,16000,117307,-1.2345679012345678,8554,24.17,1.87,662,0.28,45,-16327,-2194,15600,2921,0,21242,536,75097,20432,117307,37569,2730,59497,17511,117307,-260487750,-34980450,248979500,46488700,0,339820800,8563500,1199292300,326603000,1874279600,600308550,43543950,950312800,280114300,1874279600
2021-08-10,16050,16100,15800,15900,160514,-0.625,8554,24.02,1.86,662,0.28,45,-47738,138,18847,28753,0,47944,158,73031,39381,160514,95682,20,54184,10628,160514,-756774700,2184450,297054650,457535600,0,763130900,2504450,1161123150,626932000,2553690500,1519905600,320000,864068500,169396400,2553690500
2021-08-11,15850,16250,15700,16150,247605,1.5723270440251573,8554,24.4,1.89,662,0.28,45,-11088,-4259,-71788,87135,0,47468,97,82786,117254,247605,58556,4356,154574,30119,247605,-177075000,-68305800,-1154888700,1400269500,0,763906650,1544500,1330536500,1884559700,3980547350,940981650,69850300,2485425200,484290200,3980547350
2021-08-12,16150,16350,16000,16150,167199,0.0,8554,24.4,1.89,662,0.28,45,21371,337,-6008,-15700,0,61078,625,60367,45129,167199,39707,288,66375,60829,167199,347790850,5445600,-99319150,-253917300,0,988577550,10125000,975364550,729469400,2703536500,640786700,4679400,1074683700,983386700,2703536500
2021-08-13,16350,16350,15600,15850,193320,-1.8575851393188854,8554,23.94,1.85,662,0.28,45,-36912,-454,21925,15441,0,24087,468,92636,76129,193320,60999,922,70711,60688,193320,-577226300,-7218700,343813950,240631050,0,381498050,7391700,1461479600,1199375600,3049744950,958724350,14610400,1117665650,958744550,3049744950
2021-08-17,15800,15800,14800,15200,465239,-4.100946372239748,8554,22.96,1.78,662,0.3,45,-43873,3410,67883,-27420,0,145370,3470,182620,133779,465239,189243,60,114737,161199,465239,-654189950,51683500,1019216000,-416709550,0,2205699700,52597000,2759506900,2026777250,7044580850,2859889650,913500,1740290900,2443486800,7044580850
2021-08-18,15200,15450,15050,15200,154096,0.0,8554,22.96,1.78,662,0.3,45,-37102,-7717,8338,36481,0,35723,113,62591,55669,154096,72825,7830,54253,19188,154096,-564454050,-117610900,126101950,555963000,0,545340750,1727600,953782650,848935950,2349786950,1109794800,119338500,827680700,292972950,2349786950
2021-08-19,15150,15500,14700,14800,285593,-2.631578947368421,8554,22.36,1.73,662,0.3,45,-99584,-6112,2399,103297,0,48634,1135,86786,149038,285593,148218,7247,84387,45741,285593,-1476295000,-90538800,30817100,1536016700,0,728023600,16874050,1296887500,2223141400,4264926550,2204318600,107412850,1266070400,687124700,4264926550
2021-08-20,14800,15000,14300,14400,285870,-2.7027027027027026,8554,21.75,1.68,662,0.31,45,-108092,1124,10558,96410,0,54093,2054,76127,153596,285870,162185,930,65569,57186,285870,-1564720550,16505350,152013000,1396202200,0,788121300,30266350,1108515200,2232494250,4159397100,2352841850,13761000,956502200,836292050,4159397100
2021-08-23,14500,14800,14300,14650,190504,1.7361111111111112,8554,22.13,1.71,662,0.31,45,-56970,-30,-8713,65713,0,58528,0,44405,87571,190504,115498,30,53118,21858,190504,-827127150,-441000,-127774450,955342600,0,852217300,0,643586900,1272996600,2768800800,1679344450,441000,771361350,317654000,2768800800
2021-08-24,14650,15100,14650,14950,107184,2.04778156996587,8554,22.58,1.75,662,0.3,45,3575,-189,-1786,-1600,0,32258,40,45287,29599,107184,28683,229,47073,31199,107184,55996450,-2809100,-29873000,-23314350,0,483219600,597000,673076200,441903200,1598796000,427223150,3406100,702949200,465217550,1598796000
2021-08-25,15000,15400,14850,15200,150033,1.6722408026755853,8554,22.96,1.78,662,0.3,45,41041,654,4640,-46335,0,70078,758,63000,16197,150033,29037,104,58360,62532,150033,626426900,9945550,70065800,-706438250,0,1068541950,11533450,960112100,246762250,2286949750,442115050,1587900,890046300,953200500,2286949750
2021-08-26,15200,15600,15150,15350,140538,0.9868421052631579,8554,23.19,1.79,662,0.29,45,44432,1663,1493,-47588,0,63143,1693,58227,17475,140538,18711,30,56734,65063,140538,687598850,25682850,22675350,-735957050,0,976490900,26146350,899611700,270030500,2172279450,288892050,463500,876936350,1005987550,2172279450
2021-08-27,15400,15750,15300,15500,100346,0.9771986970684038,8554,23.41,1.81,662,0.29,45,33800,-868,-17030,-15902,0,41966,37,24636,33707,100346,8166,905,41666,49609,100346,527998400,-13452900,-265838150,-248707350,0,655605600,569800,384899650,527653050,1568728100,127607200,14022700,650737800,776360400,1568728100
2021-08-30,15750,15850,15450,15650,109013,0.967741935483871,8554,23.64,1.83,662,0.29,45,60229,-30,-11457,-48742,0,72931,0,29112,6970,109013,12702,30,40569,55712,109013,945776700,-474000,-180895800,-764406900,0,1144528150,0,455136550,109062500,1708727200,198751450,474000,636032350,873469400,1708727200
2021-08-31,15600,15900,15500,15700,103780,0.3194888178913738,8554,23.72,1.84,662,0.29,45,10887,115,-1642,-9360,0,26634,115,41005,36026,103780,15747,0,42647,45386,103780,172681150,1790100,-26965250,-147506000,0,419555250,1790100,643820950,566054650,1631220950,246874100,0,670786200,713560650,1631220950
2021-09-01,15600,15700,15150,15200,264652,-3.1847133757961785,8554,22.96,1.78,662,0.3,45,-71927,-10007,37420,44514,0,26415,250,132527,105460,264652,98342,10257,95107,60946,264652,-1100272250,-154314650,571826050,682760850,0,406884850,3807500,2031781600,1617609250,4060083200,1507157100,158122150,1459955550,934848400,4060083200
2021-09-02,15200,15250,14850,14900,189636,-1.9736842105263157,8554,22.51,1.74,662,0.3,45,-46513,-6348,60421,-7560,0,20567,599,112250,56220,189636,67080,6947,51829,63780,189636,-695309150,-94734350,903529150,-113485650,0,308246600,8977100,1681499950,843640450,2842364100,1003555750,103711450,777970800,957126100,2842364100
2021-09-03,14900,15150,14600,14900,280398,0.0,8554,22.51,1.74,662,0.3,45,-14950,165,25350,-10565,0,82882,726,110485,86305,280398,97832,561,85135,96870,280398,-217155600,2446800,373245350,-158536550,0,1238703200,10783150,1643295200,1286006450,4178788000,1455858800,8336350,1270049850,1444543000,4178788000
2021-09-06,14750,15900,14700,15700,350513,5.369127516778524,8554,23.72,1.84,662,0.29,45,56580,56,-104465,47829,0,105165,258,118366,126724,350513,48585,202,222831,78895,350513,887387800,758400,-1638589950,750443750,0,1644151300,3882550,1826289400,1966881950,5441205200,756763500,3124150,3464879350,1216438200,5441205200
2021-09-07,15700,16450,15550,16100,397272,2.547770700636943,8554,24.32,1.88,662,0.28,45,187856,-1508,-78893,-107455,0,245321,60,113050,38841,397272,57465,1568,191943,146296,397272,3038273750,-24452500,-1280697700,-1733123550,0,3960796650,963500,1818429450,626039950,6406229550,922522900,25416000,3099127150,2359163500,6406229550
2021-09-08,15850,16000,15500,15750,143136,-2.1739130434782608,8554,23.79,1.84,662,0.29,45,23152,142,9939,-33233,0,44266,142,68360,30368,143136,21114,0,58421,63601,143136,366210150,2230950,156063500,-524504600,0,698583700,2230950,1076337650,478088950,2255241250,332373550,0,920274150,1002593550,2255241250
2021-09-09,15650,16800,15550,16300,600315,3.492063492063492,8554,24.62,1.91,662,0.28,45,244916,1929,-238338,-8507,0,287977,5689,190642,116007,600315,43061,3760,428980,124514,600315,4068842650,31431300,-3941341200,-158932750,0,4775801550,94237050,3150521950,1903920600,9924481150,706958900,62805750,7091863150,2062853350,9924481150
2021-09-10,16250,17250,16250,17100,435929,4.9079754601226995,8554,25.83,2.0,662,0.26,45,159833,-10438,-80914,-68481,0,177183,2525,218172,38049,435929,17350,12963,299086,106530,435929,2718289900,-174494300,-1380396400,-1163399200,0,3011417450,43430000,3685643500,635998600,7376489550,293127550,217924300,5066039900,1799397800,7376489550
2021-09-13,17000,18250,16900,17850,975066,4.385964912280701,8554,26.96,2.09,662,0.25,45,470122,-8213,-363679,-98230,0,573366,2340,283969,115391,975066,103244,10553,647648,213621,975066,8432733800,-146219050,-6513571100,-1772943650,0,10283351600,41829950,5050784700,2047900450,17423866700,1850617800,188049000,11564355800,3820844100,17423866700
2021-09-14,17850,18000,17050,17150,431420,-3.9215686274509802,8554,25.91,2.0,662,0.26,45,8463,1287,45243,-54993,0,191902,1850,211653,26015,431420,183439,563,166410,81008,431420,158473650,22326700,776656300,-957456650,0,3335496750,32369950,3682320500,455327600,7505514800,3177023100,10043250,2905664200,1412784250,7505514800
2021-09-15,17250,18000,17000,17750,380663,3.498542274052478,8554,26.81,2.08,662,0.25,45,108218,-1673,-122750,16205,0,176568,452,128995,74648,380663,68350,2125,251745,58443,380663,1933682650,-29636450,-2174706600,270660400,0,3130327200,7887400,2265381300,1304420650,6708016550,1196644550,37523850,4440087900,1033760250,6708016550
2021-09-16,17750,18450,17350,18000,365330,1.4084507042253522,8554,27.19,2.1,662,0.25,45,152857,-1132,-113750,-37975,0,209445,418,111494,43973,365330,56588,1550,225244,81948,365330,2774799150,-20413500,-2062275100,-692110550,0,3797499050,7401000,2004413800,790183550,6599497400,1022699900,27814500,4066688900,1482294100,6599497400
2021-09-17,17900,18400,17650,18150,165841,0.8333333333333334,8554,27.42,2.12,662,0.25,45,68695,122,-39661,-29156,0,85030,182,61741,18888,165841,16335,60,101402,48044,165841,1256197550,2135300,-725219800,-533113050,0,1551950950,3233300,1117436600,340254400,3012875250,295753400,1098000,1842656400,873367450,3012875250
2021-09-23,17850,18550,17450,18450,173659,1.6528925619834711,8554,27.87,2.16,662,0.24,45,49599,0,-37443,-12156,0,79834,90,55602,38133,173659,30235,90,93045,50289,173659,910334750,-43500,-681984500,-228306750,0,1458319850,1594500,1009720400,688583950,3158218700,547985100,1638000,1691704900,916890700,3158218700
2021-09-24,18500,18550,17550,17750,218841,-3.7940379403794036,8554,26.81,2.08,662,0.25,45,-14628,-7571,20666,1533,0,60195,107,121126,37413,218841,74823,7678,100460,35880,218841,-257407350,-135201850,368128850,24480350,0,1076443550,1900500,2170288200,667986550,3916618800,1333850900,137102350,1802159350,643506200,3916618800
2021-09-27,17500,17500,16750,17150,547411,-3.3802816901408446,8554,25.91,2.0,662,0.26,45,-66251,-9226,-841,76318,0,193400,642,221054,132315,547411,259651,9868,221895,55997,547411,-1111591650,-157562000,-26722550,1295876200,0,3291801150,10836800,3750055500,2248035000,9300728450,4403392800,168398800,3776778050,952158800,9300728450
2021-09-28,17150,17300,16550,16600,276555,-3.206997084548105,8554,25.08,1.94,662,0.27,45,-50088,520,31718,17850,0,84364,526,136870,54795,276555,134452,6,105152,36945,276555,-836840200,8712450,532074500,296053250,0,1413771950,8814450,2296552350,920291400,4639430150,2250612150,102000,1764477850,624238150,4639430150
2021-09-29,16050,16850,15800,16500,346244,-0.6024096385542169,8554,24.92,1.93,662,0.27,45,29744,-3069,-51181,24506,0,126418,299,116517,103010,346244,96674,3368,167698,78504,346244,511122850,-50602550,-855677850,395157550,0,2091806050,4806300,1908698500,1688004350,5693315200,1580683200,55408850,2764376350,1292846800,5693315200
2021-09-30,16400,17250,16350,17000,228334,3.0303030303030303,8554,25.68,1.99,662,0.26,45,97177,-1426,-41387,-54364,0,137117,1128,62367,27722,228334,39940,2554,103754,82086,228334,1641224100,-24957400,-706714800,-909551900,0,2308168600,18453350,1038789550,464053500,3829465000,666944500,43410750,1745504350,1373605400,3829465000
2021-10-01,16750,17050,16550,16650,111955,-2.0588235294117645,8554,25.15,1.95,662,0.27,45,19608,-929,-489,-18190,0,44450,36,52372,15097,111955,24842,965,52861,33287,111955,331832450,-15594600,-11313300,-304924550,0,747554100,600900,875765550,252943250,1876863800,415721650,16195500,887078850,557867800,1876863800
2021-10-05,16500,17300,15850,17000,254332,2.1021021021021022,8554,25.68,1.99,662,0.26,45,40104,-1735,-4509,-33860,0,91924,2215,109270,50923,254332,51820,3950,113779,84783,254332,696841500,-28735400,-95964700,-572141400,0,1537588850,36327500,1798822600,832362700,4205101650,840747350,65062900,1894787300,1404504100,4205101650
2021-10-06,17000,17150,16100,16300,230954,-4.117647058823529,8554,24.62,1.91,662,0.28,45,-5297,6380,41419,-42502,0,72844,6682,107512,43916,230954,78141,302,66093,86418,230954,-82325900,104762750,677020050,-699456900,0,1198883600,109859200,1767498300,724408800,3800649900,1281209500,5096450,1090478250,1423865700,3800649900
2021-10-07,16400,16750,16100,16400,189946,0.6134969325153374,8554,24.77,1.92,662,0.27,45,-64794,1541,37060,26193,0,26814,1621,101320,60191,189946,91608,80,64260,33998,189946,-1052044700,24928250,601134350,425982100,0,438178350,26262750,1648982250,980643550,3094066900,1490223050,1334500,1047847900,554661450,3094066900
2021-10-08,16300,16600,16000,16350,282698,-0.3048780487804878,8554,24.7,1.91,662,0.28,45,-85214,33433,-2796,54577,0,79720,33543,71797,97638,282698,164934,110,74593,43061,282698,-1384843350,547834000,-50798250,887807600,0,1299811150,549645500,1168197950,1588599250,4606253850,2684654500,1811500,1218996200,700791650,4606253850
2021-10-12,16150,16550,16150,16300,80004,-0.3058103975535168,8554,24.62,1.91,662,0.28,45,14979,192,2115,-17286,0,29315,192,22775,27722,80004,14336,0,20660,45008,80004,244630450,3102250,34329750,-282062450,0,478681200,3102250,371866750,452717850,1306368050,234050750,0,337537000,734780300,1306368050
2021-10-13,16400,16900,16350,16600,76603,1.8404907975460123,8554,25.08,1.94,662,0.27,45,22317,1892,-8372,-15837,0,30135,1972,31661,12835,76603,7818,80,40033,28672,76603,373379350,31856100,-139928050,-265307400,0,503896900,33187600,529604250,214468400,1281157150,130517550,1331500,669532300,479775800,1281157150
2021-10-14,16850,17050,16550,16800,100158,1.2048192771084338,8554,25.38,1.96,662,0.27,45,28660,-3535,-21246,-3879,0,44832,300,33819,21207,100158,16172,3835,55065,25086,100158,484468900,-60092600,-357827550,-66548750,0,756204850,5055000,569206350,356349050,1686815250,271735950,65147600,927033900,422897800,1686815250
2021-10-15,16850,17550,16700,17550,182766,4.464285714285714,8554,26.51,2.05,662,0.26,45,7909,-137,-35783,28011,0,49426,308,72996,60036,182766,41517,445,108779,32025,182766,139044350,-2494800,-621679850,485130300,0,852707400,5233000,1256155750,1036850550,3150946700,713663050,7727800,1877835600,551720250,3150946700
2021-10-18,17650,18400,17250,17300,410159,-1.4245014245014245,8554,26.13,2.02,662,0.26,45,-16116,-2101,13401,4816,0,104610,231,208985,96333,410159,120726,2332,195584,91517,410159,-250521100,-36855500,205683050,81693550,0,1865789300,4060600,3703453450,1712762200,7286065550,2116310400,40916100,3497770400,1631068650,7286065550
2021-10-19,17200,18300,17200,18250,326516,5.491329479768786,8554,27.57,2.13,662,0.25,45,125443,2316,-152130,24371,0,134919,2552,102287,86758,326516,9476,236,254417,62387,326516,2259889250,42185200,-2741870150,439795700,0,2430623250,46424100,1830864350,1559141300,5867053000,170734000,4238900,4572734500,1119345600,5867053000
2021-10-20,18250,18250,17550,17550,113217,-3.8356164383561646,8554,26.51,2.05,662,0.26,45,-2718,2755,21501,-21538,0,9338,5572,76172,22135,113217,12056,2817,54671,43673,113217,-48136400,48520150,382858850,-383242600,0,165600650,98419600,1355411700,393562700,2012994650,213737050,49899450,972552850,776805300,2012994650
2021-10-21,17600,18200,17400,17800,113378,1.4245014245014245,8554,26.89,2.08,662,0.25,45,8236,79,-21419,13104,0,41971,200,36008,35199,113378,33735,121,57427,22095,113378,147241300,1336500,-383516700,234938900,0,747370800,3520000,640835850,629257250,2020983900,600129500,2183500,1024352550,394318350,2020983900
2021-10-22,17600,17950,17550,17800,92130,0.0,8554,26.89,2.08,662,0.25,45,20577,-385,-14737,-5455,0,56016,0,21914,14200,92130,35439,385,36651,19655,92130,368329950,-6870650,-263963950,-97495350,0,998614500,0,389531350,252159450,1640305300,630284550,6870650,653495300,349654800,1640305300
2021-10-25,17850,18000,17450,17650,124764,-0.8426966292134831,8554,26.66,2.06,662,0.25,45,-29352,101,13496,15755,0,47419,236,46756,30353,124764,76771,135,33260,14598,124764,-515506450,1796000,237459550,276250900,0,837355850,4198700,825096850,535397600,2202049000,1352862300,2402700,587637300,259146700,2202049000
2021-10-26,17800,17950,17450,17800,57694,0.84985835694051,8554,26.89,2.08,662,0.25,45,8281,203,-24130,15646,0,14236,206,25726,17526,57694,5955,3,49856,1880,57694,147516650,3592800,-428772950,277663500,0,253154500,3646200,455890850,311128450,1023820000,105637850,53400,884663800,33464950,1023820000
2021-10-27,17800,17950,17500,17600,84735,-1.1235955056179776,8554,26.59,2.06,662,0.26,45,5555,214,-1151,-4618,0,33181,214,35521,15819,84735,27626,0,36672,20437,84735,98973050,3787850,-20526000,-82234900,0,585649300,3787850,626518750,278588650,1494544550,486676250,0,647044750,360823550,1494544550
2021-10-28,17500,17750,17100,17300,90058,-1.7045454545454544,8554,26.13,2.02,662,0.26,45,-2244,1266,-9693,10671,0,35068,2266,29271,23453,90058,37312,1000,38964,12782,90058,-38881300,21700300,-168082450,185263450,0,609558200,39150300,507208150,407551300,1563467950,648439500,17450000,675290600,222287850,1563467950
2021-10-29,17150,17400,16800,17200,148409,-0.5780346820809248,8554,25.98,2.01,662,0.26,45,-23015,-745,-9651,33411,0,57361,1569,33422,56057,148409,80376,2314,43073,22646,148409,-386938300,-12950450,-169755600,569644350,0,984169600,26763350,568142500,958286150,2537361600,1371107900,39713800,737898100,388641800,2537361600
2021-11-01,17300,17700,16950,17050,78403,-0.872093023255814,8554,25.76,1.99,662,0.26,45,-8101,333,5431,2337,0,28450,423,30967,18563,78403,36551,90,25536,16226,78403,-136220550,5730150,91133150,39357250,0,489183400,7308150,530164750,319199050,1345855350,625403950,1578000,439031600,279841800,1345855350
2021-11-02,16900,17400,16850,17300,95575,1.466275659824047,8554,26.13,2.02,662,0.26,45,-13455,-2635,-5436,21526,0,41642,1090,20174,32669,95575,55097,3725,25610,11143,95575,-229321350,-45491350,-95479900,370292600,0,716899150,18593500,345945550,561890650,1643328850,946220500,64084850,441425450,191598050,1643328850
2021-11-03,17350,17450,16650,16850,135195,-2.601156069364162,8554,25.45,1.97,662,0.27,45,-28936,1329,11330,16277,0,43542,1353,52979,37321,135195,72478,24,41649,21044,135195,-487141450,22412900,192260250,272468300,0,734842950,22827800,896716650,630406350,2284793750,1221984400,414900,704456400,357938050,2284793750
2021-11-04,17150,17500,16950,17150,164952,1.7804154302670623,8554,25.91,2.0,662,0.26,45,-1740,2106,-15122,14756,0,77391,2270,48311,36980,164952,79131,164,63433,22224,164952,-24216800,36128100,-263757750,251846450,0,1326201000,38949100,826140950,633408550,2824699600,1350417800,2821000,1089898700,381562100,2824699600
2021-11-05,17050,17450,16750,17200,111842,0.2915451895043732,8554,25.98,2.01,662,0.26,45,17627,-29,-18211,613,0,59170,31,31395,21246,111842,41543,60,49606,20633,111842,309713100,-516650,-316427250,7230800,0,1020256650,522850,535389750,362254650,1918423900,710543550,1039500,851817000,355023850,1918423900
2021-11-08,17200,17750,16850,17650,89438,2.616279069767442,8554,26.66,2.06,662,0.25,45,30832,-2884,-26132,-1816,0,36417,30,31729,21262,89438,5585,2914,57861,23078,89438,545248850,-51016100,-458169250,-36063500,0,642092600,510000,552159900,370531550,1565294050,96843750,51526100,1010329150,406595050,1565294050
2021-11-09,17700,17850,17450,17700,68650,0.28328611898017,8554,26.74,2.07,662,0.25,45,28642,-4974,-20739,-2929,0,39419,0,17256,11975,68650,10777,4974,37995,14904,68650,508304050,-88183550,-368199150,-51921350,0,698822000,0,304680900,211805850,1215308750,190517950,88183550,672880050,263727200,1215308750
2021-11-10,17550,18100,17550,17950,158640,1.4124293785310735,8554,27.11,2.1,662,0.25,45,76166,-30,-50915,-25221,0,95307,0,41353,21980,158640,19141,30,92268,47201,158640,1368051600,-540000,-915308000,-452203600,0,1710082150,0,739970300,393501800,2843554250,342030550,540000,1655278300,845705400,2843554250
2021-11-11,17900,17900,16700,16800,191996,-6.406685236768802,8554,25.38,1.96,662,0.27,45,-25997,1563,53447,-29013,0,54993,4258,107686,25059,191996,80990,2695,54239,54072,191996,-442590300,26903200,916599650,-500912550,0,933665500,72714450,1845446350,428005650,3279831950,1376255800,45811250,928846700,928918200,3279831950
2021-11-12,16800,18100,16550,17650,227465,5.059523809523809,8554,26.66,2.06,662,0.25,45,73512,-2849,-107187,36524,0,104013,1361,41783,80308,227465,30501,4210,148970,43784,227465,1310005800,-51057100,-1909095300,650146600,0,1849574600,24027500,731060050,1424350450,4029012600,539568800,75084600,2640155350,774203850,4029012600
2021-11-15,17400,18000,17000,17450,195475,-1.13314447592068,8554,26.36,2.04,662,0.26,45,11816,-1371,6837,-17282,0,89153,724,75496,30102,195475,77337,2095,68659,47384,195475,216690950,-24423750,108595450,-300862650,0,1565177000,12633900,1317712750,527105750,3422629400,1348486050,37057650,1209117300,827968400,3422629400
2021-11-16,17350,17950,17200,17750,103928,1.7191977077363898,8554,26.81,2.08,662,0.25,45,35671,1202,-17248,-19625,0,56623,1293,34115,11897,103928,20952,91,51363,31522,103928,631713900,21233950,-305957900,-346989950,0,998589650,22844400,601428000,207804700,1830666750,366875750,1610450,907385900,554794650,1830666750
2021-11-17,17600,18050,17100,17400,152917,-1.971830985915493,8554,26.28,2.03,662,0.26,45,-4874,1672,17116,-13914,0,58657,1702,70967,21591,152917,63531,30,53851,35505,152917,-71077500,29962250,295386150,-254270900,0,1034553200,30502250,1245074350,375101950,2685231750,1105630700,540000,949688200,629372850,2685231750
2021-11-18,17400,17750,17200,17600,94676,1.1494252873563218,8554,26.59,2.06,662,0.26,45,24583,-318,-18985,-5280,0,52919,30,30092,11635,94676,28336,348,49077,16915,94676,432972350,-5522400,-333756350,-93693600,0,927773250,520500,526495850,202933850,1657723450,494800900,6042900,860252200,296627450,1657723450
2021-11-19,17550,18750,17550,18550,364986,5.3977272727272725,8554,28.02,2.17,662,0.24,45,81060,12487,-102484,8937,0,129764,12988,150553,71681,364986,48704,501,253037,62744,364986,1488386850,233249650,-1879398850,157762350,0,2377965250,242459250,2753411150,1305936000,6679771650,889578400,9209600,4632810000,1148173650,6679771650
2021-11-22,18700,18700,16850,17100,352443,-7.816711590296496,8554,25.83,2.0,662,0.26,45,-20929,-573,90559,-69057,0,86728,1170,219366,45179,352443,107657,1743,128807,114236,352443,-361684400,-11586450,1583720900,-1210450050,0,1503376650,20170500,3831460350,780771350,6135778850,1865061050,31756950,2247739450,1991221400,6135778850
2021-11-23,17250,17550,16800,17100,124682,0.0,8554,25.83,2.0,662,0.26,45,2780,-2599,961,-1142,0,46265,1294,49481,27642,124682,43485,3893,48520,28784,124682,52523600,-44824450,12045000,-19744150,0,798796250,22018300,848254050,473805900,2142874500,746272650,66842750,836209050,493550050,2142874500
2021-11-24,17300,17850,16950,17150,173997,0.29239766081871343,8554,25.91,2.0,662,0.26,45,-24011,-921,18161,6771,0,47899,169,85640,40289,173997,71910,1090,67479,33518,173997,-404012150,-15942300,304542900,115411550,0,828350350,2895200,1473986350,696617850,3001849750,1232362500,18837500,1169443450,581206300,3001849750
2021-11-25,17100,17300,16350,16500,285836,-3.7900874635568513,8554,24.92,1.93,662,0.27,45,-78799,-14404,62950,30253,0,72205,359,154768,58504,285836,151004,14763,91818,28251,285836,-1306878450,-237583350,1049553900,494907900,0,1203116400,6030200,2580418500,970891550,4760456650,2509994850,243613550,1530864600,475983650,4760456650
2021-11-26,16400,16450,15250,15350,316962,-6.969696969696971,8554,23.19,1.79,662,0.29,45,-97559,-2788,83358,16989,0,53200,1420,203287,59055,316962,150759,4208,119929,42066,316962,-1506827100,-42249550,1303295200,245781450,0,831857900,22343250,3185940700,913485450,4953627300,2338685000,64592800,1882645500,667704000,4953627300
2021-11-29,14850,15650,14850,15200,197122,-0.9771986970684038,8554,22.96,1.78,662,0.3,45,-672,662,-14,24,0,68911,771,75312,52128,197122,69583,109,75326,52104,197122,-1502050,10040950,-1772200,-6766700,0,1056879700,11724050,1149490200,792877600,3010971550,1058381750,1683100,1151262400,799644300,3010971550
2021-11-30,15250,15500,14850,15050,229520,-0.9868421052631579,8554,22.73,1.76,662,0.3,45,-39640,-1697,-19677,61014,0,36442,208,77841,115029,229520,76082,1905,97518,54015,229520,-595801650,-25632300,-290331750,911765700,0,550439700,3104800,1174195700,1728456850,3456197050,1146241350,28737100,1464527450,816691150,3456197050
2021-12-01,15300,15350,14400,15000,240346,-0.33222591362126247,8554,22.66,1.75,662,0.3,45,-47480,2139,66328,-20987,0,37116,2359,120368,80503,240346,84596,220,54040,101490,240346,-685413800,31473050,970790550,-316849800,0,549869800,34769050,1769367600,1183610850,3537617300,1235283600,3296000,798577050,1500460650,3537617300
2021-12-02,14900,15400,14650,15050,185305,0.33333333333333337,8554,22.73,1.76,662,0.3,45,-376,615,28404,-28643,0,28121,675,81111,75398,185305,28497,60,52707,104041,185305,-2358750,9181250,427002850,-433825350,0,424045050,10094750,1219290000,1131567300,2784997100,426403800,913500,792287150,1565392650,2784997100
2021-12-03,15350,15800,15100,15400,244076,2.3255813953488373,8554,23.26,1.8,662,0.29,45,-32181,-351,42489,-9957,0,25252,96,114328,104400,244076,57433,447,71839,114357,244076,-488956000,-5407350,645048150,-150684800,0,388075150,1459300,1750935900,1604210150,3744680500,877031150,6866650,1105887750,1754894950,3744680500
2021-12-06,15150,15500,15050,15350,124894,-0.3246753246753247,8554,23.19,1.79,662,0.29,45,-26354,343,1775,24236,0,28989,1223,48037,46645,124894,55343,880,46262,22409,124894,-394629250,5344150,20830600,368454500,0,443605400,18682300,727399800,709437150,1899124650,838234650,13338150,706569200,340982650,1899124650
2021-12-07,15550,17900,15250,17500,872911,14.006514657980457,8554,26.44,2.05,662,0.26,45,89077,1715,-171033,80241,0,229886,7923,425704,209398,872911,140809,6208,596737,129157,872911,1463044400,29765450,-2841153900,1348344050,0,3905773300,138111250,7307905650,3547539300,14899329500,2442728900,108345800,10149059550,2199195250,14899329500
2021-12-08,17250,17950,17000,17600,376647,0.5714285714285714,8554,26.59,2.06,662,0.26,45,104876,-2928,-39476,-62472,0,149787,494,182758,43608,376647,44911,3422,222234,106080,376647,1868086550,-51417300,-718106600,-1098562650,0,2658700550,8651500,3194381350,765163800,6626897200,790614000,60068800,3912487950,1863726450,6626897200
2021-12-09,17400,17950,17350,17550,195825,-0.2840909090909091,8554,26.51,2.05,662,0.26,45,53379,-38,-69874,16533,0,109482,126,48576,37641,195825,56103,164,118450,21108,195825,940214950,-659750,-1228327650,288772450,0,1922545200,2220750,852781850,660418250,3437966050,982330250,2880500,2081109500,371645800,3437966050
2021-12-10,17250,17400,16500,16500,297791,-5.982905982905983,8554,24.92,1.93,662,0.27,45,-124572,150,85257,39165,0,66407,150,156636,74598,297791,190979,0,71379,35433,297791,-2087048300,2527500,1431177850,653342950,0,1126898300,2527500,2638466700,1254350000,5022242500,3213946600,0,1207288850,601007050,5022242500
2021-12-13,16500,16800,16350,16500,47738,0.0,8554,24.92,1.93,662,0.27,45,-2731,30,4833,-2132,0,11725,30,28365,7618,47738,14456,0,23532,9750,47738,-43938100,490500,78352950,-34905350,0,194918250,490500,468832050,126427700,790668500,238856350,0,390479100,161333050,790668500
2021-12-14,16150,16600,16150,16350,75294,-0.9090909090909091,8554,24.7,1.91,662,0.28,45,-5782,-1396,-14390,21568,0,10900,31,33943,30420,75294,16682,1427,48333,8852,75294,-93754700,-22545500,-237001150,353301350,0,178892900,500800,553499000,498017650,1230910350,272647600,23046300,790500150,144716300,1230910350
2021-12-15,16200,16550,16000,16000,57934,-2.1406727828746175,8554,24.17,1.87,662,0.28,45,-17132,308,24038,-7214,0,5276,308,41729,10621,57934,22408,0,17691,17835,57934,-276567350,4930750,388260750,-116624150,0,85788950,4930750,675141450,172729850,938591000,362356300,0,286880700,289354000,938591000
2021-12-16,16050,16100,15650,15800,94424,-1.25,8554,23.87,1.85,662,0.28,45,-10543,1627,13749,-4833,0,8075,1628,67369,17352,94424,18618,1,53620,22185,94424,-166018300,25660900,216510750,-76153350,0,128189650,25676900,1066425850,275408200,1495700600,294207950,16000,849915100,351561550,1495700600
2021-12-17,15750,16000,15650,15900,68247,0.6329113924050633,8554,24.02,1.86,662,0.28,45,2413,2651,3629,-8693,0,20810,2730,36779,7928,68247,18397,79,33150,16621,68247,39400200,42048850,55552400,-137001450,0,329916850,43291100,581562750,125944100,1080714800,290516650,1242250,526010350,262945550,1080714800
2021-12-20,15850,16000,15650,16000,53414,0.628930817610063,8554,24.17,1.87,662,0.28,45,5643,1763,-10638,3232,0,13157,1804,15808,22645,53414,7514,41,26446,19413,53414,90264250,27745100,-169890500,51881150,0,208975200,28401100,249476350,359146450,845999100,118710950,656000,419366850,307265300,845999100
2021-12-21,16000,16150,15600,15950,71015,-0.3125,8554,24.09,1.86,662,0.28,45,22459,1021,-23556,76,0,31048,1115,19801,19051,71015,8589,94,43357,18975,71015,359939850,16248600,-377165850,977400,0,497187100,17752400,314929900,304681850,1134551250,137247250,1503800,692095750,303704450,1134551250
2021-12-22,16350,17050,16250,16600,313136,4.075235109717868,8554,25.08,1.94,662,0.27,45,103315,-519,-127930,25134,0,157039,1336,101095,53666,313136,53724,1855,229025,28532,313136,1734755350,-8820050,-2151943250,426007950,0,2629932350,22354550,1690551900,903498450,5246337250,895177000,31174600,3842495150,477490500,5246337250
2021-12-23,16600,16750,16150,16300,135112,-1.8072289156626504,8554,24.62,1.91,662,0.28,45,35184,236,-31644,-3776,0,54733,266,64604,15509,135112,19549,30,96248,19285,135112,588481550,3886900,-528706550,-63661900,0,909008200,4389400,1059003650,254741200,2227142450,320526650,502500,1587710200,318403100,2227142450
2021-12-24,16300,16400,15950,16050,111363,-1.5337423312883436,8554,24.24,1.88,662,0.28,45,2538,-2218,11335,-11655,0,13140,557,89752,7914,111363,10602,2775,78417,19569,111363,41354500,-35971050,182857600,-188241050,0,212061800,8932300,1443841400,127720850,1792556350,170707300,44903350,1260983800,315961900,1792556350
2021-12-27,16100,16700,16000,16550,231524,3.115264797507788,8554,25.0,1.93,662,0.27,45,159526,-116,-170559,11149,0,161684,60,45922,23858,231524,2158,176,216481,12709,231524,2598143250,-1934000,-2778020700,181811450,0,2633143400,963000,746891650,388751150,3769749200,35000150,2897000,3524912350,206939700,3769749200
2021-12-28,16650,17000,16300,16950,277239,2.416918429003021,8554,25.6,1.98,662,0.27,45,204814,-1865,-189765,-13184,0,221174,275,43570,12220,277239,16360,2140,233335,25404,277239,3424551800,-31382050,-3170924800,-222244950,0,3699689100,4509900,723729400,203801700,4631730100,275137300,35891950,3894654200,426046650,4631730100
2021-12-29,16800,17000,16350,16400,149512,-3.2448377581120944,8554,24.77,1.92,662,0.27,45,-97742,130,121128,-23516,0,2892,134,140600,5886,149512,100634,4,19472,29402,149512,-1609452250,2133500,1997083850,-389765100,0,48001500,2199100,2319182900,97966050,2467349550,1657453750,65600,322099050,487731150,2467349550
2021-12-30,16400,17050,16250,16850,121139,2.7439024390243905,8554,25.45,1.97,662,0.27,45,36093,175,-41897,5629,0,62114,238,37963,20824,121139,26021,63,79860,15195,121139,616444800,2885750,-713787600,94457050,0,1045481400,3946250,627246650,347172050,2023846350,429036600,1060500,1341034250,252715000,2023846350
2022-01-03,16750,17000,16650,16800,59162,-0.2967359050445104,8554,25.38,1.96,662,0.27,45,-7529,-1203,20836,-12104,0,13151,0,41288,4723,59162,20680,1203,20452,16827,59162,-125492100,-20189400,348884650,-203203150,0,220683100,0,692082850,79166800,991932750,346175200,20189400,343198200,282369950,991932750
2022-01-04,16700,17550,16500,17250,243683,2.6785714285714284,8554,26.06,2.02,662,0.26,45,-629,724,30201,-30296,0,80032,850,144570,18231,243683,80661,126,114369,48527,243683,35232050,12073500,462310900,-509616450,0,1376893700,14235900,2421685250,306699300,4119514150,1341661650,2162400,1959374350,816315750,4119514150
2022-01-05,17000,17100,16500,16550,219236,-4.057971014492753,8554,25.0,1.93,662,0.27,45,-76196,1472,137279,-62555,0,37059,1472,170537,10168,219236,113255,0,33258,72723,219236,-1263407450,24672900,2281099450,-1042364900,0,616943500,24672900,2835809850,170078650,3647504900,1880350950,0,554710400,1212443550,3647504900
2022-01-06,16350,17050,16250,16500,193355,-0.3021148036253776,8554,24.92,1.93,662,0.27,45,13523,16,-28489,14950,0,73010,609,75023,44713,193355,59487,593,103512,29763,193355,227952150,109200,-476370950,248309600,0,1221098900,10051050,1253339300,745126300,3229615550,993146750,9941850,1729710250,496816700,3229615550
2022-01-07,16400,16700,16150,16550,132939,0.30303030303030304,8554,25.0,1.93,662,0.27,45,-72513,13225,67517,-8229,0,9682,13295,93176,16786,132939,82195,70,25659,25015,132939,-1194034200,219040650,1109857200,-134863650,0,160299100,220202650,1534761200,277089650,2192352600,1354333300,1162000,424904000,411953300,2192352600
2022-01-10,16350,17150,16150,16950,222787,2.416918429003021,8554,25.6,1.98,662,0.27,45,15315,2301,-2504,-15112,0,86930,2490,112046,21321,222787,71615,189,114550,36433,222787,293521250,37889200,-73495400,-257915050,0,1465070350,41057700,1849743100,355209850,3711081000,1171549100,3168500,1923238500,613124900,3711081000
2022-01-11,16650,16850,16050,16150,337276,-4.71976401179941,8554,24.4,1.89,662,0.28,45,-63229,2207,178336,-117314,0,41253,2247,258155,35621,337276,104482,40,79819,152935,337276,-1027792950,35834650,2900327900,-1908369600,0,675534300,36487650,4209645150,585111950,5506779050,1703327250,653000,1309317250,2493481550,5506779050
2022-01-12,16250,16250,15150,15350,549455,-4.953560371517028,8554,23.19,1.79,662,0.29,45,-173997,6254,281340,-113597,0,44695,8526,466653,29581,549455,218692,2272,185313,143178,549455,-2719149150,98067300,4369229900,-1748148050,0,686408550,132864800,7223662550,455955900,8498891800,3405557700,34797500,2854432650,2204103950,8498891800
2022-01-13,15350,15650,15200,15250,188678,-0.6514657980456027,8554,23.04,1.78,662,0.3,45,-17119,-10,41120,-23991,0,36795,46,125316,26521,188678,53914,56,84196,50512,188678,-258826950,-170400,628995650,-369998300,0,567716850,703100,1929777600,409131450,2907329000,826543800,873500,1300781950,779129750,2907329000
2022-01-14,15200,15300,15000,15100,100005,-0.9836065573770493,8554,22.81,1.77,662,0.3,45,-2187,-7,8574,-6380,0,9367,110,74017,16511,100005,11554,117,65443,22891,100005,-32682850,-97150,128888200,-96108200,0,141871050,1669000,1117862100,249918200,1511320350,174553900,1766150,988973900,346026400,1511320350
2022-01-17,15050,15250,15000,15150,55364,0.33112582781456956,8554,22.89,1.77,662,0.3,45,1866,-592,10551,-11825,0,19522,0,33975,1867,55364,17656,592,23424,13692,55364,28803200,-8909600,158614150,-178507750,0,295357650,0,513034750,28320600,836713000,266554450,8909600,354420600,206828350,836713000
2022-01-18,15200,15500,15100,15200,70242,0.33003300330033003,8554,22.96,1.78,662,0.3,45,8914,1,7231,-16146,0,18726,47,44392,7077,70242,9812,46,37161,23223,70242,136031800,-700,110003050,-246034150,0,285003000,710200,677590850,108095800,1071399850,148971200,710900,567587800,354129950,1071399850
2022-01-19,14900,15400,14900,15200,58038,0.0,8554,22.96,1.78,662,0.3,45,4219,-9,4556,-8766,0,15116,31,37205,5686,58038,10897,40,32649,14452,58038,64386000,-150650,69524300,-133759650,0,230440000,462350,567336950,86669800,884909100,166054000,613000,497812650,220429450,884909100
2022-01-20,15350,15750,15250,15400,80777,1.3157894736842104,8554,23.26,1.8,662,0.29,45,-6705,2472,11736,-7503,0,12818,2589,55818,9552,80777,19523,117,44082,17055,80777,-101110850,37950950,178106200,-114946300,0,198077650,39772850,862977550,148915550,1249743600,299188500,1821900,684871350,263861850,1249743600
2022-01-21,15200,15350,14900,14950,68436,-2.922077922077922,8554,22.58,1.75,662,0.3,45,-22106,806,28654,-7354,0,8140,850,50309,9137,68436,30246,44,21655,16491,68436,-330754650,12157000,429075000,-110477350,0,122769450,12828000,755698400,137472950,1028768800,453524100,671000,326623400,247950300,1028768800
2022-01-24,15100,15200,14500,14550,61652,-2.6755852842809364,8554,21.98,1.7,662,0.31,45,7286,-2259,2288,-7315,0,22912,130,31008,7602,61652,15626,2389,28720,14917,61652,110644700,-33551050,32762000,-109855650,0,340562450,1915200,457683950,112002900,912164500,229917750,35466250,424921950,221858550,912164500
2022-01-25,14750,14800,13850,14250,102768,-2.0618556701030926,8554,21.53,1.67,662,0.32,45,3004,280,7415,-10699,0,27543,319,57350,17556,102768,24539,39,49935,28255,102768,43747250,3974900,106118050,-153840200,0,390674600,4530650,811045600,246660950,1452911800,346927350,555750,704927550,400501150,1452911800
2022-01-26,14250,14500,13500,13850,176958,-2.807017543859649,8554,20.92,1.62,662,0.32,45,-71389,-7608,44234,34763,0,33161,1229,81891,60677,176958,104550,8837,37657,25914,176958,-981625950,-104136600,609302800,476459750,0,462697600,17366000,1134449500,838426800,2452939900,1444323550,121502600,525146700,361967050,2452939900
2022-01-27,14000,14000,12900,13050,237574,-5.776173285198556,8554,19.71,1.53,662,0.34,45,-96039,903,74435,20701,0,26152,1060,158302,52060,237574,122191,157,83867,31359,237574,-1258170100,11860250,982323400,263986450,0,345510250,13938500,2088541200,685786450,3133776400,1603680350,2078250,1106217800,421800000,3133776400
2022-01-28,13250,14250,13000,14250,143096,9.195402298850574,8554,21.53,1.67,662,0.32,45,52012,-55,-48333,-3624,0,72612,225,39321,30938,143096,20600,280,87654,34562,143096,737408300,-848750,-681979550,-54580000,0,1011197900,3026250,531446750,419075200,1964746100,273789600,3875000,1213426300,473655200,1964746100
2022-02-03,14250,14600,14150,14250,54615,0.0,8554,21.53,1.67,662,0.32,45,-186,746,8327,-8887,0,8972,882,36999,7762,54615,9158,136,28672,16649,54615,-2171700,10652500,119939450,-128420250,0,129014000,12611500,532151200,111340000,785116700,131185700,1959000,412211750,239760250,785116700
2022-02-04,14400,15600,14200,15550,155271,9.12280701754386,8554,23.49,1.82,662,0.29,45,37150,1016,-33135,-5031,0,46567,1598,73343,33763,155271,9417,582,106478,38794,155271,563727800,16181800,-498905900,-81003700,0,703444100,24794900,1111111050,503527500,2342877550,139716300,8613100,1610016950,584531200,2342877550
2022-02-07,15400,16250,15100,16100,233085,3.536977491961415,8554,24.32,1.88,662,0.28,45,30567,2249,-6597,-26219,0,72210,2400,126788,31687,233085,41643,151,133385,57906,233085,491068000,35077950,-120657700,-405488250,0,1133323550,37460750,1972682200,493095250,3636561750,642255550,2382800,2093339900,898583500,3636561750
2022-02-08,16250,16400,15500,15700,125322,-2.484472049689441,8554,23.72,1.84,662,0.29,45,14666,1352,1610,-17628,0,33207,3693,71883,16539,125322,18541,2341,70273,34167,125322,235624750,22171300,26815350,-284611400,0,527661900,59943100,1150094450,263703400,2001402850,292037150,37771800,1123279100,548314800,2001402850
2022-02-09,15800,16650,15650,16400,167484,4.45859872611465,8554,24.77,1.92,662,0.27,45,84219,-5010,-92309,13100,0,99669,140,41164,26511,167484,15450,5150,133473,13411,167484,1376591550,-80765000,-1507429050,211602500,0,1624341350,2324000,668209050,429269750,2724144150,247749800,83089000,2175638100,217667250,2724144150
2022-02-10,16200,16700,16200,16550,133285,0.9146341463414633,8554,25.0,1.93,662,0.27,45,35927,-500,-31266,-4161,0,78768,30,35408,19079,133285,42841,530,66674,23240,133285,592467300,-8237000,-515270250,-68960050,0,1296919900,486000,582751250,313972550,2194129700,704452600,8723000,1098021500,382932600,2194129700
2022-02-11,16150,16500,15800,16000,132674,-3.3232628398791544,8554,24.17,1.87,662,0.28,45,17585,60,-21818,4173,0,47251,120,56498,28805,132674,29666,60,78316,24632,132674,292042900,940500,-357554250,64570850,0,771803300,1920000,912712850,465077300,2151513450,479760400,979500,1270267100,400506450,2151513450
2022-02-14,16050,16250,15700,16000,120227,0.0,8554,24.17,1.87,662,0.28,45,19204,-4807,-22280,7883,0,51955,60,40708,27504,120227,32751,4867,62988,19621,120227,309785950,-76587400,-358857550,125659000,0,834637200,946500,651323050,439718050,1926624800,524851250,77533900,1010180600,314059050,1926624800
2022-02-15,16300,16350,14550,14650,235550,-8.4375,8554,22.13,1.71,662,0.31,45,-41507,-2739,50699,-6453,0,29749,1026,129880,74895,235550,71256,3765,79181,81348,235550,-611320050,-40065000,764226750,-112841700,0,444948000,15991000,1950235950,1121553750,3532728700,1056268050,56056000,1186009200,1234395450,3532728700
2022-02-16,15100,16150,14900,15800,376546,7.849829351535837,8554,23.87,1.85,662,0.28,45,120624,2655,-69660,-53619,0,207513,3005,102122,63906,376546,86889,350,171782,117525,376546,1931023000,42300700,-1114129550,-859194150,0,3309972150,47681800,1611230500,1010378600,5979263050,1378949150,5381100,2725360050,1869572750,5979263050
2022-02-17,15800,16600,15700,16300,296884,3.1645569620253164,8554,24.62,1.91,662,0.28,45,95480,8623,-59663,-44440,0,155101,11089,99051,31643,296884,59621,2466,158714,76083,296884,1558332700,142457300,-968599850,-732190150,0,2526614200,182378250,1610405750,509843200,4829241400,968281500,39920950,2579005600,1242033350,4829241400
2022-02-18,16050,16250,15750,15850,82251,-2.7607361963190185,8554,23.94,1.85,662,0.28,45,-14422,81,27407,-13066,0,7452,81,64343,10375,82251,21874,0,36936,23441,82251,-227896450,1288200,434132650,-207524400,0,118902900,1288200,1022562450,165758200,1308511750,346799350,0,588429800,373282600,1308511750
2022-02-21,15700,16600,15550,16400,140455,3.4700315457413247,8554,24.77,1.92,662,0.27,45,50036,-29,-52995,2988,0,74066,142,46384,19863,140455,24030,171,99379,16875,140455,827671200,-518850,-873040900,45888550,0,1213071800,2262150,745808850,319956450,2281099250,385400600,2781000,1618849750,274067900,2281099250
2022-02-22,16300,16650,16000,16500,154919,0.6097560975609756,8554,24.92,1.93,662,0.27,45,82674,-6590,-67055,-9029,0,93588,30,44188,17113,154919,10914,6620,111243,26142,154919,1366034700,-108740550,-1108885050,-148409100,0,1544222200,486000,723800750,280401850,2548910800,178187500,109226550,1832685800,428810950,2548910800
2022-02-23,16600,17200,16300,16950,281382,2.727272727272727,8554,25.6,1.98,662,0.27,45,73421,3288,-55054,-21655,0,148619,6908,101005,24850,281382,75198,3620,156059,46505,281382,1248273300,55497750,-940615350,-363155700,0,2509923000,117246250,1697314150,416332850,4740816250,1261649700,61748500,2637929500,779488550,4740816250
2022-02-24,16650,16800,16050,16750,177052,-1.1799410029498525,8554,25.3,1.96,662,0.27,45,47500,32,-9596,-37936,0,89496,1592,69624,16340,177052,41996,1560,79220,54276,177052,796804350,843800,-171943500,-625704650,0,1484177900,26294300,1139694900,269338900,2919506000,687373550,25450500,1311638400,895043550,2919506000
2022-02-25,16850,16900,16050,16600,209176,-0.8955223880597015,8554,25.08,1.94,662,0.27,45,6086,26314,27431,-59831,0,77444,26571,89896,15265,209176,71358,257,62465,75096,209176,106768950,435993800,437092000,-979854750,0,1275888800,440250750,1469790600,249632450,3435562600,1169119850,4256950,1032698600,1229487200,3435562600
2022-02-28,16600,16700,16150,16250,79862,-2.108433734939759,8554,24.55,1.9,662,0.28,45,-26041,-13,33608,-7554,0,20094,66,49563,10139,79862,46135,79,15955,17693,79862,-423854950,-217650,548154600,-124082000,0,328043050,1074000,809455800,165159700,1303732550,751898000,1291650,261301200,289241700,1303732550
2022-03-02,16200,16400,16050,16150,85549,-0.6153846153846154,8554,24.4,1.89,662,0.28,45,-31083,-179,16533,14729,0,14239,9,52225,19076,85549,45322,188,35692,4347,85549,-501616550,-2915250,266059600,238472200,0,231097050,145200,844145050,308855900,1384243200,732713600,3060450,578085450,70383700,1384243200
2022-03-03,16100,16450,16050,16300,67816,0.9287925696594427,8554,24.62,1.91,662,0.28,45,-8108,-187,3242,5053,0,16830,0,35621,15365,67816,24938,187,32379,10312,67816,-130173900,-3029400,50884850,82318450,0,273297000,0,577411300,249693900,1100402200,403470900,3029400,526526450,167375450,1100402200
2022-03-04,16200,16550,16100,16350,51021,0.3067484662576687,8554,24.7,1.91,662,0.28,45,10592,-195,-17816,7419,0,16670,0,18973,15378,51021,6078,195,36789,7959,51021,174495400,-3173650,-292863500,121541750,0,273599000,0,308706200,251459950,833765150,99103600,3173650,601569700,129918200,833765150
2022-03-07,16050,16250,14800,14950,337784,-8.56269113149847,8554,22.58,1.75,662,0.3,45,-209513,-12743,210891,11365,0,23030,1333,270133,43288,337784,232543,14076,59242,31923,337784,-3160614750,-191547400,3185620000,166542150,0,346522100,20131450,4092759600,657301000,5116714150,3507136850,211678850,907139600,490758850,5116714150
2022-03-08,14950,15050,14600,14900,146564,-0.33444816053511706,8554,22.51,1.74,662,0.3,45,2679,348,19324,-22351,0,56116,480,60817,29151,146564,53437,132,41493,51502,146564,42068800,5094700,283136800,-330300300,0,833400200,7055300,898373350,432086800,2170915650,791331400,1960600,615236550,762387100,2170915650
2022-03-10,15100,15250,14000,14300,410116,-4.026845637583892,8554,21.6,1.67,662,0.31,45,-205273,-544,185969,19848,0,58781,709,279594,71032,410116,264054,1253,93625,51184,410116,-2937390100,-8529650,2669543950,276375800,0,844797450,10135300,4023944400,1020949950,5899827100,3782187550,18664950,1354400450,744574150,5899827100
2022-03-11,14300,14700,14100,14500,263792,1.3986013986013985,8554,21.9,1.7,662,0.31,45,-59318,-75,36360,23033,0,28840,56,170838,64058,263792,88158,131,134478,41025,263792,-847634750,-1095150,523426650,325303250,0,415737300,797350,2457539600,918932900,3793007150,1263372050,1892500,1934112950,593629650,3793007150
2022-03-14,14450,14500,14150,14250,104677,-1.7241379310344827,8554,21.53,1.67,662,0.32,45,-22267,-108,21428,947,0,29287,25,56123,19242,104677,51554,133,34695,18295,104677,-316243600,-1565600,304677250,13131950,0,417921150,355400,799648400,274472950,1492397900,734164750,1921000,494971150,261341000,1492397900
2022-03-15,14250,14750,14050,14500,162017,1.7543859649122806,8554,21.9,1.7,662,0.31,45,-11900,806,15401,-4307,0,46784,1076,88610,25547,162017,58684,270,73209,29854,162017,-169494950,11831700,219443200,-61779950,0,682080500,15730800,1286285650,371094750,2355191700,851575450,3899100,1066842450,432874700,2355191700
2022-03-16,14800,14900,14400,14550,122747,0.3448275862068966,8554,21.98,1.7,662,0.31,45,-39585,895,48403,-9713,0,14631,2121,91302,14693,122747,54216,1226,42899,24406,122747,-574034800,13359900,702555550,-141880650,0,212750100,31355600,1332623350,214308050,1791037100,786784900,17995700,630067800,356188700,1791037100
2022-03-17,14850,15150,14350,14750,235461,1.3745704467353952,8554,22.28,1.72,662,0.31,45,-40625,2133,29324,9168,0,72034,2411,112889,48127,235461,112659,278,83565,38959,235461,-593374150,31377050,425613800,136383300,0,1065092600,35504350,1665293000,712620150,3478510100,1658466750,4127300,1239679200,576236850,3478510100
2022-03-18,14850,15000,14450,14600,216714,-1.0169491525423728,8554,22.05,1.71,662,0.31,45,-49226,186,68495,-19455,0,38318,811,136591,40994,216714,87544,625,68096,60449,216714,-713597150,2590850,998376850,-287370550,0,561340400,11773600,1996770850,598400500,3168285350,1274937550,9182750,998394000,885771050,3168285350
2022-03-21,14650,14900,14400,14850,100283,1.7123287671232876,8554,22.43,1.74,662,0.3,45,-2093,-2431,-26197,30721,0,12462,2002,43340,42479,100283,14555,4433,69537,11758,100283,-29968650,-35258300,-389067150,454294100,0,184178900,29652100,636640800,626792350,1477264150,214147550,64910400,1025707950,172498250,1477264150
2022-03-22,14850,14900,14550,14800,156018,-0.33670033670033667,8554,22.36,1.73,662,0.3,45,-47536,-105,27898,19743,0,40396,6,71801,43815,156018,87932,111,43903,24072,156018,-695039900,-1555350,407599700,288995550,0,593668200,87450,1053864400,643607100,2291227150,1288708100,1642800,646264700,354611550,2291227150
2022-03-23,14800,14900,14600,14850,196828,0.33783783783783783,8554,22.43,1.74,662,0.3,45,-31962,96,9986,21880,0,57156,135,103448,36089,196828,89118,39,93462,14209,196828,-466414250,1420800,142192650,322800800,0,843750000,1998000,1522641600,532092300,2900481900,1310164250,577200,1380448950,209291500,2900481900
2022-03-24,14700,15300,14650,15250,207221,2.6936026936026933,8554,23.04,1.78,662,0.3,45,5852,1773,-48606,40981,0,65236,2200,80524,59261,207221,59384,427,129130,18280,207221,90674400,26963850,-730781700,613143450,0,986092750,33440000,1211656400,889479200,3120668350,895418350,6476150,1942438100,276335750,3120668350
2022-03-25,15150,15400,14950,15250,197827,0.0,8554,23.04,1.78,662,0.3,45,29692,-112,-8416,-21164,0,82596,30,95877,19324,197827,52904,142,104293,40488,197827,453653400,-1718500,-132133450,-319801450,0,1253918800,448500,1452650900,293793550,3000811750,800265400,2167000,1584784350,613595000,3000811750
2022-03-28,15150,15550,15050,15550,154534,1.9672131147540985,8554,23.49,1.82,662,0.29,45,33601,1395,-41944,6948,0,64119,1608,60213,28594,154534,30518,213,102157,21646,154534,522418900,21498600,-651466150,107548650,0,991351750,24784950,925695850,440057950,2381890500,468932850,3286350,1577162000,332509300,2381890500
2022-03-29,15550,15650,15000,15250,179048,-1.929260450160772,8554,23.04,1.78,662,0.3,45,-37174,142,53112,-16080,0,42266,325,112090,24367,179048,79440,183,58978,40447,179048,-560326900,2146000,803699150,-245518250,0,644437300,4985500,1703525150,369955200,2722903150,1204764200,2839500,899826000,615473450,2722903150
2022-03-30,15350,15450,15150,15150,109930,-0.6557377049180327,8554,22.89,1.77,662,0.3,45,-35747,371,23746,11630,0,14981,411,64481,30057,109930,50728,40,40735,18427,109930,-543846700,5665800,359783950,178396950,0,228759600,6283300,982750200,459610600,1677403700,772606300,617500,622966250,281213650,1677403700
2022-03-31,15200,15400,14950,15350,125269,1.3201320132013201,8554,23.19,1.79,662,0.29,45,-12614,22,-18331,30923,0,40432,63,45813,38961,125269,53046,41,64144,8038,125269,-183222350,319750,-286379450,469282050,0,619242600,946500,691621600,591300200,1903110900,802464950,626750,978001050,122018150,1903110900
2022-04-01,15150,15250,15050,15100,74783,-1.6286644951140066,8554,22.81,1.77,662,0.3,45,-38656,-32,43025,-4337,0,2652,18,63824,8289,74783,41308,50,20799,12626,74783,-584309250,-485850,650388700,-65593600,0,40144950,271650,964883000,125368000,1130667600,624454200,757500,314494300,190961600,1130667600
2022-04-04,15000,15650,14950,15500,145110,2.6490066225165565,8554,23.41,1.81,662,0.29,45,2263,-90,-31104,28931,0,36411,0,64860,43839,145110,34148,90,95964,14908,145110,37947000,-1398000,-482173550,445624550,0,562220100,0,996159150,674841850,2233221100,524273100,1398000,1478332700,229217300,2233221100
2022-04-05,15600,15750,15300,15600,76127,0.6451612903225806,8554,23.56,1.82,662,0.29,45,-9582,64,2738,6780,0,8939,64,50588,16536,76127,18521,0,47850,9756,76127,-147772900,1001600,41149000,105622300,0,139026350,1001600,785827100,257276450,1183131500,286799250,0,744678100,151654150,1183131500
2022-04-06,15450,15700,15200,15300,145659,-1.9230769230769231,8554,23.11,1.79,662,0.29,45,-42269,39,32696,9534,0,26134,39,94297,25189,145659,68403,0,61601,15655,145659,-647617650,595200,500740550,146281900,0,404840650,595200,1451606050,388289100,2245331000,1052458300,0,950865500,242007200,2245331000
2022-04-07,15100,15150,14700,15000,163503,-1.9607843137254901,8554,22.66,1.75,662,0.3,45,-35563,130,51256,-15823,0,28803,133,115311,19256,163503,64366,3,64055,35079,163503,-524920050,1940650,760626400,-237647000,0,429655500,1985500,1714762700,286052700,2432456400,954575550,44850,954136300,523699700,2432456400
2022-04-08,15000,15050,14750,15050,62980,0.33333333333333337,8554,22.73,1.76,662,0.3,45,-8953,-33,14364,-5378,0,7157,12,47559,8252,62980,16110,45,33195,13630,62980,-133361000,-492950,213710250,-79856300,0,107082000,177900,709259650,123289600,939809150,240443000,670850,495549400,203145900,939809150
2022-04-11,14900,15200,14850,15050,64362,0.0,8554,22.73,1.76,662,0.3,45,-7683,-322,5635,2370,0,21818,0,32570,9974,64362,29501,322,26935,7604,64362,-113907550,-4853450,83185250,35575750,0,328822500,0,489008000,149701050,967531550,442730050,4853450,405822750,114125300,967531550
2022-04-12,14900,15150,14850,15150,64374,0.6644518272425249,8554,22.89,1.77,662,0.3,45,7967,-32,-12774,4839,0,25864,0,24058,14452,64374,17897,32,36832,9613,64374,120477200,-481600,-193525100,73529500,0,388969100,0,360965350,217828950,967763400,268491900,481600,554490450,144299450,967763400
2022-04-13,15200,15250,14950,15150,102142,0.0,8554,22.89,1.77,662,0.3,45,-21331,-165,18478,3018,0,33478,0,55713,12951,102142,54809,165,37235,9933,102142,-320892400,-2484450,277252600,46124250,0,507132800,0,841278850,196140050,1544551700,828025200,2484450,564026250,150015800,1544551700
2022-04-14,15100,15700,15000,15600,197209,2.9702970297029703,8554,23.56,1.82,662,0.29,45,47278,6128,-97459,44053,0,62894,10610,51993,71712,197209,15616,4482,149452,27659,197209,736504450,96130450,-1505669000,673034100,0,978275100,165599500,802363400,1103954600,3050192600,241770650,69469050,2308032400,430920500,3050192600
2022-04-15,15500,16450,15300,16350,455371,4.807692307692308,8554,24.7,1.91,662,0.28,45,139086,4907,-171629,27636,0,197291,9359,170490,78231,455371,58205,4452,342119,50595,455371,2252675450,79067650,-2767287650,435544550,0,3190316350,151840450,2745464750,1252011900,7339633450,937640900,72772800,5512752400,816467350,7339633450
2022-04-18,16300,17000,16050,16750,288029,2.4464831804281344,8554,25.3,1.96,662,0.27,45,109249,20831,-107171,-22909,0,135409,20921,97851,33848,288029,26160,90,205022,56757,288029,1831898300,351956300,-1800604750,-383249850,0,2268902000,353463800,1619582450,560921000,4802869250,437003700,1507500,3420187200,944170850,4802869250
2022-04-19,16600,17000,16150,16950,237331,1.1940298507462688,8554,25.6,1.98,662,0.27,45,33360,6376,-8130,-31606,0,93690,6469,114562,22610,237331,60330,93,122692,54216,237331,578859050,105376850,-158743400,-525492500,0,1564577300,106934450,1877840700,372712050,3922064500,985718250,1557600,2036584100,898204550,3922064500
2022-04-20,16750,16900,16350,16650,204727,-1.7699115044247788,8554,25.15,1.95,662,0.27,45,-10058,3034,24849,-17825,0,82296,3064,105840,13527,204727,92354,30,80991,31352,204727,-161175450,50499600,405917200,-295241350,0,1368073200,51002100,1755062100,225993250,3400130650,1529248650,502500,1349144900,521234600,3400130650
2022-04-21,16800,16800,16450,16500,78995,-0.9009009009009009,8554,24.92,1.93,662,0.27,45,-8080,-6137,7354,6863,0,12889,4,51928,14174,78995,20969,6141,44574,7311,78995,-133039050,-101456650,120891450,113604250,0,213970850,66000,859085800,234824700,1307947350,347009900,101522650,738194350,121220450,1307947350
2022-04-22,16300,17000,16150,16900,159297,2.4242424242424243,8554,25.53,1.98,662,0.27,45,26503,-38,-43694,17229,0,72168,60,46392,40677,159297,45665,98,90086,23448,159297,462945450,-667700,-745153400,282875650,0,1215887100,975000,759906650,673249400,2650018150,752941650,1642700,1505060050,390373750,2650018150
2022-04-25,16400,16750,16000,16450,210387,-2.6627218934911245,8554,24.85,1.92,662,0.27,45,32362,-2727,-12059,-17576,0,69621,132,117700,22934,210387,37259,2859,129759,40510,210387,538457700,-44074250,-205870400,-288513050,0,1142701750,2145900,1910091950,373748000,3428687600,604244050,46220150,2115962350,662261050,3428687600
2022-04-26,16450,16550,16200,16350,68459,-0.60790273556231,8554,24.7,1.91,662,0.28,45,-13774,-890,14900,-236,0,14665,34,40479,13281,68459,28439,924,25579,13517,68459,-222886000,-14635750,242177150,-4655400,0,239910350,551400,660865400,216993700,1118320850,462796350,15187150,418688250,221649100,1118320850
2022-04-27,15950,16400,15800,16350,127793,0.0,8554,24.7,1.91,662,0.28,45,15977,4,-21113,5132,0,52716,64,55751,19262,127793,36739,60,76864,14130,127793,265810750,39900,-345928750,80078100,0,854894250,1019400,889279450,308596200,2053789300,589083500,979500,1235208200,228518100,2053789300
2022-04-28,16250,16850,16200,16350,105326,0.0,8554,24.7,1.91,662,0.28,45,11048,-30,-23473,12455,0,41658,30,39262,24376,105326,30610,60,62735,11921,105326,188180300,-510000,-390847300,203177000,0,689309400,490500,645104550,399835650,1734740100,501129100,1000500,1035951850,196658650,1734740100
2022-04-29,16600,16650,16350,16500,67211,0.9174311926605505,8554,24.92,1.93,662,0.27,45,-1172,-17,3647,-2458,0,27754,3,32005,7449,67211,28926,20,28358,9907,67211,-16601100,-280650,57492250,-40610500,0,458476450,49350,525954550,122768250,1107248600,475077550,330000,468462300,163378750,1107248600
2022-05-02,16750,17300,16400,17100,199548,3.6363636363636362,8858,0.0,1.93,0,0.26,45,110515,-120,-100613,-9782,0,136140,0,36047,27361,199548,25625,120,136660,37143,199548,1885168550,-2040000,-1713297350,-169831200,0,2317844050,0,606415700,464227550,3388487300,432675500,2040000,2319713050,634058750,3388487300
2022-05-03,16950,17250,16500,16550,93791,-3.216374269005848,8858,0.0,1.87,0,0.27,45,-24434,-2670,40193,-13089,0,16458,112,69346,7875,93791,40892,2782,29153,20964,93791,-403205100,-44275950,670651350,-223170300,0,279367550,1876500,1160906950,132275850,1574426850,682572650,46152450,490255600,355446150,1574426850
2022-05-04,16550,16800,16450,16700,50525,0.906344410876133,8858,0.0,1.89,0,0.27,45,-11511,30,15659,-4178,0,9412,30,35952,5131,50525,20923,0,20293,9309,50525,-189695100,495000,258574050,-69373950,0,156007000,495000,595228850,84933100,836663950,345702100,0,336654800,154307050,836663950
2022-05-06,16450,16600,15800,16500,172990,-1.1976047904191618,8858,0.0,1.86,0,0.27,45,4851,30,12134,-17015,0,57702,142,101075,14071,172990,52851,112,88941,31086,172990,93642050,443700,182408000,-276493750,0,938054800,2282000,1621658300,227017600,2789012700,844412750,1838300,1439250300,503511350,2789012700
2022-05-09,16150,16200,15100,15150,256031,-8.181818181818182,8858,0.0,1.71,0,0.3,45,-84689,-1989,110600,-23922,0,52698,796,185745,16792,256031,137387,2785,75145,40714,256031,-1298370000,-30538600,1700841950,-371933350,0,806848700,12251100,2859627200,257812650,3936539650,2105218700,42789700,1158785250,629746000,3936539650
2022-05-10,14800,15100,14650,14900,165066,-1.65016501650165,8858,0.0,1.68,0,0.3,45,-80581,-2310,69850,13041,0,28416,101,107738,28811,165066,108997,2411,37888,15770,165066,-1191101100,-34146450,1031768250,193479300,0,422048100,1490800,1593544800,427079700,2444163400,1613149200,35637250,561776550,233600400,2444163400
2022-05-11,14900,14950,14500,14800,172786,-0.6711409395973155,8858,0.0,1.67,0,0.3,45,-68804,-2345,49859,21290,0,37680,86,92983,42037,172786,106484,2431,43124,20747,172786,-1004223800,-34347850,727590850,310980800,0,554636200,1255050,1362045650,617049650,2534986550,1558860000,35602900,634454800,306068850,2534986550
2022-05-12,14500,14550,13850,14050,227098,-5.0675675675675675,8858,0.0,1.59,0,0.32,45,-129311,-10157,121162,18306,0,21740,224,157908,47226,227098,151051,10381,36746,28920,227098,-1821299950,-142947100,1710799150,253447900,0,306860800,3177200,2232973450,665576900,3208588350,2128160750,146124300,522174300,412129000,3208588350
2022-05-13,14200,14700,13900,14600,171747,3.9145907473309607,8858,0.0,1.65,0,0.31,45,8407,-2504,-5331,-572,0,58156,30,79664,33897,171747,49749,2534,84995,34469,171747,131593650,-35621000,-90856100,-5116550,0,836340150,417000,1127604950,483864450,2448226550,704746500,36038000,1218461050,488981000,2448226550
2022-05-16,14800,15500,14650,15350,221396,5.136986301369863,8858,0.0,1.73,0,0.29,45,67563,-11057,-56214,-292,0,113283,1571,70565,35977,221396,45720,12628,126779,36269,221396,1029852800,-166650950,-860568150,-2633700,0,1721048800,24034850,1067396550,546936650,3359416850,691196000,190685800,1927964700,549570350,3359416850
2022-05-17,15100,17200,15100,16650,559323,8.469055374592834,8858,0.0,1.88,0,0.27,45,206607,1382,-139981,-68008,0,240710,4443,214330,99840,559323,34103,3061,354311,167848,559323,3386864450,26414050,-2275433550,-1137844950,0,3945691450,74159850,3546958250,1628284050,9195093600,558827000,47745800,5822391800,2766129000,9195093600
2022-05-18,16650,17100,16000,16200,243479,-2.7027027027027026,8858,0.0,1.83,0,0.28,45,-24077,-3356,22420,5013,0,76761,129,116630,49959,243479,100838,3485,94210,44946,243479,-382884900,-54863750,356758250,80990400,0,1269128700,2097400,1913934200,827714900,4012875200,1652013600,56961150,1557175950,746724500,4012875200
2022-05-19,15850,16050,15450,15550,174918,-4.012345679012346,8858,0.0,1.76,0,0.29,45,-10918,136,34031,-23249,0,62491,166,76231,36030,174918,73409,30,42200,59279,174918,-168706450,2125300,532600450,-366019300,0,985768950,2603800,1197054050,567307400,2752734200,1154475400,478500,664453600,933326700,2752734200
2022-05-20,15550,16150,15500,16000,98981,2.8938906752411575,8858,0.0,1.81,0,0.28,45,27712,-84,-17001,-10627,0,60611,20,22227,16123,98981,32899,104,39228,26750,98981,441892450,-1352250,-271181600,-169358600,0,962138400,315250,351691400,254504750,1568649800,520245950,1667500,622873000,423863350,1568649800
2022-05-23,16000,16200,15450,15900,101873,-0.625,8858,0.0,1.79,0,0.28,45,-4734,-4547,7876,1405,0,38956,70,47433,15414,101873,43690,4617,39557,14009,101873,-63870450,-70631650,112741450,21760650,0,623918200,1093950,745428200,244549400,1614989750,687788650,71725600,632686750,222788750,1614989750
2022-05-24,15800,15850,15150,15200,92491,-4.40251572327044,8858,0.0,1.72,0,0.3,45,-50921,-2512,57177,-3744,0,4742,187,78771,8791,92491,55663,2699,21594,12535,92491,-784538450,-38649900,882031600,-58843250,0,73248700,2890600,1214237700,135571100,1425948100,857787150,41540500,332206100,194414350,1425948100
2022-05-25,15300,15950,15100,15650,98546,2.9605263157894735,8858,0.0,1.77,0,0.29,45,6811,2216,2074,-11101,0,37005,2407,52155,6979,98546,30194,191,50081,18080,98546,107192350,34863650,32525600,-174581600,0,577246800,37865250,815599650,108422150,1539133850,470054450,3001600,783074050,283003750,1539133850
2022-05-26,15450,16250,15450,15850,165448,1.2779552715654952,8858,0.0,1.79,0,0.28,45,29547,1637,-37948,6764,0,90294,2240,50105,22809,165448,60747,603,88053,16045,165448,485444050,26222950,-617016650,105349650,0,1454539400,35957200,801012800,362922550,2654431950,969095350,9734250,1418029450,257572900,2654431950
2022-05-27,16150,16300,15800,15950,59448,0.6309148264984227,8858,0.0,1.8,0,0.28,45,7597,-30,-1670,-5897,0,36469,30,18337,4612,59448,28872,60,20007,10509,59448,122965100,-496500,-27815400,-94653200,0,582195050,475500,292906450,73536250,949113250,459229950,972000,320721850,168189450,949113250
2022-05-30,16300,16300,15800,15800,61452,-0.9404388714733543,8858,0.0,1.78,0,0.28,45,7145,79,14258,-21482,0,9753,110,41253,10336,61452,2608,31,26995,31818,61452,114704100,1261000,226301100,-342266200,0,156254750,1765850,656716250,164608500,979345350,41550650,504850,430415150,506874700,979345350
2022-05-31,15800,16000,15550,15800,94278,0.0,8858,0.0,1.78,0,0.28,45,-18004,233,-6789,24560,0,33570,274,25755,34679,94278,51574,41,32544,10119,94278,-281668350,3709950,-111030200,388988600,0,533917600,4359250,406423050,549242400,1493942300,815585950,649300,517453250,160253800,1493942300
2022-06-02,15700,15800,15450,15600,89966,-1.2658227848101267,8858,0.0,1.76,0,0.29,45,-48682,-64,30772,17974,0,8289,49,54844,26784,89966,56971,113,24072,8810,89966,-759023650,-1001500,479951100,280074050,0,129650650,762350,855975800,417922750,1404311550,888674300,1763850,376024700,137848700,1404311550
2022-06-03,15700,16100,15650,16050,125116,2.8846153846153846,8858,0.0,1.81,0,0.28,45,45933,-83,-42776,-3074,0,62030,0,28106,34980,125116,16097,83,70882,38054,125116,734470050,-1331400,-684756050,-48382600,0,990123550,0,445837100,556931200,1992891850,255653500,1331400,1130593150,605313800,1992891850
2022-06-07,15950,16150,15700,15950,77706,-0.6230529595015576,8858,0.0,1.8,0,0.28,45,9080,0,-9523,443,0,40190,14,23954,13548,77706,31110,14,33477,13105,77706,147489450,-3600,-154196750,6710900,0,641986550,220300,381058150,215926500,1239191500,494497100,223900,535254900,209215600,1239191500
2022-06-08,15850,16100,15400,15600,89612,-2.19435736677116,8858,0.0,1.76,0,0.29,45,-15804,183,42557,-26936,0,16675,183,62318,10436,89612,32479,0,19761,37372,89612,-246655350,2862150,664637950,-420844750,0,260654200,2862150,973440250,163229450,1400186050,507309550,0,308802300,584074200,1400186050
2022-06-09,15500,15750,15400,15750,70056,0.9615384615384616,8858,0.0,1.78,0,0.29,45,-14388,30,-7476,21834,0,26358,30,17011,26657,70056,40746,0,24487,4823,70056,-222428100,462000,-118608050,340574150,0,413777800,462000,263669850,416160150,1094069800,636205900,0,382277900,75586000,1094069800
2022-06-10,15500,15600,15000,15150,169148,-3.8095238095238098,8858,0.0,1.71,0,0.3,45,-91260,105,64202,26953,0,24817,105,96165,48061,169148,116077,0,31963,21108,169148,-1384232100,1593850,973882500,408755750,0,377546950,1593850,1461539950,730191950,2570872700,1761779050,0,487657450,321436200,2570872700
2022-06-13,14800,15000,14200,14300,166501,-5.6105610561056105,8858,0.0,1.61,0,0.31,45,-45814,-3867,62300,-12619,0,26518,1133,109317,29533,166501,72332,5000,47017,42152,166501,-658248250,-56174900,898287900,-183864750,0,383147150,16325100,1577062800,423702300,2400237350,1041395400,72500000,678774900,607567050,2400237350
2022-06-14,14100,14400,13500,14150,218304,-1.048951048951049,8858,0.0,1.6,0,0.32,45,-57054,1269,44860,10925,0,40227,1633,127374,49070,218304,97281,364,82514,38145,218304,-777403600,17692500,618663700,141047400,0,567630950,22722200,1768227800,677908300,3036489250,1345034550,5029700,1149564100,536860900,3036489250
2022-06-15,14000,14450,13850,14050,140258,-0.7067137809187279,8858,0.0,1.59,0,0.32,45,-2923,1953,5850,-4880,0,54060,2013,57300,26885,140258,56983,60,51450,31765,140258,-37881250,27570550,81835550,-71524850,0,764165000,28430050,807582450,378372650,1978550150,802046250,859500,725746900,449897500,1978550150
2022-06-16,14300,14650,14150,14200,87325,1.0676156583629894,8858,0.0,1.6,0,0.32,45,10015,-30,-14610,4625,0,44346,40,24361,18578,87325,34331,70,38971,13953,87325,147687400,-446050,-213171100,65929750,0,642471650,567950,350886050,267878450,1261804100,494784250,1014000,564057150,201948700,1261804100
2022-06-17,13950,14500,13700,14350,117607,1.056338028169014,8858,0.0,1.62,0,0.31,45,8502,869,10571,-19942,0,42449,992,49440,24726,117607,33947,123,38869,44668,117607,125966550,11909000,141073100,-278948650,0,599184550,13650950,689315950,345341500,1647492950,473218000,1741950,548242850,624290150,1647492950
2022-06-20,14550,14550,13250,13550,166184,-5.574912891986063,8858,0.0,1.53,0,0.33,45,-72131,-5281,83878,-6466,0,15891,220,116222,33851,166184,88022,5501,32344,40317,166184,-971628800,-72332000,1139948250,-95987450,0,216897100,3029500,1579920800,455333750,2255181150,1188525900,75361500,439972550,551321200,2255181150
2022-06-21,13700,13950,13500,13800,134414,1.8450184501845017,8858,0.0,1.56,0,0.33,45,18580,-60,-14392,-4128,0,51635,0,43203,39576,134414,33055,60,57595,43704,134414,257463700,-826500,-200737650,-55899550,0,710785700,0,590956700,543104050,1844846450,453322000,826500,791694350,599003600,1844846450
2022-06-22,13850,13850,12850,13000,181934,-5.797101449275362,8858,0.0,1.47,0,0.35,45,-72211,150,58784,13277,0,19030,150,121807,40947,181934,91241,0,63023,27670,181934,-944771250,1983000,778513350,164274900,0,248790700,1983000,1599731550,533233700,2383738950,1193561950,0,821218200,368958800,2383738950
2022-06-23,13000,13150,12150,12350,251578,-5.0,8858,0.0,1.39,0,0.36,45,-66466,153,70314,-4001,0,28324,183,157771,65300,251578,94790,30,87457,69301,251578,-818210800,1905600,873446650,-57141450,0,354958350,2298600,1961861750,811483900,3130602600,1173169150,393000,1088415100,868625350,3130602600
2022-06-24,12350,13250,12350,13050,128420,5.668016194331984,8858,0.0,1.47,0,0.34,45,6954,-180,-33948,27174,0,41421,0,40259,46740,128420,34467,180,74207,19566,128420,94714200,-2320500,-445226400,352832700,0,541156400,0,513632750,603850000,1658639150,446442200,2320500,958859150,251017300,1658639150
2022-06-27,13200,13200,12850,13050,186194,0.0,8858,0.0,1.47,0,0.34,45,-78602,321,69711,8570,0,19410,321,123040,43423,186194,98012,0,53329,34853,186194,-1017641700,4171500,902657100,110813100,0,253018150,4171500,1596688200,564109000,2417986850,1270659850,0,694031100,453295900,2417986850
2022-06-28,13000,13150,12600,12800,199181,-1.9157088122605364,8858,0.0,1.45,0,0.35,45,-108541,2801,86761,18979,0,4286,2801,142554,49540,199181,112827,0,55793,30561,199181,-1384732400,35665750,1110068750,238997900,0,54838000,35665750,1823933750,633599600,2548037100,1439570400,0,713865000,394601700,2548037100
2022-06-29,12550,12900,12200,12250,290440,-4.296875,8858,0.0,1.38,0,0.37,45,-159160,177,124727,34256,0,7755,207,193783,88695,290440,166915,30,69056,54439,290440,-1956420450,2172450,1533448450,420799550,0,95593050,2556450,2387332700,1094039850,3579522050,2052013500,384000,853884250,673240300,3579522050
2022-06-30,12400,12400,11650,11950,216057,-2.4489795918367347,8858,0.0,1.35,0,0.38,45,-49766,96,52695,-3025,0,15682,126,142915,57334,216057,65448,30,90220,60359,216057,-589463900,1137900,629750600,-41424600,0,187361200,1496400,1702080100,681863250,2572800950,776825100,358500,1072329500,723287850,2572800950
2022-07-01,12000,12250,11250,11500,291884,-3.765690376569038,8858,0.0,1.3,0,0.39,45,-167938,95,78116,89727,0,17777,125,156968,117014,291884,185715,30,78852,27287,291884,-1932745450,1085000,903130500,1028529950,0,208180450,1448000,1816529900,1350434200,3376592550,2140925900,363000,913399400,321904250,3376592550
2022-07-04,11550,11550,11100,11500,198465,0.0,8858,0.0,1.3,0,0.39,45,-37807,-16,2274,35549,0,40922,61,83503,73979,198465,78729,77,81229,38430,198465,-421682900,-202000,21613350,400271550,0,467724600,682000,944001750,837482200,2249890550,889407500,884000,922388400,437210650,2249890550
2022-07-05,11500,11900,11500,11750,83384,2.1739130434782608,8858,0.0,1.33,0,0.38,45,-7062,-115,12930,-5753,0,13936,0,53097,16351,83384,20998,115,40167,22104,83384,-80776200,-1340250,149191400,-67074950,0,163467500,0,619407650,191245450,974120600,244243700,1340250,470216250,258320400,974120600
2022-07-06,11750,11900,11350,11500,150710,-2.127659574468085,8858,0.0,1.3,0,0.39,45,-32573,-216,9911,22878,0,19065,341,72891,58413,150710,51638,557,62980,35535,150710,-373789650,-2413250,113514200,262688700,0,221436450,3968000,840990850,673464300,1739859600,595226100,6381250,727476650,410775600,1739859600
2022-07-07,11600,11800,11450,11750,146597,2.1739130434782608,8858,0.0,1.33,0,0.38,45,-50314,3373,20046,26895,0,28795,3433,63072,51297,146597,79109,60,43026,24402,146597,-580494250,38879700,229841600,311772950,0,336276700,39584700,731061950,594622600,1701545950,916770950,705000,501220350,282849650,1701545950
2022-07-08,11850,11950,11600,11750,125332,0.0,8858,0.0,1.33,0,0.38,45,-58164,6763,35290,16111,0,7377,6793,75578,35584,125332,65541,30,40288,19473,125332,-683304300,79606000,414704500,188993800,0,87103900,79964500,889166050,418609300,1474843750,770408200,358500,474461550,229615500,1474843750
2022-07-11,11750,11900,11500,11700,130167,-0.425531914893617,8858,0.0,1.32,0,0.38,45,-21880,1095,-701,21486,0,36109,1125,49115,43818,130167,57989,30,49816,22332,130167,-249758450,12756750,-12270750,249272450,0,423958000,13110750,571034800,511220350,1519323900,673716450,354000,583305550,261947900,1519323900
2022-07-12,11700,11700,10950,11050,231542,-5.555555555555555,8858,0.0,1.25,0,0.41,45,-90288,-11901,74497,27692,0,28653,170,142336,60383,231542,118941,12071,67839,32691,231542,-999348750,-131227100,831123500,299452350,0,318873500,1906400,1586000400,669916800,2576697100,1318222250,133133500,754876900,370464450,2576697100
2022-07-13,11000,11400,11000,11300,137391,2.262443438914027,8858,0.0,1.28,0,0.4,45,-46955,-1695,-9410,58060,0,9005,0,54829,73557,137391,55960,1695,64239,15497,137391,-526305500,-18973600,-107681900,652961000,0,101215650,0,613834750,826035650,1541086050,627521150,18973600,721516650,173074650,1541086050
2022-07-14,11200,11350,11100,11150,124990,-1.3274336283185841,8858,0.0,1.26,0,0.4,45,-66204,-1769,40470,27503,0,10413,1,73481,41095,124990,76617,1770,33011,13592,124990,-738319050,-19673100,450380200,307611950,0,116317150,11150,819076950,459382550,1394787800,854636200,19684250,368696750,151770600,1394787800
2022-07-15,11200,11200,10550,10800,289932,-3.1390134529147984,8858,0.0,1.22,0,0.42,45,-104752,-587,41162,64177,0,5819,364,159608,124141,289932,110571,951,118446,59964,289932,-1127178750,-6239900,442626350,690792300,0,62793800,3925200,1715998750,1338682650,3121400400,1189972550,10165100,1273372400,647890350,3121400400
2022-07-18,10950,11250,10850,11150,124751,3.2407407407407405,8858,0.0,1.26,0,0.4,45,-26705,618,-11599,37686,0,12359,708,51015,60669,124751,39064,90,62614,22983,124751,-294077800,6902100,-130577400,417753100,0,137193050,7899600,562369500,671941700,1379403850,431270850,997500,692946900,254188600,1379403850
2022-07-19,11650,11850,11450,11700,229298,4.932735426008969,8858,0.0,1.32,0,0.38,45,14308,2965,-9623,-7650,0,35946,3090,118629,71633,229298,21638,125,128252,79283,229298,169078400,34816250,-118166200,-85728450,0,422099500,36277500,1380200450,836815050,2675392500,253021100,1461250,1498366650,922543500,2675392500
2022-07-20,11950,12400,11900,12200,221569,4.273504273504273,8858,0.0,1.38,0,0.37,45,37209,159,-24427,-12941,0,46576,2013,102992,69988,221569,9367,1854,127419,82929,221569,455091850,2121600,-302058100,-155155350,0,568959700,24558000,1254846900,854585750,2702950350,113867850,22436400,1556905000,1009741100,2702950350
2022-07-21,12150,12300,12050,12200,87084,0.0,8858,0.0,1.38,0,0.37,45,-9464,1215,28863,-20614,0,10555,1215,58072,17242,87084,20019,0,29209,37856,87084,-114798000,14812750,351362850,-251377600,0,128846250,14812750,707965450,210406700,1062031150,243644250,0,356602600,461784300,1062031150
2022-07-22,12200,12650,12100,12350,136921,1.2295081967213115,8858,0.0,1.39,0,0.36,45,33231,-60,4715,-37886,0,46148,1,76002,14770,136921,12917,61,71287,52656,136921,415544750,-748500,56092600,-470888850,0,575511250,12450,943515250,183212350,1702251300,159966500,760950,887422650,654101200,1702251300
2022-07-25,12300,12500,12250,12250,66589,-0.8097165991902834,8858,0.0,1.38,0,0.37,45,6821,-1069,16837,-22589,0,7941,435,52460,5753,66589,1120,1504,35623,28342,66589,84496350,-13232000,208529250,-279793600,0,98290050,5368850,648480900,70959300,823099100,13793700,18600850,439951650,350752900,823099100
2022-07-26,12150,12300,12050,12100,41736,-1.2244897959183674,8858,0.0,1.37,0,0.37,45,1230,756,-7804,5818,0,3284,756,25157,12539,41736,2054,0,32961,6721,41736,15081250,9156200,-94590550,70353100,0,40014650,9156200,305291450,152057000,506519300,24933400,0,399882000,81703900,506519300
2022-07-27,12100,12150,11850,12000,141410,-0.8264462809917356,8858,0.0,1.35,0,0.38,45,-21523,938,7247,13338,0,24765,938,49840,65867,141410,46288,0,42593,52529,141410,-255913200,11261950,84970600,159680650,0,296627750,11261950,594530400,788168500,1690588600,552540950,0,509559800,628487850,1690588600
2022-07-28,12100,12350,11800,12000,199535,0.0,8858,0.0,1.35,0,0.38,45,-23478,-475,19119,4834,0,35657,60,114413,49405,199535,59135,535,95294,44571,199535,-278485100,-5670750,226781400,57374450,0,429570350,712500,1370438600,592864250,2393585700,708055450,6383250,1143657200,535489800,2393585700
2022-07-29,12200,12400,12000,12050,83802,0.4166666666666667,8858,0.0,1.36,0,0.37,45,-2577,-30,-6778,9385,0,7649,30,40615,35508,83802,10226,60,47393,26123,83802,-30590750,-376500,-85851900,116819150,0,92959300,363000,492085150,433295950,1018703400,123550050,739500,577937050,316476800,1018703400
2022-08-01,12100,12500,12050,12300,109991,2.0746887966804977,8858,0.0,1.39,0,0.37,45,13182,-48,-6801,-6333,0,29318,0,66091,14582,109991,16136,48,72892,20915,109991,163825350,-596600,-86571950,-76656800,0,362274900,0,812635800,180264050,1355174750,198449550,596600,899207750,256920850,1355174750
2022-08-02,12250,12300,12000,12050,77411,-2.0325203252032518,8858,0.0,1.36,0,0.37,45,-11162,50,26813,-15701,0,2630,50,64580,10151,77411,13792,0,37767,25852,77411,-135003950,604300,325185500,-190785850,0,31842550,604300,783108450,123270150,938825450,166846500,0,457922950,314056000,938825450
2022-08-03,12050,12250,12000,12050,89256,0.0,8858,0.0,1.36,0,0.37,45,-37522,17,41461,-3956,0,4020,17,71677,13542,89256,41542,0,30216,17498,89256,-452495050,205850,500517300,-48228100,0,48657200,205850,866444300,163658150,1078965500,501152250,0,365927000,211886250,1078965500
2022-08-04,12100,12400,12000,12100,257997,0.4149377593360996,8858,0.0,1.37,0,0.37,45,-73500,-956,7400,67056,0,31848,102,110155,115892,257997,105348,1058,102755,48836,257997,-887365450,-11559850,80729250,818196050,0,387518800,1233800,1332128000,1411838800,3132719400,1274884250,12793650,1251398750,593642750,3132719400
2022-08-05,12200,12800,12150,12550,335454,3.71900826446281,8858,0.0,1.42,0,0.36,45,-12081,353,-69289,81017,0,75091,524,115338,144501,335454,87172,171,184627,63484,335454,-139067750,4450100,-874438900,1009056550,0,951903250,6609150,1449871550,1810548150,4218932100,1090971000,2159050,2324310450,801491600,4218932100
2022-08-08,12350,12400,12150,12300,140748,-1.9920318725099602,8858,0.0,1.39,0,0.37,45,26022,5252,52805,-84079,0,34185,5452,96273,4838,140748,8163,200,43468,88917,140748,320350200,64367950,644225250,-1028943400,0,420514500,66837950,1178457200,59494750,1725304400,100164300,2470000,534231950,1088438150,1725304400
2022-08-09,12400,12750,12200,12600,140507,2.4390243902439024,8858,0.0,1.42,0,0.36,45,-926,0,2538,-1612,0,37024,80,80627,22776,140507,37950,80,78089,24388,140507,-6150500,-5000,25643550,-19488050,0,463481750,1004000,999416000,284086250,1747988000,469632250,1009000,973772450,303574300,1747988000
2022-08-10,12600,12650,11850,11900,314704,-5.555555555555555,8858,0.0,1.34,0,0.38,45,-145472,-896,186494,-40126,0,19602,1393,256320,37389,314704,165074,2289,69826,77515,314704,-1741842850,-11644800,2249975250,-496487600,0,236526450,16627300,3092783200,448184250,3794121200,1978369300,28272100,842807950,944671850,3794121200
2022-08-11,12050,12350,12000,12150,163134,2.100840336134454,8858,0.0,1.37,0,0.37,45,-24824,741,-13339,37422,0,15301,2510,84862,60461,163134,40125,1769,98201,23039,163134,-300470950,9197550,-162269650,453543050,0,186001450,30620950,1029817300,733651150,1980090850,486472400,21423400,1192086950,280108100,1980090850
2022-08-12,12150,13350,12150,13000,934016,6.995884773662551,8858,0.0,1.47,0,0.35,45,140903,-11915,-223914,94926,0,171139,3045,490060,269772,934016,30236,14960,713974,174846,934016,1835144550,-150235150,-2880647550,1195738150,0,2229460250,37987750,6330385000,3461250050,12059083050,394315700,188222900,9211032550,2265511900,12059083050
2022-08-16,13300,13750,13100,13350,563324,2.6923076923076925,8858,0.0,1.51,0,0.34,45,27728,1923,-16928,-12723,0,119381,2284,317814,123845,563324,91653,361,334742,136568,563324,382405200,25836850,-231891250,-176350800,0,1609217050,30713750,4266376100,1659683700,7565990600,1226811850,4876900,4498267350,1836034500,7565990600
2022-08-17,13400,13800,13300,13400,276680,0.37453183520599254,8858,0.0,1.51,0,0.34,45,8780,-2735,-17315,11270,0,81052,66,113482,82080,276680,72272,2801,130797,70810,276680,121722600,-36875150,-235422150,150574700,0,1092569200,881450,1530063850,1107087900,3730602400,970846600,37756600,1765486000,956513200,3730602400
2022-08-18,13200,14050,13200,13800,322096,2.9850746268656714,8858,0.0,1.56,0,0.33,45,79211,-148,-75962,-3101,0,99946,32,128093,94025,322096,20735,180,204055,97126,322096,1106728250,-2056050,-1047709700,-56962500,0,1391578600,423800,1765146800,1291872000,4449021200,284850350,2479850,2812856500,1348834500,4449021200
2022-08-19,13700,13850,13400,13400,137802,-2.898550724637681,8858,0.0,1.51,0,0.34,45,-4309,50,4708,-449,0,21748,70,79528,36456,137802,26057,20,74820,36905,137802,-56161350,672950,63594450,-8106050,0,298198700,948950,1084055150,497230050,1880432850,354360050,276000,1020460700,505336100,1880432850
2022-08-22,13300,13450,13100,13350,147938,-0.3731343283582089,8858,0.0,1.51,0,0.34,45,14529,-1884,-69650,57005,0,27194,146,49468,71130,147938,12665,2030,119118,14125,147938,194493950,-25276600,-922393900,753176550,0,362206600,1926900,655615250,940973600,1960722350,167712650,27203500,1578009150,187797050,1960722350
2022-08-23,13150,13200,12750,12750,231746,-4.49438202247191,8858,0.0,1.44,0,0.35,45,-51769,167,15578,36024,0,14761,167,146729,70089,231746,66530,0,131151,34065,231746,-667266300,2156050,200426500,464683750,0,190991250,2156050,1898555600,906621600,2998324500,858257550,0,1698129100,441937850,2998324500
2022-08-24,12750,13350,12750,13050,186940,2.3529411764705883,8858,0.0,1.47,0,0.34,45,-11136,-67,-6194,17397,0,43426,50,87020,56444,186940,54562,117,93214,39047,186940,-137725650,-899400,-85359750,223984800,0,569222600,646000,1132860100,734486150,2437214850,706948250,1545400,1218219850,510501350,2437214850
2022-08-25,13050,13800,13050,13300,364686,1.9157088122605364,8858,0.0,1.5,0,0.34,45,31154,-12109,-55808,36763,0,105312,145,129558,129671,364686,74158,12254,185366,92908,364686,438023250,-162974150,-761762150,486713050,0,1429826300,1956350,1737611550,1735233700,4904627900,991803050,164930500,2499373700,1248520650,4904627900
2022-08-26,13450,13450,13200,13200,95855,-0.7518796992481203,8858,0.0,1.49,0,0.34,45,28792,1,-7222,-21571,0,32623,1,42446,20785,95855,3831,0,49668,42356,95855,383616000,13450,-96606100,-287023350,0,434670250,13450,564866800,276565400,1276115900,51054250,0,661472900,563588750,1276115900
2022-08-29,12700,13000,12450,12850,177312,-2.6515151515151514,8858,0.0,1.45,0,0.35,45,29506,-477,-43197,14168,0,54791,283,77602,44636,177312,25285,760,120799,30468,177312,382234500,-6189050,-553375550,177330100,0,707988350,3613450,990191150,569681050,2271474000,325753850,9802500,1543566700,392350950,2271474000
2022-08-30,13000,13400,13000,13300,151894,3.501945525291829,8858,0.0,1.5,0,0.34,45,63582,169,-48171,-15580,0,92930,342,36012,22610,151894,29348,173,84183,38190,151894,847406500,2224650,-640618100,-209013050,0,1236176450,4514400,476014600,298184400,2014889850,388769950,2289750,1116632700,507197450,2014889850
2022-08-31,13200,13500,13100,13250,159724,-0.37593984962406013,8858,0.0,1.5,0,0.34,45,334,-57,5800,-6077,0,41374,43,63542,54765,159724,41040,100,57742,60842,159724,8601600,-756450,76150800,-83995950,0,554841450,574550,847104250,728671400,2131191650,546239850,1331000,770953450,812667350,2131191650
2022-09-01,13100,13200,12650,12650,130548,-4.528301886792453,8858,0.0,1.43,0,0.36,45,-21010,147,60573,-39710,0,4796,226,104732,20794,130548,25806,79,44159,60504,130548,-269108500,1900300,776633550,-509425350,0,61958350,2907550,1342742050,267333500,1674941450,331066850,1007250,566108500,776758850,1674941450
2022-09-02,12800,13050,12600,12650,93176,0.0,8858,0.0,1.43,0,0.36,45,-1200,1465,354,-619,0,20756,1495,48498,22427,93176,21956,30,48144,23046,93176,-13457500,18672300,2915750,-8130550,0,267299400,19061800,618790500,287153950,1192305650,280756900,389500,615874750,295284500,1192305650
2022-09-05,12650,12900,12400,12550,54690,-0.7905138339920948,8858,0.0,1.42,0,0.36,45,-140,685,-11145,10600,0,6604,720,27780,19586,54690,6744,35,38925,8986,54690,-1933800,8666950,-141091050,134357900,0,83350400,9106200,350194450,247905650,690556700,85284200,439250,491285500,113547750,690556700
2022-09-06,12600,12850,12300,12600,59160,0.398406374501992,8858,0.0,1.42,0,0.36,45,-4888,-140,5242,-214,0,5529,65,37428,16138,59160,10417,205,32186,16352,59160,-60621050,-1782500,65017250,-2613700,0,70222250,809500,470271650,203667800,744971200,130843300,2592000,405254400,206281500,744971200
2022-09-07,12500,12600,12300,12500,93763,-0.7936507936507936,8858,0.0,1.41,0,0.36,45,17643,-1210,-1474,-14959,0,38992,400,37833,16538,93763,21349,1610,39307,31497,93763,220868400,-15194500,-19620400,-186053500,0,486408850,4960000,470168800,205808900,1167346550,265540450,20154500,489789200,391862400,1167346550
2022-09-08,12650,13100,12550,12900,171535,3.2,8858,0.0,1.46,0,0.35,45,62608,1120,-49316,-14412,0,100760,1719,31446,37610,171535,38152,599,80762,52022,171535,812415200,14248150,-636847600,-189815750,0,1301674500,21872450,402074500,482009800,2207631250,489259300,7624300,1038922100,671825550,2207631250
2022-09-13,13100,13250,13000,13100,76768,1.550387596899225,8858,0.0,1.48,0,0.34,45,22719,-54,-11230,-11435,0,38531,16,27376,10845,76768,15812,70,38606,22280,76768,300051250,-713700,-149499400,-149838150,0,507186500,208800,358372450,142504800,1008272550,207135250,922500,507871850,292342950,1008272550
2022-09-14,12650,12950,12550,12850,93109,-1.9083969465648856,8858,0.0,1.45,0,0.35,45,25380,60,7091,-32531,0,36638,105,40420,15946,93109,11258,45,33329,48477,93109,328145000,750450,89097950,-417993400,0,471947750,1332450,514991800,202876900,1191148900,143802750,582000,425893850,620870300,1191148900
2022-09-15,13000,14100,12750,13650,584114,6.22568093385214,8858,0.0,1.54,0,0.33,45,28970,-821,-150516,122367,0,168926,2774,216788,195626,584114,139956,3595,367304,73259,584114,414019650,-11605150,-2065035450,1662620950,0,2312393900,37599200,2956242750,2661111300,7967347150,1898374250,49204350,5021278200,998490350,7967347150
2022-09-16,13700,13950,13450,13700,367130,0.3663003663003663,8858,0.0,1.55,0,0.33,45,67154,-1593,2443,-68004,0,96777,403,216334,53616,367130,29623,1996,213891,121620,367130,927926100,-22004250,28278100,-934199950,0,1334410450,5512450,2964236550,734850350,5039009800,406484350,27516700,2935958450,1669050300,5039009800
2022-09-19,13850,14150,13600,13750,264543,0.36496350364963503,8858,0.0,1.55,0,0.33,45,18988,-3126,16075,-31937,0,60961,372,148404,54806,264543,41973,3498,132329,86743,264543,271102700,-43325100,217439350,-445216950,0,845456900,5143200,2053726850,758981950,3663308900,574354200,48468300,1836287500,1204198900,3663308900
2022-09-20,13900,14400,13800,14000,315615,1.8181818181818181,8858,0.0,1.58,0,0.32,45,39542,-91,-50974,11523,0,82891,0,150549,82175,315615,43349,91,201523,70652,315615,568063750,-1284650,-730745200,163966100,0,1176426800,0,2125606750,1160736900,4462770450,608363050,1284650,2856351950,996770800,4462770450
2022-09-21,13850,14050,13400,13500,151862,-3.571428571428571,8858,0.0,1.52,0,0.33,45,-10094,120,32676,-22702,0,7938,120,118450,25354,151862,18032,0,85774,48056,151862,-137034500,1642500,447299050,-311907050,0,108360200,1642500,1619839400,347459800,2077301900,245394700,0,1172540350,659366850,2077301900
2022-09-22,13300,13800,13250,13750,161194,1.8518518518518516,8858,0.0,1.55,0,0.33,45,6733,1662,7075,-15470,0,36379,1733,91105,31977,161194,29646,71,84030,47447,161194,92629650,22457650,97067950,-212155250,0,492708050,23428550,1233158000,431831600,2181126200,400078400,970900,1136090050,643986850,2181126200
2022-09-23,13600,13750,13000,13000,147354,-5.454545454545454,8858,0.0,1.47,0,0.35,45,-10561,-170,29888,-19157,0,16099,90,108552,22613,147354,26660,260,78664,41770,147354,-137175250,-2243700,397916650,-258497700,0,213524200,1189500,1441056000,299362600,1955132300,350699450,3433200,1043139350,557860300,1955132300
2022-09-26,12900,12900,12100,12250,202881,-5.769230769230769,8858,0.0,1.38,0,0.37,45,-7563,1505,-8856,14914,0,52330,1782,93194,55575,202881,59893,277,102050,40661,202881,-90895600,18640250,-110622650,182878000,0,649328150,22131350,1155965200,688525800,2515950500,740223750,3491100,1266587850,505647800,2515950500
2022-09-27,12400,12600,11700,12000,231498,-2.0408163265306123,8858,0.0,1.35,0,0.38,45,-67917,5412,25998,36507,0,17239,5442,124149,84668,231498,85156,30,98151,48161,231498,-799619400,64269700,309657950,425691750,0,211013700,64646200,1485017000,1005538700,2766215600,1010633100,376500,1175359050,579846950,2766215600
2022-09-28,11900,12050,11250,11450,244664,-4.583333333333333,8858,0.0,1.29,0,0.39,45,-39051,595,10582,27874,0,33985,595,128242,81842,244664,73036,0,117660,53968,244664,-447356950,6868500,130886750,309601700,0,389296850,6868500,1482341850,938905350,2817412550,836653800,0,1351455100,629303650,2817412550
2022-09-29,11550,11800,11100,11100,205606,-3.056768558951965,8858,0.0,1.25,0,0.41,45,-57537,475,20232,36830,0,15569,505,112634,76898,205606,73106,30,92402,40068,205606,-649886550,5548350,234679700,409658500,0,179752900,5899350,1284204750,871911750,2341768750,829639450,351000,1049525050,462253250,2341768750
2022-09-30,10950,11100,10400,10700,359083,-3.6036036036036037,8858,0.0,1.21,0,0.42,45,-73017,133,48060,24824,0,67311,223,195764,95785,359083,140328,90,147704,70961,359083,-774416700,1406350,506725500,266284850,0,719982400,2381350,2084912700,1023342200,3830618650,1494399100,975000,1578187200,757057350,3830618650
2022-10-04,10950,11050,10450,10850,219432,1.4018691588785046,8858,0.0,1.22,0,0.41,45,20417,144,-5271,-15290,0,50447,294,111721,56970,219432,30030,150,116992,72260,219432,223220250,1503250,-57650300,-167073200,0,548963550,3135250,1207244350,615958400,2375301550,325743300,1632000,1264894650,783031600,2375301550
2022-10-05,11400,11500,10750,10900,161248,0.4608294930875576,8858,0.0,1.23,0,0.41,45,4451,5,24211,-28667,0,45338,125,79967,35818,161248,40887,120,55756,64485,161248,58095550,3000,259891750,-317990300,0,505533900,1367500,880542450,396417000,1783860850,447438350,1364500,620650700,714407300,1783860850
2022-10-06,10950,11300,10950,11000,110902,0.9174311926605505,8858,0.0,1.24,0,0.41,45,538,-78,34200,-34660,0,18533,12,78588,13769,110902,17995,90,44388,48429,110902,7102550,-874500,376207400,-382435450,0,206289400,132000,868795800,153339250,1228556450,199186850,1006500,492588400,535774700,1228556450
2022-10-07,10900,11050,10700,10850,179019,-1.3636363636363635,8858,0.0,1.22,0,0.41,45,-11436,61,27002,-15627,0,39282,110,94111,45516,179019,50718,49,67109,61143,179019,-121432100,649350,291880950,-171098200,0,429810900,1189750,1022475750,495078800,1948555200,551243000,540400,730594800,666177000,1948555200
2022-10-11,10600,10800,10200,10350,224708,-4.6082949308755765,8858,0.0,1.17,0,0.43,45,-11942,-571,36995,-24482,0,53256,225,126068,45159,224708,65198,796,89073,69641,224708,-120195750,-5917700,386798650,-260685200,0,556837050,2346450,1315351550,470124750,2344659800,677032800,8264150,928552900,730809950,2344659800
2022-10-12,10350,10550,10150,10250,110854,-0.966183574879227,8858,0.0,1.16,0,0.44,45,-9737,383,31437,-22083,0,11833,424,78094,20503,110854,21570,41,46657,42586,110854,-99936200,3936150,324098600,-228098550,0,122438700,4362050,803463400,211908650,1142172800,222374900,425900,479364800,440007200,1142172800
2022-10-13,10200,10450,10000,10000,243839,-2.4390243902439024,8858,0.0,1.13,0,0.45,45,32801,-7,17062,-49856,0,92791,346,127555,23147,243839,59990,353,110493,73003,243839,339999900,-80650,169244700,-509163950,0,948901750,3483950,1291961590,234147250,2478494540,608901850,3564600,1122716890,743311200,2478494540
2022-10-14,10200,10500,10100,10250,211165,2.5,8858,0.0,1.16,0,0.44,45,-25180,-712,-29890,55782,0,60217,375,75128,75445,211165,85397,1087,105018,19663,211165,-254202900,-7288150,-312701250,574192300,0,621760800,3822000,769649200,776475900,2171707900,875963700,11110150,1082350450,202283600,2171707900
2022-10-17,10100,10400,9870,10400,124064,1.4634146341463417,8858,0.0,1.17,0,0.43,45,23892,-10,-9957,-13925,0,39119,110,51929,32906,124064,15227,120,61886,46831,124064,247334510,-135800,-105746160,-141452550,0,403492560,1094200,524899560,333859530,1263345850,156158050,1230000,630645720,475312080,1263345850
2022-10-18,10650,10850,10450,10650,196338,2.403846153846154,8858,0.0,1.2,0,0.42,45,-947,-118,2260,-1195,0,87080,30,81538,27690,196338,88027,148,79278,28885,196338,-5727200,-1265950,18841550,-11848400,0,927483450,313500,863318750,294401900,2085517600,933210650,1579450,844477200,306250300,2085517600
2022-10-19,10750,10850,10500,10650,116752,0.0,8858,0.0,1.2,0,0.42,45,37735,-74,-13923,-23738,0,58699,0,47851,10202,116752,20964,74,61774,33940,116752,405063950,-796400,-151076950,-253190600,0,629726800,0,510504450,109269000,1249500250,224662850,796400,661581400,362459600,1249500250
2022-10-20,10600,10700,10050,10200,205573,-4.225352112676056,8858,0.0,1.15,0,0.44,45,-52025,692,83151,-31818,0,16262,692,154942,33677,205573,68287,0,71791,65495,205573,-529273100,7103350,846209950,-324040200,0,168127500,7103350,1588732050,349829400,2113792300,697400600,0,742522100,673869600,2113792300
2022-10-21,10150,10200,9960,10000,193299,-1.9607843137254901,8858,0.0,1.13,0,0.45,45,-48696,780,33578,14338,0,42422,780,100464,49633,193299,91118,0,66886,35295,193299,-488032140,7799940,335466900,144765300,0,427330110,7799940,1007063180,498953000,1941146230,915362250,0,671596280,354187700,1941146230
2022-10-24,10150,10300,9950,9980,166436,-0.2,8858,0.0,1.13,0,0.45,45,5203,-170,17738,-22771,0,33744,50,93010,39632,166436,28541,220,75272,62403,166436,53332540,-1704600,175126510,-226754450,0,341565160,500500,935804380,402099840,1679969880,288232620,2205100,760677870,628854290,1679969880
2022-10-25,10050,10100,9690,9690,174442,-2.905811623246493,8858,0.0,1.09,0,0.46,45,-45416,-15338,70154,-9400,0,6328,432,139087,28595,174442,51744,15770,68933,37995,174442,-443011690,-150152000,687396430,-94232740,0,62266700,4240500,1363132010,281537170,1711176380,505278390,154392500,675735580,375769910,1711176380
2022-10-26,9690,9700,8830,8930,666638,-7.8431372549019605,8858,0.0,1.01,0,0.5,45,-203515,-1560,209336,-4261,0,70768,290,457090,138490,666638,274283,1850,247754,142751,666638,-1832191700,-14040790,1909969370,-63736880,0,637742960,2681760,4152842370,1251249860,6044516950,2469934660,16722550,2242873000,1314986740,6044516950
2022-10-27,8960,9070,8900,9070,241483,1.5677491601343785,8858,0.0,1.02,0,0.5,45,-64441,1,-12779,77219,0,44003,20,83053,114407,241483,108444,19,95832,37188,241483,-579011750,9670,-116818500,695820580,0,395964270,180000,746676410,1029886680,2172707360,974976020,170330,863494910,334066100,2172707360
2022-10-28,9070,9200,8780,8800,330626,-2.9768467475192946,8858,0.0,0.99,0,0.51,45,-131324,-7290,105348,33266,0,27154,71,227115,76286,330626,158478,7361,121767,43020,330626,-1165485730,-65296870,937019290,293763310,0,243512200,632270,2028918510,682037820,2955100800,1408997930,65929140,1091899220,388274510,2955100800
2022-10-31,8970,8970,8760,8820,197596,0.22727272727272727,8858,0.0,1.0,0,0.51,45,-94498,-249,50123,44624,0,3302,14,114645,79635,197596,97800,263,64522,35011,197596,-832901960,-2188550,441584850,393505660,0,29142960,123220,1013672300,703497320,1746435800,862044920,2311770,572087450,309991660,1746435800
2022-11-01,8860,9050,8780,8950,333665,1.473922902494331,8858,0.0,1.01,0,0.5,45,-171086,-2,46465,124623,0,35390,40,140629,157606,333665,206476,42,94164,32983,333665,-1524252760,-23800,411786190,1112490370,0,315532680,355400,1254248380,1406365020,2976501480,1839785440,379200,842462190,293874650,2976501480
2022-11-02,8950,9170,8900,9090,217617,1.564245810055866,8858,0.0,1.03,0,0.5,45,-12296,-31,-21499,33826,0,52582,12,88452,76571,217617,64878,43,109951,42745,217617,-110475150,-283120,-196489160,307247430,0,478439160,109080,800552180,693987700,1973088120,588914310,392200,997041340,386740270,1973088120
2022-11-03,9010,9010,8760,8790,357124,-3.3003300330033,8858,0.0,0.99,0,0.51,45,-117109,2380,221011,-106282,0,33928,2380,292022,28794,357124,151037,0,71011,135076,357124,-1032269820,20883490,1953467370,-942081040,0,299831600,20883490,2581376240,254749090,3156840420,1332101420,0,627908870,1196830130,3156840420
2022-11-04,8760,9130,8700,9090,310230,3.4129692832764507,8858,0.0,1.03,0,0.5,45,-51894,-141,-64178,116213,0,46375,36,96823,166996,310230,98269,177,161001,50783,310230,-462138390,-1283280,-574951200,1038372870,0,415578300,315480,863772760,1491003990,2770670530,877716690,1598760,1438723960,452631120,2770670530
2022-11-07,9290,9710,9220,9500,426786,4.51045104510451,8858,0.0,1.07,0,0.47,45,12802,801,-77041,63438,0,117606,1072,179774,128334,426786,104804,271,256815,64896,426786,123977620,7632590,-737378930,605768720,0,1126532320,10194670,1706261990,1221394420,4064383400,1002554700,2562080,2443640920,615625700,4064383400
2022-11-08,9500,9920,9500,9820,232039,3.3684210526315788,8858,0.0,1.11,0,0.46,45,43223,268,-56691,13200,0,52867,364,99877,78931,232039,9644,96,156568,65731,232039,424329900,2609990,-556804390,129864500,0,519208000,3549280,976362850,772637600,2271757730,94878100,939290,1533167240,642773100,2271757730
2022-11-09,9910,9940,9760,9770,128297,-0.5091649694501018,8858,0.0,1.1,0,0.46,45,18665,1478,10403,-30546,0,30044,1515,74077,22661,128297,11379,37,63674,53207,128297,183583590,14489460,101800380,-299873430,0,295169030,14856750,726885340,222506330,1259417450,111585440,367290,625084960,522379760,1259417450
2022-11-10,9680,9880,9510,9580,192090,-1.9447287615148412,8858,0.0,1.08,0,0.47,45,-75975,115,21690,54170,0,37251,145,86184,68510,192090,113226,30,64494,14340,192090,-732711040,1100850,207792000,523818190,0,360655210,1395450,832446070,662718670,1857215400,1093366250,294600,624654070,138900480,1857215400
2022-11-11,9880,10050,9690,9780,227291,2.0876826722338206,8858,0.0,1.1,0,0.46,45,-7837,-73,3832,4078,0,31571,92,117156,78472,227291,39408,165,113324,74394,227291,-75257700,-739170,31114660,44882210,0,310244740,898180,1150375370,776238310,2237756600,385502440,1637350,1119260710,731356100,2237756600
2022-11-14,9880,10800,9880,10450,633379,6.850715746421268,8858,0.0,1.18,0,0.43,45,4938,2389,-160700,153373,0,131314,3037,273133,225895,633379,126376,648,433833,72522,633379,60485490,25068500,-1676654560,1591100570,0,1385528480,31830750,2843563650,2353424380,6614347260,1325042990,6762250,4520218210,762323810,6614347260
2022-11-15,10450,10550,10150,10350,250853,-0.9569377990430622,8858,0.0,1.17,0,0.43,45,45462,-2887,8421,-50996,0,74531,59,147565,28698,250853,29069,2946,139144,79694,250853,476421450,-30139550,85281100,-531563000,0,777431850,602750,1528368250,296753100,2603155950,301010400,30742300,1443087150,828316100,2603155950
2022-11-16,10400,10700,10100,10450,244244,0.966183574879227,8858,0.0,1.18,0,0.43,45,82807,-30,-13528,-69249,0,94152,44,116438,33610,244244,11345,74,129966,102859,244244,869704250,-328700,-142782800,-726592750,0,987586400,448400,1212381100,349178200,2549594100,117882150,777100,1355163900,1075770950,2549594100
2022-11-17,10400,10500,10100,10150,171164,-2.8708133971291865,8858,0.0,1.15,0,0.44,45,-1570,-836,28430,-26024,0,27623,120,122523,20898,171164,29193,956,94093,46922,171164,-13196600,-8477900,289169050,-267494550,0,284276550,1225500,1257269600,215061050,1757832700,297473150,9703400,968100550,482555600,1757832700
2022-11-18,10200,10500,10150,10250,169706,0.9852216748768473,8858,0.0,1.16,0,0.44,45,53299,-90,-55708,2499,0,61570,0,54435,53701,169706,8271,90,110143,51202,169706,553454950,-936000,-575581500,23062550,0,638620050,0,561222050,553471900,1753314000,85165100,936000,1136803550,530409350,1753314000
2022-11-21,10400,10450,9990,10000,140504,-2.4390243902439024,8858,0.0,1.13,0,0.45,45,-2149,121,11892,-9864,0,22018,121,76172,42193,140504,24167,0,64280,52057,140504,-18926710,1220600,119887280,-102181170,0,223278140,1220600,769300380,424834350,1418633470,242204850,0,649413100,527015520,1418633470
2022-11-22,9950,9980,9560,9560,246825,-4.3999999999999995,8858,0.0,1.08,0,0.47,45,-47823,1219,29469,17135,0,19652,2196,139043,85934,246825,67475,977,109574,68799,246825,-461162960,11665570,285719230,163778160,0,190502950,21142650,1348833660,833996570,2394475830,651665910,9477080,1063114430,670218410,2394475830
2022-11-23,9660,9960,9620,9870,192811,3.2426778242677825,8858,0.0,1.11,0,0.46,45,-37323,-120,-29334,66777,0,42232,0,52704,97875,192811,79555,120,82038,31098,192811,-364280350,-1182000,-289546790,655009140,0,416681740,0,517260560,961994020,1895936320,780962090,1182000,806807350,306984880,1895936320
2022-11-24,9910,10250,9910,10050,162499,1.82370820668693,8858,0.0,1.13,0,0.45,45,-10291,-543,7974,2860,0,43344,0,75595,43560,162499,53635,543,67621,40700,162499,-99488220,-5461650,77683340,27266530,0,437515600,0,758959700,436585960,1633061260,537003820,5461650,681276360,409319430,1633061260
2022-11-25,10100,10150,9320,9370,546220,-6.766169154228856,8858,0.0,1.06,0,0.48,45,-223129,-5835,280546,-51582,0,78261,4236,375126,88597,546220,301390,10071,94580,140179,546220,-2114361880,-55078030,2682390590,-512950680,0,743554920,40280510,3584704130,838801780,5207341340,2857916800,95358540,902313540,1351752460,5207341340
2022-11-28,9390,9400,9170,9240,169318,-1.3874066168623265,8858,0.0,1.04,0,0.49,45,-68055,64,44933,23058,0,19194,64,94108,55952,169318,87249,0,49175,32894,169318,-627193270,592520,414432310,212168440,0,177231800,592520,869258670,516660160,1563743150,804425070,0,454826360,304491720,1563743150
2022-11-29,9240,9350,9100,9350,147403,1.1904761904761905,8858,0.0,1.06,0,0.48,45,-32644,499,1778,30367,0,23773,530,73723,49377,147403,56417,31,71945,19010,147403,-301310960,4583960,16330340,280396660,0,219482900,4873600,680964300,455708750,1361029550,520793860,289640,664633960,175312090,1361029550
2022-11-30,9340,9440,9200,9370,138038,0.21390374331550802,8858,0.0,1.06,0,0.48,45,-12302,1970,337,9995,0,34441,2000,65533,36064,138038,46743,30,65196,26069,138038,-114844790,18527100,1778410,94539280,0,323562720,18810000,613366520,338149200,1293888440,438407510,282900,611588110,243609920,1293888440
2022-12-01,9560,9690,9500,9600,202972,2.454642475987193,8858,0.0,1.08,0,0.47,45,-45386,2102,10777,32507,0,17465,2162,122281,61064,202972,62851,60,111504,28557,202972,-434440680,20179800,101804170,312456710,0,167631590,20755200,1171290950,585947240,1945624980,602072270,575400,1069486780,273490530,1945624980
2022-12-02,9560,9840,9550,9600,206085,0.0,8858,0.0,1.08,0,0.47,45,-65450,2474,32399,30577,0,9985,2566,121560,71974,206085,75435,92,89161,41397,206085,-630842550,23951440,311110600,295780510,0,96330480,24850200,1176056270,696669420,1993906370,727173030,898760,864945670,400888910,1993906370
2022-12-05,9620,9700,9490,9600,130218,0.0,8858,0.0,1.08,0,0.47,45,-46958,-10970,31846,26082,0,15814,30,60156,54218,130218,62772,11000,28310,28136,130218,-449522480,-105142000,304172820,250491660,0,151898860,285000,576260880,520260840,1248705580,601421340,105427000,272088060,269769180,1248705580
2022-12-06,9590,9760,9360,9450,136248,-1.5625,8858,0.0,1.07,0,0.48,45,-22192,-1764,17732,6224,0,5103,79,88295,42771,136248,27295,1843,70563,36547,136248,-210771990,-16658630,168262940,59167680,0,49049230,749400,844305280,409221670,1303325580,259821220,17408030,676042340,350053990,1303325580
2022-12-07,9450,9480,9270,9360,178445,-0.9523809523809524,8858,0.0,1.06,0,0.48,45,-70210,1075,14780,54355,0,7599,1075,84693,85078,178445,77809,0,69913,30723,178445,-655667850,10000200,137822190,507845460,0,71137350,10000200,790644690,794914080,1666696320,726805200,0,652822500,287068620,1666696320
2022-12-08,9300,9390,9190,9210,167247,-1.6025641025641024,8858,0.0,1.04,0,0.49,45,-64101,1030,43774,19297,0,28293,1030,72059,65865,167247,92394,0,28285,46568,167247,-590225890,9476300,403390780,177358810,0,261597720,9476300,665224550,607998230,1544296800,851823610,0,261833770,430639420,1544296800
2022-12-09,9250,9370,9110,9370,181074,1.737242128121607,8858,0.0,1.06,0,0.48,45,-54861,190,6872,47799,0,36639,220,60399,83816,181074,91500,30,53527,36017,181074,-506768070,1751200,61407550,443609320,0,340363430,2031100,556519270,777446220,1676360020,847131500,279900,495111720,333836900,1676360020
2022-12-12,9380,9420,9270,9270,55376,-1.0672358591248665,8858,0.0,1.05,0,0.49,45,4481,42,15758,-20281,0,7013,42,39810,8511,55376,2532,0,24052,28792,55376,41992250,393540,146602810,-188988600,0,65604720,393540,371350370,79561370,516910000,23612470,0,224747560,268549970,516910000
2022-12-13,9300,9430,9210,9360,89314,0.9708737864077669,8858,0.0,1.06,0,0.48,45,5016,-30,2175,-7161,0,8377,0,60375,20562,89314,3361,30,58200,27723,89314,47087810,-282900,19368230,-66173140,0,78561440,0,565482100,192689200,836732740,31473630,282900,546113870,258862340,836732740
2022-12-14,9430,9670,9430,9530,143727,1.8162393162393164,8858,0.0,1.08,0,0.47,45,-23526,-80,13150,10456,0,24910,0,71953,46864,143727,48436,80,58803,36408,143727,-223678150,-767500,123424930,101020720,0,238663300,0,685467510,447922430,1372053240,462341450,767500,562042580,346901710,1372053240
2022-12-15,9530,9880,9450,9620,202117,0.944386149003148,8858,0.0,1.09,0,0.47,45,-8095,7234,-4811,5672,0,21716,7334,115376,57691,202117,29811,100,120187,52019,202117,-77713880,70675010,-48658310,55697180,0,211954920,71651210,1124379560,562960050,1970945740,289668800,976200,1173037870,507262870,1970945740
2022-12-16,9600,9780,9470,9540,143354,-0.8316008316008316,8858,0.0,1.08,0,0.47,45,-969,427,-11951,12493,0,32318,457,53323,57256,143354,33287,30,65274,44763,143354,-8081400,4102000,-114247060,118226460,0,311391560,4393600,512415300,548909420,1377109880,319472960,291600,626662360,430682960,1377109880
2022-12-19,9650,9650,9400,9400,68556,-1.4675052410901468,8858,0.0,1.06,0,0.48,45,567,120,13753,-14440,0,7048,120,45835,15553,68556,6481,0,32082,29993,68556,5849710,1132200,130403460,-137385370,0,67414320,1132200,436215780,148191270,652953570,61564610,0,305812320,285576640,652953570
2022-12-20,9400,9400,9070,9120,156571,-2.9787234042553195,8858,0.0,1.03,0,0.49,45,-8503,-668,63556,-54385,0,13640,100,126796,16035,156571,22143,768,63240,70420,156571,-78408180,-6179420,583309870,-498722270,0,125200110,920000,1163019240,147865310,1437004660,203608290,7099420,579709370,646587580,1437004660
2022-12-21,9370,10450,9350,10200,2224070,11.842105263157894,8858,0.0,1.15,0,0.44,45,108490,-14793,-251003,157306,0,421536,8917,1329344,464273,2224070,313046,23710,1580347,306967,2224070,1062599800,-149450810,-2481871380,1568722390,0,4220301850,90438580,13383279480,4648254100,22342274010,3157702050,239889390,15865150860,3079531710,22342274010
2022-12-22,10300,10500,10000,10050,599021,-1.4705882352941175,8858,0.0,1.13,0,0.45,45,-29247,-3683,38784,-5854,0,61637,238,406021,131125,599021,90884,3921,367237,136979,599021,-294684250,-38021150,389347450,-56642050,0,624411850,2418950,4135747100,1338457900,6101035800,919096100,40440100,3746399650,1395099950,6101035800
2022-12-23,9990,10200,9390,9410,840763,-6.368159203980099,8858,0.0,1.06,0,0.48,45,11830,49,116210,-128089,0,108523,280,603758,128202,840763,96693,231,487548,256291,840763,111696800,421110,1130347350,-1242465260,0,1039684010,2705700,5850897040,1250271140,8143557890,927987210,2284590,4720549690,2492736400,8143557890
2022-12-26,9500,9500,9170,9300,297262,-1.1689691817215728,8858,0.0,1.05,0,0.48,45,31683,-58,58526,-90151,0,52795,80,177577,66810,297262,21112,138,119051,156961,297262,294530240,-536340,543711120,-837705020,0,490380220,739200,1652133570,621014050,2764267040,195849980,1275540,1108422450,1458719070,2764267040
2022-12-27,9290,9880,9290,9700,400999,4.301075268817205,8858,0.0,1.1,0,0.46,45,30247,836,-135414,104331,0,69392,1176,148607,181824,400999,39145,340,284021,77493,400999,295056430,8152940,-1316546340,1013336970,0,676411640,11446890,1434169420,1764939670,3886967620,381355210,3293950,2750715760,751602700,3886967620
2022-12-28,9680,9720,9420,9530,232479,-1.7525773195876289,8858,0.0,1.08,0,0.47,45,-56854,60,47281,9513,0,29402,148,123129,79800,232479,86256,88,75848,70287,232479,-543998850,573280,451604740,91820830,0,281715960,1414930,1177968130,764517600,2225616620,825714810,841650,726363390,672696770,2225616620
2022-12-29,9430,9440,9100,9230,327117,-3.147953830010493,8858,0.0,1.04,0,0.49,45,-103614,11188,202124,-109698,0,21468,11188,281079,13382,327117,125082,0,78955,123080,327117,-955836330,103456660,1867388890,-1015009220,0,197964820,103456660,2596095220,123330050,3020846750,1153801150,0,728706330,1138339270,3020846750
2023-01-02,9230,9260,8730,8840,370533,-4.225352112676056,8858,0.0,1.0,0,0.51,45,-95408,5625,165270,-75487,0,37022,5775,299936,27800,370533,132430,150,134666,103287,370533,-841835770,50241320,1466186580,-674592130,0,327760380,51557270,2660457280,246446030,3286220960,1169596150,1315950,1194270700,921038160,3286220960
2023-01-03,8800,8840,8460,8620,272700,-2.48868778280543,8858,0.0,0.97,0,0.52,45,-52690,7749,100997,-56056,0,28212,7749,215276,21463,272700,80902,0,114279,77519,272700,-451755670,66152800,869082340,-483479470,0,242892400,66152800,1851611070,184489990,2345146260,694648070,0,982528730,667969460,2345146260
2023-01-04,8620,8950,8540,8880,182702,3.0162412993039442,8858,0.0,1.0,0,0.51,45,38724,-90,-31395,-7239,0,62527,0,82422,37753,182702,23803,90,113817,44992,182702,345761950,-789300,-285835480,-59137170,0,554603960,0,717994760,332751550,1605350270,208842010,789300,1003830240,391888720,1605350270
2023-01-05,8930,9180,8920,9010,175144,1.4639639639639639,8858,0.0,1.02,0,0.5,45,23394,-280,-20441,-2673,0,51533,0,80744,42867,175144,28139,280,101185,45540,175144,212446400,-2523900,-185410820,-24511680,0,466817360,0,730155590,387821500,1584794450,254370960,2523900,915566410,412333180,1584794450
2023-01-06,9010,9340,8870,9180,189754,1.8867924528301887,8858,0.0,1.04,0,0.49,45,66432,840,-43537,-23735,0,92998,1032,61346,34378,189754,26566,192,104883,58113,189754,614023920,7694660,-402058460,-219660120,0,857911570,9463560,562897270,314765090,1745037490,243887650,1768900,964955730,534425210,1745037490
2023-01-09,9270,9570,9240,9440,177660,2.832244008714597,8858,0.0,1.07,0,0.48,45,27050,51,-51896,24795,0,59617,161,53037,64845,177660,32567,110,104933,40050,177660,256366400,496190,-491202710,234340120,0,563531480,1532990,500353400,612707390,1678125260,307165080,1036800,991556110,378367270,1678125260
2023-01-10,9430,10200,9360,9860,749393,4.4491525423728815,8858,0.0,1.11,0,0.46,45,146919,-5634,-260037,118752,0,232812,2778,312582,201221,749393,85893,8412,572619,82469,749393,1470017580,-56627580,-2589107130,1175717130,0,2329139270,27469020,3111624860,1994556600,7462789750,859121690,84096600,5700731990,818839470,7462789750
2023-01-11,9860,9940,9710,9720,243948,-1.4198782961460445,8858,0.0,1.1,0,0.46,45,2711,-2674,50225,-50262,0,39986,41,159387,44534,243948,37275,2715,109162,94796,243948,27468380,-26299240,489657140,-490826280,0,391642760,401110,1557737970,435335700,2385117540,364174380,26700350,1068080830,926161980,2385117540
2023-01-12,9810,9960,9700,9880,233564,1.646090534979424,8858,0.0,1.12,0,0.46,45,46321,94,-26696,-19719,0,84455,115,88077,60917,233564,38134,21,114773,80636,233564,457740690,927390,-265238280,-193429800,0,833741670,1135500,867201550,600173050,2302251770,376000980,208110,1132439830,793602850,2302251770
2023-01-13,9920,9970,9750,9800,110447,-0.8097165991902834,8858,0.0,1.11,0,0.46,45,16692,3,15725,-32420,0,23256,3,68001,19187,110447,6564,0,52276,51607,110447,165033290,29390,154365640,-319428320,0,229670720,29390,669851310,189508150,1089059570,64637430,0,515485670,508936470,1089059570
2023-01-16,9810,10100,9700,9850,223108,0.5102040816326531,8858,0.0,1.11,0,0.46,45,44534,-933,-21342,-22259,0,62697,352,121863,38196,223108,18163,1285,143205,60455,223108,445701200,-9352240,-213571310,-222777650,0,626114040,3509660,1211212190,378233340,2219069230,180412840,12861900,1424783500,601010990,2219069230
2023-01-17,9880,10050,9830,9840,148061,-0.10152284263959391,8858,0.0,1.11,0,0.46,45,27084,-11175,13107,-29016,0,48628,500,69320,29613,148061,21544,11675,56213,58629,148061,269421950,-111611250,129560950,-287371650,0,482793040,5025000,688955920,294163530,1470937490,213371090,116636250,559394970,581535180,1470937490
2023-01-18,9900,10550,9830,10350,490027,5.182926829268292,8858,0.0,1.17,0,0.43,45,220529,5073,-196860,-28742,0,248060,5819,165349,70799,490027,27531,746,362209,99541,490027,2270117480,53056800,-2022671080,-300503200,0,2552266070,60566100,1686171670,713738680,5012742520,282148590,7509300,3708842750,1014241880,5012742520
2023-01-19,10300,10400,9990,10200,388847,-1.4492753623188406,8858,0.0,1.15,0,0.44,45,94852,-2201,71043,-163694,0,143344,115,207227,38161,388847,48492,2316,136184,201855,388847,970591180,-22352150,715899790,-1664138820,0,1461525600,1160250,2102615410,385779300,3951080560,490934420,23512400,1386715620,2049918120,3951080560
2023-01-20,10200,10450,9990,10300,304067,0.9803921568627451,8858,0.0,1.16,0,0.44,45,69367,-27,-10797,-58543,0,100730,33,158995,44309,304067,31363,60,169792,102852,304067,716843450,-287250,-115063310,-601492890,0,1039181050,330750,1627937950,453321940,3120771690,322337600,618000,1743001260,1054814830,3120771690
2023-01-25,10400,10490,10170,10310,171567,0.0970873786407767,8858,0.0,1.16,0,0.44,45,32173,-390,12388,-44171,0,50412,141,103353,17661,171567,18239,531,90965,61832,171567,331001380,-4038420,126378180,-453341140,0,518191450,1450410,1061996200,181560780,1763198840,187190070,5488830,935618020,634901920,1763198840
2023-01-26,10260,10350,10170,10290,122157,-0.19398642095053348,8858,0.0,1.16,0,0.44,45,33346,2,-13665,-19683,0,47589,2,63529,11037,122157,14243,0,77194,30720,122157,344244070,20600,-141530520,-202734150,0,490784170,20600,653930290,113556900,1258291960,146540100,0,795460810,316291050,1258291960
2023-01-27,10280,10470,10250,10280,238951,-0.09718172983479105,8858,0.0,1.16,0,0.44,45,-40512,-1745,-21134,63391,0,51283,286,96865,90517,238951,91795,2031,117999,27126,238951,-416088490,-18163840,-221500330,655752660,0,532171110,2960100,1002488730,937032180,2474652120,948259600,21123940,1223989060,281279520,2474652120
2023-01-30,10290,10330,10050,10120,131814,-1.556420233463035,8858,0.0,1.14,0,0.44,45,1258,208,-15675,14209,0,13116,208,77122,41368,131814,11858,0,92797,27159,131814,12675200,2117120,-158462430,143670110,0,133175210,2117120,784507190,420846860,1340646380,120500010,0,942969620,277176750,1340646380
2023-01-31,10030,10340,10030,10200,139889,0.7905138339920948,8858,0.0,1.15,0,0.44,45,6294,1,-52544,46249,0,17343,1,39204,83341,139889,11049,0,91748,37092,139889,64541730,10230,-537321280,472769320,0,177580600,10230,401070320,852001360,1430662510,113038870,0,938391600,379232040,1430662510
2023-02-01,10200,10350,10080,10250,183683,0.49019607843137253,8858,0.0,1.16,0,0.44,45,18319,-30,-13081,-5208,0,73811,0,63981,45891,183683,55492,30,77062,51099,183683,189975130,-310500,-135780790,-53883840,0,755007730,0,651769850,468474350,1875251930,565032600,310500,787550640,522358190,1875251930
2023-02-02,10260,10760,10260,10650,351890,3.902439024390244,8858,0.0,1.2,0,0.42,45,137016,-40,-129242,-7734,0,165128,60,114459,72243,351890,28112,100,243701,79977,351890,1459513880,-412700,-1370212970,-88888210,0,1756577660,643800,1207235320,760331490,3724788270,297063780,1056500,2577448290,849219700,3724788270
2023-02-03,10640,11360,10570,11030,492779,3.568075117370892,8858,0.0,1.25,0,0.41,45,53739,781,-23695,-30825,0,129508,3999,262098,97174,492779,75769,3218,285793,127999,492779,602768210,9043330,-265929380,-345882160,0,1445346880,44871250,2903032750,1073812540,5467063420,842578670,35827920,3168962130,1419694700,5467063420
2023-02-06,11100,11100,10590,10640,218221,-3.535811423390753,8858,0.0,1.2,0,0.42,45,5158,-1074,74624,-78708,0,34923,514,156419,26365,218221,29765,1588,81795,105073,218221,56490590,-11531840,801008270,-845967020,0,375224830,5526800,1678974980,282995550,2342722160,318734240,17058640,877966710,1128962570,2342722160
2023-02-07,10590,10920,10500,10710,182851,0.6578947368421052,8858,0.0,1.21,0,0.42,45,33376,4204,-5378,-32202,0,50490,5656,84101,42604,182851,17114,1452,89479,74806,182851,360341840,45363790,-58728070,-346977560,0,543503170,60849410,902096600,457152060,1963601240,183161330,15485620,960824670,804129620,1963601240
2023-02-08,10730,10790,10460,10530,168981,-1.680672268907563,8858,0.0,1.19,0,0.43,45,4168,1041,38938,-44147,0,35482,1041,113461,18997,168981,31314,0,74523,63144,168981,45090750,11093310,412526610,-468710670,0,375402620,11093310,1201998560,200936970,1789431460,330311870,0,789471950,669647640,1789431460
2023-02-09,10570,10600,10260,10380,216880,-1.4245014245014245,8858,0.0,1.17,0,0.43,45,-57791,2460,59303,-3972,0,26895,2460,138429,49096,216880,84686,0,79126,53068,216880,-598724720,25524000,618082910,-44882190,0,279659300,25524000,1441331810,509404300,2255919410,878384020,0,823248900,554286490,2255919410
2023-02-10,10290,10320,9860,10030,467061,-3.371868978805395,8858,0.0,1.13,0,0.45,45,-146912,2295,84320,60297,0,52228,3510,281941,129382,467061,199140,1215,197621,69085,467061,-1463527250,23178670,838307630,602040950,0,522482910,35269480,2820623730,1296159580,4674535700,1986010160,12090810,1982316100,694118630,4674535700
2023-02-13,9880,9980,9500,9700,463748,-3.290129611166501,8858,0.0,1.1,0,0.46,45,-182534,3524,129332,49678,0,60116,3660,293308,106664,463748,242650,136,163976,56986,463748,-1751710940,34270240,1246640410,470800290,0,578682790,35591100,2832897830,1025742000,4472913720,2330393730,1320860,1586257420,554941710,4472913720
2023-02-14,9760,9810,9650,9670,148877,-0.30927835051546393,8858,0.0,1.09,0,0.47,45,-28082,-1000,28389,693,0,14938,0,99096,34843,148877,43020,1000,70707,34150,148877,-272375640,-9670000,275397790,6647850,0,145090870,0,961840350,338252550,1445183770,417466510,9670000,686442560,331604700,1445183770
2023-02-15,9670,9700,9330,9440,245292,-2.378490175801448,8858,0.0,1.07,0,0.48,45,-32042,60,23727,8255,0,40732,60,154221,50279,245292,72774,0,130494,42024,245292,-303067420,567000,228341060,74159360,0,385725120,567000,1463211960,474902140,2324406220,688792540,0,1234870900,400742780,2324406220
2023-02-16,9500,9690,9500,9640,136256,2.11864406779661,8858,0.0,1.09,0,0.47,45,2060,-31,33716,-35745,0,25098,0,96656,14502,136256,23038,31,62940,50247,136256,19967380,-298170,324207120,-343876330,0,241577560,0,929610050,139220990,1310408600,221610180,298170,605402930,483097320,1310408600
2023-02-17,9580,9660,9410,9530,101085,-1.1410788381742738,8858,0.0,1.08,0,0.47,45,-4929,11,44199,-39281,0,22847,11,69725,8502,101085,27776,0,25526,47783,101085,-46413690,105030,421614020,-375305360,0,217981110,105030,664542730,80971960,963600830,264394800,0,242928710,456277320,963600830
2023-02-20,9500,9840,9450,9690,149797,1.6789087093389297,8858,0.0,1.09,0,0.46,45,29395,-169,7157,-36383,0,60222,0,75320,14255,149797,30827,169,68163,50638,149797,287287400,-1643720,67500830,-353144510,0,586947300,0,730396290,138223630,1455567220,299659900,1643720,662895460,491368140,1455567220
2023-02-21,9720,9920,9680,9700,144120,0.10319917440660474,8858,0.0,1.1,0,0.46,45,-10924,100,11343,-519,0,14704,100,73336,55980,144120,25628,0,61993,56499,144120,-105992850,973000,109576070,-4556220,0,143919340,973000,716438170,546841870,1408172380,249912190,0,606862100,551398090,1408172380
2023-02-22,9650,9650,9420,9450,143135,-2.5773195876288657,8858,0.0,1.07,0,0.48,45,-44467,255,48374,-4162,0,14824,366,99290,28655,143135,59291,111,50916,32817,143135,-420629840,2411440,457940290,-39721890,0,140446150,3475930,939467830,271276300,1354666210,561075990,1064490,481527540,310998190,1354666210
2023-02-23,9450,9550,9360,9470,99455,0.21164021164021166,8858,0.0,1.07,0,0.48,45,-24582,1489,9336,13757,0,15167,1489,45425,37374,99455,39749,0,36089,23617,99455,-232451540,14102070,88591400,129758070,0,143561660,14102070,429548940,353396280,940608950,376013200,0,340957540,223638210,940608950
2023-02-24,9450,9520,9250,9280,146615,-2.0063357972544877,8858,0.0,1.05,0,0.48,45,-21932,32,19555,2345,0,20772,32,95217,30594,146615,42704,0,75662,28249,146615,-204222330,297940,183430600,20493790,0,194901750,297940,890875140,285882860,1371957690,399124080,0,707444540,265389070,1371957690
2023-02-27,9120,9430,9000,9360,153826,0.8620689655172413,8858,0.0,1.06,0,0.48,45,31595,-25,4818,-36388,0,57172,90,74827,21737,153826,25577,115,70009,58125,153826,297730440,-255900,40952230,-338426770,0,534206700,817800,687684750,200706490,1423415740,236476260,1073700,646732520,539133260,1423415740
2023-02-28,9400,9470,9250,9320,98978,-0.4273504273504274,8858,0.0,1.05,0,0.48,45,-14386,3,29108,-14725,0,14778,3,66801,17396,98978,29164,0,37693,32121,98978,-134461920,28260,271365720,-136932060,0,138115890,28260,624244980,163039750,925428880,272577810,0,352879260,299971810,925428880
2023-03-02,9300,9440,9190,9340,84782,0.2145922746781116,8858,0.0,1.05,0,0.48,45,-8736,773,16274,-8311,0,17894,773,46638,19477,84782,26630,0,30364,27788,84782,-80252720,7214320,150501990,-77463590,0,167237490,7214320,434076880,181030530,789559220,247490210,0,283574890,258494120,789559220
2023-03-03,9410,9490,9320,9370,112624,0.32119914346895073,8858,0.0,1.06,0,0.48,45,-12813,-30,23975,-11132,0,21494,0,69891,21239,112624,34307,30,45916,32371,112624,-119528590,-282900,223849970,-104038480,0,202172200,0,655684650,199976270,1057833120,321700790,282900,431834680,304014750,1057833120
2023-03-06,9480,9480,9230,9260,149252,-1.1739594450373532,8858,0.0,1.05,0,0.49,45,8328,500,58327,-67155,0,14364,500,113179,21209,149252,6036,0,54852,88364,149252,77568190,4650000,541314450,-623532640,0,133474590,4650000,1050470170,196848350,1385443110,55906400,0,509155720,820380990,1385443110
2023-03-07,9260,9670,9200,9550,271447,3.131749460043196,8858,0.0,1.08,0,0.47,45,55537,631,-72153,15985,0,85465,835,125913,59234,271447,29928,204,198066,43249,271447,533428320,5995600,-691331280,151907360,0,818435730,7929440,1192265720,562395460,2581026350,285007410,1933840,1883597000,410488100,2581026350
2023-03-08,9560,9570,9170,9240,245166,-3.2460732984293195,8858,0.0,1.04,0,0.49,45,-54536,90,132316,-77870,0,23311,90,206552,15213,245166,77847,0,74236,93083,245166,-506286830,837600,1230549400,-725100170,0,215482890,837600,1917595160,140886960,2274802610,721769720,0,687045760,865987130,2274802610
2023-03-09,9250,9490,9250,9460,269447,2.380952380952381,8858,0.0,1.07,0,0.48,45,-34117,279,2249,31589,0,71531,626,99958,97332,269447,105648,347,97709,65743,269447,-316832740,2608680,19376820,294847240,0,673226800,5886870,938123360,912246060,2529483090,990059540,3278190,918746540,617398820,2529483090
2023-03-10,9450,9520,8980,9040,394808,-4.439746300211417,8858,0.0,1.02,0,0.5,45,-48904,2139,157125,-110360,0,38891,2275,314307,39335,394808,87795,136,157182,149695,394808,-442601640,19647090,1431020040,-1008065490,0,353913820,20878800,2870463120,361650980,3606906720,796515460,1231710,1439443080,1369716470,3606906720
2023-03-13,9040,9050,8680,8810,294540,-2.5442477876106198,8858,0.0,0.99,0,0.51,45,7411,-186,85448,-92673,0,56103,114,179824,58499,294540,48692,300,94376,151172,294540,69038090,-1605030,749271490,-816704550,0,495814020,1004970,1579045680,514295310,2590159980,426775930,2610000,829774190,1330999860,2590159980
2023-03-14,8750,8870,8480,8480,318335,-3.745743473325766,8858,0.0,0.96,0,0.53,45,-27774,1314,52348,-25888,0,51412,1317,185767,79839,318335,79186,3,133419,105727,318335,-236712420,11419850,449306950,-224014380,0,442684610,11446200,1597647790,688120950,2739899550,679397030,26350,1148340840,912135330,2739899550
2023-03-15,8620,8820,8560,8730,232369,2.94811320754717,8858,0.0,0.99,0,0.52,45,7569,-42,2298,-9825,0,44993,50,78810,108516,232369,37424,92,76512,118341,232369,66384360,-371360,16991580,-83004580,0,392888940,432800,686422370,949721810,2029465920,326504580,804160,669430790,1032726390,2029465920
2023-03-16,8600,8670,8370,8410,217752,-3.6655211912943875,8858,0.0,0.95,0,0.54,45,-63981,857,108306,-45182,0,13756,857,173107,30032,217752,77737,0,64801,75214,217752,-540859770,7225400,916508420,-382874050,0,116649030,7225400,1467402670,254897700,1846174800,657508800,0,550894250,637771750,1846174800
2023-03-17,8490,8630,8460,8510,150680,1.1890606420927468,8858,0.0,0.96,0,0.53,45,2312,1335,-17082,13435,0,14768,1381,74877,59654,150680,12456,46,91959,46219,150680,20240530,11416120,-146698230,115041580,0,126514590,11810460,639727870,510096060,1288148980,106274060,394340,786426100,395054480,1288148980
2023-03-20,8560,8810,8480,8500,154472,-0.11750881316098707,8858,0.0,0.96,0,0.53,45,5165,0,27567,-32732,0,13513,60,114676,26223,154472,8348,60,87109,58955,154472,44995940,-12000,234807090,-279791030,0,117111940,511500,988772800,227867330,1334263570,72116000,523500,753965710,507658360,1334263570
2023-03-21,8580,8630,8350,8440,153900,-0.7058823529411765,8858,0.0,0.95,0,0.53,45,-57481,-2440,80652,-20731,0,9604,61,123283,20952,153900,67085,2501,42631,41683,153900,-483518870,-20457960,681377720,-177400890,0,81488030,513680,1042412830,176058400,1300472940,565006900,20971640,361035110,353459290,1300472940
2023-03-22,8550,8550,8300,8320,237294,-1.4218009478672986,8858,0.0,0.94,0,0.54,45,-78855,-3757,86413,-3801,0,26455,40,172304,38495,237294,105310,3797,85891,42296,237294,-656193500,-31258000,720549950,-33098450,0,221170200,332000,1438590710,321361050,1981453960,877363700,31590000,718040760,354459500,1981453960
2023-03-23,8300,8300,8090,8180,293422,-1.6826923076923077,8858,0.0,0.92,0,0.55,45,-94345,85,54231,40029,0,33154,585,182267,77416,293422,127499,500,128036,37387,293422,-767910420,743020,442341120,324826280,0,270791830,4818030,1486637820,631191750,2393439430,1038702250,4075010,1044296700,306365470,2393439430
2023-03-24,8190,8320,8150,8290,93663,1.3447432762836184,8858,0.0,0.94,0,0.54,45,-111,-31,-5317,5459,0,11597,0,50933,31133,93663,11708,31,56250,25674,93663,-740670,-257890,-43716310,44714870,0,95836150,0,420674880,256936470,773447500,96576820,257890,464391190,212221600,773447500
2023-03-27,8360,8360,8060,8190,221126,-1.2062726176115801,8858,0.0,0.92,0,0.55,45,-47526,2865,51641,-6980,0,33720,2869,128512,56025,221126,81246,4,76871,63005,221126,-385579700,23468910,418520350,-56409560,0,275048830,23501710,1045753160,457109110,1801412810,660628530,32800,627232810,513518670,1801412810
2023-03-28,8170,8290,8170,8290,97894,1.221001221001221,8858,0.0,0.94,0,0.54,45,-30821,252,20369,10200,0,11821,252,59850,25971,97894,42642,0,39481,15771,97894,-252815920,2066440,167031650,83717830,0,97278000,2066440,491894750,213407930,804647120,350093920,0,324863100,129690100,804647120
2023-03-29,8290,8400,8210,8250,182397,-0.48250904704463204,8858,0.0,0.93,0,0.55,45,-77203,10,58580,18613,0,21944,40,112090,48323,182397,99147,30,53510,29710,182397,-636620220,80800,484067300,152472120,0,181664940,330400,929076230,399327290,1510398860,818285160,249600,445008930,246855170,1510398860
2023-03-30,8300,8370,8130,8330,274705,0.9696969696969697,8858,0.0,0.94,0,0.54,45,-87010,42,12654,74314,0,21445,72,132132,121056,274705,108455,30,119478,46742,274705,-721523890,344880,101275430,619903580,0,178082940,594480,1091884840,1005794910,2276357170,899606830,249600,990609410,385891330,2276357170
2023-03-31,8360,8550,8330,8530,261318,2.4009603841536618,8858,0.0,0.96,0,0.53,45,-8154,16294,14753,-22893,0,27410,16766,178731,38411,261318,35564,472,163978,61304,261318,-68717090,138025180,123497130,-192805220,0,232177630,142033700,1511826650,325285980,2211323960,300894720,4008520,1388329520,518091200,2211323960
2023-04-03,8610,8610,8410,8500,163728,-0.3516998827667058,8858,0.0,0.96,0,0.53,45,388,6,50284,-50678,0,24984,36,130008,8700,163728,24596,30,79724,59378,163728,3364840,48840,427832120,-431245800,0,212426740,307140,1105663140,73960060,1392357080,209061900,258300,677831020,505205860,1392357080
2023-04-04,8580,8600,8480,8570,174062,0.823529411764706,8858,0.0,0.97,0,0.53,45,-28751,5,31063,-2317,0,22991,5,103604,47462,174062,51742,0,72541,49779,174062,-245145840,42520,264179980,-19076660,0,196483390,42520,883328170,405616740,1485470820,441629230,0,619148190,424693400,1485470820
2023-04-05,8490,8740,8410,8690,292133,1.4002333722287048,8858,0.0,0.98,0,0.52,45,-18961,-1347,30467,-10159,0,33023,3,217824,41283,292133,51984,1350,187357,51442,292133,-159145540,-11699400,254694950,-83850010,0,283658060,25440,1860889570,354384010,2498957080,442803600,11724840,1606194620,438234020,2498957080
2023-04-06,8670,8670,8330,8350,218849,-3.9125431530494823,8858,0.0,0.94,0,0.54,45,-40059,946,152613,-113500,0,8190,4011,202330,4318,218849,48249,3065,49717,117818,218849,-336263850,8422610,1285450690,-957609450,0,68779340,34174890,1704512650,36489530,1843956410,405043190,25752280,419061960,994098980,1843956410
2023-04-07,8360,8490,8320,8440,84972,1.0778443113772456,8858,0.0,0.95,0,0.53,45,-7964,225,26870,-19131,0,12340,279,60731,11622,84972,20304,54,33861,30753,84972,-66553890,1888520,224724600,-160059230,0,103509960,2338880,508657870,97437860,711944570,170063850,450360,283933270,257497090,711944570
2023-04-10,8430,8490,8120,8280,204387,-1.8957345971563981,8858,0.0,0.93,0,0.54,45,-3873,65,8597,-4789,0,46722,65,118261,39339,204387,50595,0,109664,44128,204387,-31654550,537400,71642120,-40524970,0,388544690,537400,979139210,326013050,1694234350,420199240,0,907497090,366538020,1694234350
2023-04-11,8280,8730,8280,8700,327916,5.072463768115942,8858,0.0,0.98,0,0.52,45,64533,-2182,-169078,106727,0,79213,1847,112028,134828,327916,14680,4029,281106,28101,327916,559036180,-18973560,-1456968230,916905610,0,685652910,16020750,963470890,1157665270,2822809820,126616730,34994310,2420439120,240759660,2822809820
2023-04-12,8700,8810,8560,8580,148455,-1.3793103448275863,8858,0.0,0.97,0,0.52,45,-12682,-1470,37433,-23281,0,29602,56,103127,15670,148455,42284,1526,65694,38951,148455,-108802870,-12791710,322833410,-201238830,0,255008110,479920,890938570,135532650,1281959250,363810980,13271630,568105160,336771480,1281959250
2023-04-13,8510,8620,8480,8620,109138,0.4662004662004662,8858,0.0,0.97,0,0.52,45,-8672,1030,8122,-480,0,22804,1030,56535,28769,109138,31476,0,48413,29249,109138,-73724800,8764400,68737560,-3777160,0,195564420,8764400,482664810,246331230,933324860,269289220,0,413927250,250108390,933324860
2023-04-14,8660,8750,8590,8640,168574,0.23201856148491878,8858,0.0,0.98,0,0.52,45,-10256,103,-1320,11473,0,16470,1133,101529,49442,168574,26726,1030,102849,37969,168574,-88065690,786060,-13155300,100434930,0,142822570,9766460,879587690,428906330,1461083050,230888260,8980400,892742990,328471400,1461083050
2023-04-17,8680,8690,8550,8620,123986,-0.23148148148148145,8858,0.0,0.97,0,0.52,45,-22053,2106,11215,8732,0,14634,2106,77553,29693,123986,36687,0,66338,20961,123986,-189262730,18031720,95688830,75542180,0,125843410,18031720,666052850,255577930,1065505910,315106140,0,570364020,180035750,1065505910
2023-04-18,8530,8600,8410,8420,219630,-2.320185614849188,8858,0.0,0.95,0,0.53,45,-15210,8870,100396,-94056,0,28346,8871,168103,14310,219630,43556,1,67707,108366,219630,-128264950,74734360,847752920,-794222330,0,239085620,74742840,1419929530,120750830,1854508820,367350570,8480,572176610,914973160,1854508820
2023-04-19,8440,8480,8330,8340,142170,-0.9501187648456058,8858,0.0,0.94,0,0.54,45,-13959,-781,66176,-51436,0,7509,219,113130,21312,142170,21468,1000,46954,72748,142170,-116656740,-6555300,554129810,-430917770,0,63028520,1846250,948119200,178859870,1191853840,179685260,8401550,393989390,609777640,1191853840
2023-04-20,8380,8380,8210,8260,248567,-0.9592326139088728,8858,0.0,0.93,0,0.54,45,-64546,-181,93160,-28433,0,35746,194,175215,37412,248567,100292,375,82055,65845,248567,-533513240,-1508870,769917690,-234895580,0,295547430,1599760,1447686490,309522580,2054356260,829060670,3108630,677768800,544418160,2054356260
2023-04-21,8260,8260,7960,8020,402464,-2.9055690072639226,8858,0.0,0.91,0,0.56,45,-32450,4222,187413,-159185,0,14682,4403,359269,24110,402464,47132,181,171856,183295,402464,-260415430,33756610,1516745460,-1290086640,0,118879590,35202630,2903243290,193608990,3250934500,379295020,1446020,1386497830,1483695630,3250934500
2023-04-24,8020,8080,7900,7960,150912,-0.7481296758104738,8858,0.0,0.9,0,0.57,45,-2022,-1161,16373,-13190,0,11959,0,89178,49775,150912,13981,1161,72805,62965,150912,-16074760,-9288000,130583110,-105220350,0,95577070,0,712058100,397595830,1205231000,111651830,9288000,581474990,502816180,1205231000
2023-04-25,7960,8040,7710,7760,242488,-2.512562814070352,8858,0.0,0.88,0,0.58,45,-29034,100,78210,-49276,0,13050,100,210692,18646,242488,42084,0,132482,67922,242488,-225223540,781100,613392800,-388950360,0,102155560,781100,1650521800,145475530,1898933990,327379100,0,1037129000,534425890,1898933990
2023-04-26,7760,7840,7620,7720,173075,-0.5154639175257731,8858,0.0,0.87,0,0.58,45,-49681,30,22611,27040,0,10612,60,106339,56064,173075,60293,30,83728,29024,173075,-383335610,224100,175528510,207583000,0,82047090,459000,820274700,431733500,1334514290,465382700,234900,644746190,224150500,1334514290
2023-04-27,7680,7750,7520,7580,282150,-1.8134715025906734,8858,0.0,0.86,0,0.59,45,-79149,830,39221,39098,0,16277,860,202591,62422,282150,95426,30,163370,23324,282150,-598797530,6253700,298394950,294148880,0,123554900,6486200,1536832090,472466020,2139339210,722352430,232500,1238437140,178317140,2139339210
2023-04-28,7580,8030,7570,7940,285652,4.749340369393139,8858,0.0,0.9,0,0.57,45,55097,155,-83955,28703,0,94167,290,110864,80331,285652,39070,135,194819,51628,285652,437053160,1225200,-658552450,220274090,0,743727850,2289150,866723650,627701470,2240442120,306674690,1063950,1525276100,407427380,2240442120
2023-05-02,7990,7990,7760,7840,116999,-1.2594458438287155,8870,0.0,0.88,0,0.57,45,-14879,1046,35142,-21309,0,13803,1046,84174,17976,116999,28682,0,49032,39285,116999,-116715800,8197480,276436860,-167918540,0,108348360,8197480,660757260,141076990,918380090,225064160,0,384320400,308995530,918380090
2023-05-03,7770,7990,7730,7800,79720,-0.5102040816326531,8870,0.0,0.88,0,0.58,45,-7976,0,21906,-13930,0,4851,60,63380,11429,79720,12827,60,41474,25359,79720,-62257890,-10800,171853200,-109584510,0,38020730,466200,497110610,89417270,625014810,100278620,477000,325257410,199001780,625014810
2023-05-04,7820,7900,7740,7850,198814,0.641025641025641,8870,0.0,0.89,0,0.57,45,-102353,-3901,53722,52532,0,19927,0,77793,101094,198814,122280,3901,24071,48562,198814,-798084300,-30503820,418855320,409732800,0,155715650,0,607156340,788912340,1551784330,953799950,30503820,188301020,379179540,1551784330
2023-05-08,8030,8240,8010,8010,288435,2.038216560509554,8870,0.0,0.9,0,0.56,45,14941,2198,-31885,14746,0,77273,2348,143657,65157,288435,62332,150,175542,50411,288435,125331750,17800870,-265086500,121953880,0,629951520,19023370,1164101950,530958330,2344035170,504619770,1222500,1429188450,409004450,2344035170
2023-05-09,8020,8100,7810,8030,106486,0.24968789013732834,8870,0.0,0.91,0,0.56,45,631,30,-15937,15276,0,19067,60,37659,49700,106486,18436,30,53596,34424,106486,5479600,233400,-127891700,122178700,0,153253270,475800,300510620,398782070,853021760,147773670,242400,428402320,276603370,853021760
2023-05-10,8130,8250,7980,8070,120372,0.49813200498132004,8870,0.0,0.91,0,0.56,45,-19017,220,39445,-20648,0,7898,350,90551,21573,120372,26915,130,51106,42221,120372,-153082510,1763700,317610950,-166292140,0,63719910,2810500,730551370,174201120,971282900,216802420,1046800,412940420,340493260,971282900
2023-05-11,8090,8120,7950,7970,230352,-1.2391573729863694,8870,0.0,0.9,0,0.56,45,-84354,-2879,47878,39355,0,31345,710,120897,77400,230352,115699,3589,73019,38045,230352,-677467660,-23142760,384571940,316038480,0,251759900,5678400,971399880,622147680,1850985860,929227560,28821160,586827940,306109200,1850985860
2023-05-12,7970,8000,7860,7920,143325,-0.6273525721455459,8870,0.0,0.89,0,0.57,45,-48961,-874,17069,32766,0,9473,30,85609,48213,143325,58434,904,68540,15447,143325,-387453160,-6903700,134647620,259709240,0,75131330,236700,677462430,382187310,1135017770,462584490,7140400,542814810,122478070,1135017770
2023-05-15,7880,7880,7650,7750,211903,-2.146464646464646,8870,0.0,0.87,0,0.58,45,-76088,187,40588,35313,0,23715,190,132058,55940,211903,99803,3,91470,20627,211903,-586357110,1447570,313763020,271146520,0,183046310,1470700,1020555940,431536430,1636609380,769403420,23130,706792920,160389910,1636609380
2023-05-16,7740,7790,7500,7580,307282,-2.193548387096774,8870,0.0,0.85,0,0.59,45,-130523,-17007,80103,67427,0,25227,230,171819,110006,307282,155750,17237,91716,42579,307282,-986375000,-128479060,605850590,509003470,0,191150540,1759100,1300590400,832577250,2326077290,1177525540,130238160,694739810,323573780,2326077290
2023-05-17,7510,7660,7440,7620,267621,0.5277044854881267,8870,0.0,0.86,0,0.59,45,-130960,730,66850,63380,0,16100,730,155771,95020,267621,147060,0,88921,31640,267621,-985668000,5495700,501601500,478570800,0,121497330,5495700,1172519110,717643260,2017155400,1107165330,0,670917610,239072460,2017155400
2023-05-18,7660,7660,7500,7570,245797,-0.6561679790026247,8870,0.0,0.85,0,0.59,45,-96718,11,71358,25349,0,31858,11,154241,59687,245797,128576,0,82883,34338,245797,-729224740,82710,536839360,192302670,0,240582360,82710,1164157300,451590110,1856412480,969807100,0,627317940,259287440,1856412480
2023-05-19,7540,7540,7340,7430,496814,-1.8494055482166447,8870,0.0,0.84,0,0.61,45,-241579,380,192022,49177,0,70660,380,315772,110002,496814,312239,0,123750,60825,496814,-1791471070,2838540,1425970560,362661970,0,524066900,2838540,2344767570,815628950,3687301960,2315537970,0,918797010,452966980,3687301960
2023-05-22,7400,7580,7400,7560,284309,1.7496635262449527,8870,0.0,0.85,0,0.6,45,-80881,-164,-12826,93871,0,28108,0,122393,133808,284309,108989,164,135219,39937,284309,-608165080,-1218240,-96939520,706322840,0,211351960,0,918765640,1006917860,2137035460,819517040,1218240,1015705160,300595020,2137035460
2023-05-23,7570,7700,7510,7680,173414,1.5873015873015872,8870,0.0,0.87,0,0.59,45,17535,-317,-39219,22001,0,26371,55,95278,51710,173414,8836,372,134497,29709,173414,134341150,-2400560,-300187360,168246770,0,201689410,421900,726971890,395054710,1324137910,67348260,2822460,1027159250,226807940,1324137910
2023-05-24,7590,7650,7540,7560,158891,-1.5625,8870,0.0,0.85,0,0.6,45,-13291,1520,37128,-25357,0,10377,1520,110091,36903,158891,23668,0,72963,62260,158891,-100638900,11522000,281673590,-192556690,0,78793370,11522000,834828020,279794860,1204938250,179432270,0,553154430,472351550,1204938250
2023-05-25,7610,7620,7300,7330,316979,-3.0423280423280423,8870,0.0,0.83,0,0.61,45,-48689,482,216634,-168427,0,14696,483,289737,12063,316979,63385,1,73103,180490,316979,-358663530,3605380,1595517750,-1240459600,0,108464060,3612740,2134827590,89001830,2335906220,467127590,7360,539309840,1329461430,2335906220
2023-05-26,7330,7370,7200,7280,195371,-0.6821282401091405,8870,0.0,0.82,0,0.62,45,-13848,32,30409,-16593,0,12904,32,157703,24732,195371,26752,0,127294,41325,195371,-100849230,232380,221133390,-120516540,0,94221630,232380,1150267390,180869850,1425591250,195070860,0,929134000,301386390,1425591250
2023-05-30,7290,7390,7100,7130,264845,-2.0604395604395602,8870,0.0,0.8,0,0.63,45,-75353,910,64250,10193,0,20523,1060,196984,46278,264845,95876,150,132734,36085,264845,-537617630,6472710,460342170,70802750,0,147036260,7549000,1412410020,331397890,1898393170,684653890,1076290,952067850,260595140,1898393170
2023-05-31,7130,7260,7100,7170,160232,0.5610098176718092,8870,0.0,0.81,0,0.63,45,-55353,101,32790,22462,0,15627,101,88132,56372,160232,70980,0,55342,33910,160232,-396284050,720260,234110200,161453590,0,112227460,720260,631801850,404488200,1149237770,508511510,0,397691650,243034610,1149237770
2023-06-01,7220,7240,7120,7160,142046,-0.1394700139470014,8870,0.0,0.81,0,0.63,45,-43548,3,46109,-2564,0,12945,3,88474,40624,142046,56493,0,42365,43188,142046,-311462010,21630,329857330,-18416950,0,93003430,21630,634205150,291995040,1019225250,404465440,0,304347820,310411990,1019225250
2023-06-02,7170,7210,7100,7150,197031,-0.13966480446927373,8870,0.0,0.81,0,0.63,45,-26823,-30,69102,-42249,0,17393,0,147173,32465,197031,44216,30,78071,74714,197031,-191044480,-214200,492214970,-300956290,0,124048340,0,1048790490,231596080,1404434910,315092820,214200,556575520,532552370,1404434910
2023-06-05,7120,7400,7120,7310,204305,2.237762237762238,8870,0.0,0.82,0,0.62,45,-14362,-5696,-22603,42661,0,24817,2,110668,68818,204305,39179,5698,133271,26157,204305,-105093270,-41631840,-164577070,311302180,0,181726040,14760,809894960,502791800,1494427560,286819310,41646600,974472030,191489620,1494427560
2023-06-07,7320,7570,7300,7340,341634,0.4103967168262654,8870,0.0,0.83,0,0.61,45,-25923,-30,60588,-34635,0,39707,30,223157,78740,341634,65630,60,162569,113375,341634,-188918070,-228000,446641240,-257495170,0,295065240,220200,1659331070,584694960,2539311470,483983310,448200,1212689830,842190130,2539311470
2023-06-08,7340,7440,7240,7440,659209,1.3623978201634876,8870,0.0,0.84,0,0.6,45,-298933,914,89858,208161,0,136464,2051,206147,314547,659209,435397,1137,116289,106386,659209,-2207602040,6721740,650523330,1550356970,0,1012069560,15060500,1507345210,2329895510,4864370780,3219671600,8338760,856821880,779538540,4864370780
2023-06-09,7480,7480,7270,7310,249071,-1.747311827956989,8870,0.0,0.82,0,0.62,45,-131027,142,109431,21454,0,8665,142,184861,55403,249071,139692,0,75430,33949,249071,-957445900,1033780,800359370,156052750,0,63317700,1033780,1353084070,405452600,1822888150,1020763600,0,552724700,249399850,1822888150
2023-06-12,7310,7330,7170,7220,235530,-1.231190150478796,8870,0.0,0.81,0,0.62,45,-97795,60,76953,20782,0,19102,60,157831,58537,235530,116897,0,80878,37755,235530,-703784000,433500,553315410,150035090,0,137859340,433500,1137460280,422064700,1697817820,841643340,0,584144870,272029610,1697817820
2023-06-13,7270,7420,7210,7290,268905,0.9695290858725761,8870,0.0,0.82,0,0.62,45,-30916,-18,20049,10885,0,48010,12,148004,72879,268905,78926,30,127955,61994,268905,-223917740,-133140,140949080,83101800,0,350372160,87660,1079481600,534267040,1964208460,574289900,220800,938532520,451165240,1964208460
2023-06-14,7330,7430,7260,7330,166100,0.5486968449931412,8870,0.0,0.83,0,0.61,45,9829,142,-7856,-2115,0,29388,142,102455,34115,166100,19559,0,110311,36230,166100,72312590,1042260,-58756900,-14597950,0,215742790,1042260,753442750,251566360,1221794160,143430200,0,812199650,266164310,1221794160
2023-06-15,7420,7470,7320,7400,163285,0.9549795361527967,8870,0.0,0.83,0,0.61,45,-468,-1111,13857,-12278,0,41182,70,92046,29987,163285,41650,1181,78189,42265,163285,-2926110,-8203620,100203560,-89073830,0,304289440,512400,679094050,222362120,1206258010,307215550,8716020,578890490,311435950,1206258010
2023-06-16,7420,7770,7420,7640,459933,3.2432432432432434,8870,0.0,0.86,0,0.59,45,21278,6013,-35791,8500,0,69623,6250,301131,82929,459933,48345,237,336922,74429,459933,163369070,46329370,-270482910,60784470,0,534078190,48133960,2307941090,632116030,3522269270,370709120,1804590,2578424000,571331560,3522269270
2023-06-19,7670,7750,7530,7740,186062,1.3089005235602094,8870,0.0,0.87,0,0.58,45,-8665,1795,37625,-30755,0,24173,1825,138712,21352,186062,32838,30,101087,52107,186062,-65950910,13750900,288874440,-236674430,0,185107200,13983400,1062847580,163133580,1425071760,251058110,232500,773973140,399808010,1425071760
2023-06-20,7740,8190,7740,8120,624536,4.909560723514212,8870,0.0,0.92,0,0.55,45,76242,7488,-138853,55123,0,136847,9589,368824,109276,624536,60605,2101,507677,54153,624536,610373710,59562060,-1109069100,439133330,0,1095501780,76371930,2949168320,871027480,4992069510,485128070,16809870,4058237420,431894150,4992069510
2023-06-21,8120,8210,7830,7860,327161,-3.201970443349754,8870,0.0,0.89,0,0.57,45,6756,974,27584,-35314,0,54136,3233,228158,41634,327161,47380,2259,200574,76948,327161,54450480,7633510,222477350,-284561340,0,432050680,25746020,1826752430,334173360,2618722490,377600200,18112510,1604275080,618734700,2618722490
2023-06-22,7850,8070,7840,7940,203505,1.0178117048346056,8870,0.0,0.9,0,0.57,45,-39424,261,37054,2109,0,15565,261,154964,32715,203505,54989,0,117910,30606,203505,-312185830,2069730,292892270,17223830,0,123399340,2069730,1228784490,259688460,1613942020,435585170,0,935892220,242464630,1613942020
2023-06-23,7940,8000,7810,7900,135140,-0.5037783375314862,8870,0.0,0.89,0,0.57,45,27112,0,-2089,-25023,0,35640,30,85877,13593,135140,8528,30,87966,38616,135140,215013020,-5400,-16986390,-198021230,0,282560130,234300,679536260,107616710,1069947400,67547110,239700,696522650,305637940,1069947400
2023-06-26,7880,7970,7710,7940,126030,0.5063291139240507,8870,0.0,0.9,0,0.57,45,13733,559,8837,-23129,0,26761,1060,80916,17293,126030,13028,501,72079,40422,126030,109811580,4342180,69306510,-183460270,0,211828070,8246200,633052600,135338950,988465820,102016490,3904020,563746090,318799220,988465820
2023-06-27,8020,8820,8020,8750,2466824,10.201511335012595,8870,0.0,0.99,0,0.51,45,445821,2172,-763289,315296,0,642825,14939,1316573,492487,2466824,197004,12767,2079862,177191,2466824,3825832220,19123560,-6529858750,2684902970,0,5530542400,129909500,11303002840,4203232660,21166687400,1704710180,110785940,17832861590,1518329690,21166687400
2023-06-28,8740,8930,8500,8910,1038650,1.8285714285714287,8870,0.0,1.0,0,0.51,45,172367,21634,-48234,-145767,0,250709,30052,600299,157590,1038650,78342,8418,648533,303357,1038650,1520663730,189710960,-428010490,-1282364200,0,2207331160,263117840,5255305690,1382735140,9108489830,686667430,73406880,5683316180,2665099340,9108489830
2023-06-29,8780,9330,8770,9270,999214,4.040404040404041,8870,0.0,1.05,0,0.49,45,235775,16463,-128344,-123894,0,309927,21787,588339,79161,999214,74152,5324,716683,203055,999214,2166634980,152445850,-1183768350,-1135312480,0,2844889110,200827450,5359988770,717371250,9123076580,678254130,48381600,6543757120,1852683730,9123076580
2023-06-30,9210,9540,9130,9260,773903,-0.10787486515641855,8870,0.0,1.04,0,0.49,45,223271,6317,-226991,-2597,0,288354,13216,351231,121102,773903,65083,6899,578222,123699,773903,2096177460,59509330,-2124660980,-31025810,0,2700466350,123488920,3278499150,1126315100,7228769520,604288890,63979590,5403160130,1157340910,7228769520
2023-07-03,9170,9350,8860,8940,534410,-3.455723542116631,8870,0.0,1.01,0,0.5,45,-57590,-14202,-56770,128562,0,54692,168,296472,183078,534410,112282,14370,353242,54516,534410,-516994690,-127355070,-511636930,1155986690,0,491096280,1514370,2672816950,1650969230,4816396830,1008090970,128869440,3184453880,494982540,4816396830
2023-07-04,8940,9110,8910,9000,292536,0.6711409395973155,8870,0.0,1.01,0,0.5,45,65816,-2667,-72911,9762,0,95468,56,102494,94518,292536,29652,2723,175405,84756,292536,595563240,-24214600,-658433430,87084790,0,863019240,505120,922717470,852834020,2639075850,267456000,24719720,1581150900,765749230,2639075850
2023-07-05,9090,9100,8730,8800,278912,-2.2222222222222223,8870,0.0,0.99,0,0.51,45,-38448,-5326,-13437,57211,0,22021,1100,163890,91901,278912,60469,6426,177327,34690,278912,-338913950,-47011450,-118050070,503975470,0,194578230,9737220,1449132690,811395570,2464843710,533492180,56748670,1567182760,307420100,2464843710
2023-07-06,8860,9050,8620,8930,353767,1.4772727272727273,8870,0.0,1.01,0,0.5,45,101517,-6473,-103899,8855,0,128180,230,124375,100982,353767,26663,6703,228274,92127,353767,906822690,-57913120,-918956320,70046750,0,1143771100,2001800,1099720430,890781930,3136275260,236948410,59914920,2018676750,820735180,3136275260
2023-07-07,8870,9060,8760,8800,255643,-1.4557670772676372,8870,0.0,0.99,0,0.51,45,21494,1030,4204,-26728,0,52121,2030,163124,38368,255643,30627,1000,158920,65096,255643,194507590,9184890,35419770,-239112250,0,466315930,18184900,1454404600,342908280,2281813710,271808340,9000010,1418984830,582020530,2281813710
2023-07-10,8740,8790,8400,8430,293169,-4.204545454545454,8870,0.0,0.95,0,0.53,45,-61179,-5663,-22569,89411,0,23178,283,169304,100404,293169,84357,5946,191873,10993,293169,-518729430,-48468670,-193863610,761061710,0,197762280,2428220,1443554060,855068290,2498812850,716491710,50896890,1637417670,94006580,2498812850
2023-07-11,8500,8870,8470,8790,251692,4.270462633451958,8870,0.0,0.99,0,0.51,45,42417,2330,-23685,-21062,0,57763,2482,120200,71247,251692,15346,152,143885,92309,251692,372753260,20041030,-202975200,-189819090,0,507140200,21369730,1047371530,614559130,2190440590,134386940,1328700,1250346730,804378220,2190440590
2023-07-12,8750,9060,8600,8890,196961,1.1376564277588168,8870,0.0,1.0,0,0.51,45,30016,1470,-3743,-27743,0,48726,1560,122667,24008,196961,18710,90,126410,51751,196961,268534610,12719360,-37263120,-243990850,0,433427200,13525160,1082796340,213207450,1742956150,164892590,805800,1120059460,457198300,1742956150
2023-07-13,8990,9000,8620,8680,300743,-2.3622047244094486,8870,0.0,0.98,0,0.52,45,-62228,-1455,105408,-41725,0,32937,161,251144,16501,300743,95165,1616,145736,58226,300743,-540577430,-12579510,922621110,-369464170,0,285874870,1397950,2196337840,143888200,2627498860,826452300,13977460,1273716730,513352370,2627498860
2023-07-14,8770,8770,8460,8570,198830,-1.2672811059907834,8870,0.0,0.97,0,0.53,45,2778,-299,-22668,20189,0,38250,173,111907,48500,198830,35472,472,134575,28311,198830,25077340,-2554070,-193541270,171018000,0,329975280,1477770,958882170,414918370,1705253590,304897940,4031840,1152423440,243900370,1705253590
2023-07-17,8600,8650,8340,8440,206914,-1.5169194865810969,8870,0.0,0.95,0,0.53,45,-40520,58,29155,11307,0,17746,220,141959,46989,206914,58266,162,112804,35682,206914,-339447170,490610,245152110,93804450,0,149366790,1851900,1196480490,395792610,1743491790,488813960,1361290,951328380,301988160,1743491790
2023-07-18,8370,8480,8220,8240,170660,-2.3696682464454977,8870,0.0,0.93,0,0.55,45,-58142,108,34427,23607,0,12907,270,108639,48844,170660,71049,162,74212,25237,170660,-480248940,898890,285495790,193854260,0,107109550,2238000,902073510,403838990,1415260050,587358490,1339110,616577720,209984730,1415260050
2023-07-19,8400,8400,8220,8300,139876,0.7281553398058253,8870,0.0,0.94,0,0.54,45,13566,-3000,-8897,-1669,0,38868,0,70977,30031,139876,25302,3000,79874,31700,139876,113412240,-24751650,-74348480,-14312110,0,323291530,0,588416080,249256350,1160963960,209879290,24751650,662764560,263568460,1160963960
2023-07-20,8210,8550,8210,8480,111838,2.1686746987951806,8870,0.0,0.96,0,0.53,45,41606,-50,-26093,-15463,0,46611,40,47372,17815,111838,5005,90,73465,33278,111838,352640470,-428200,-221977380,-130234890,0,394776970,333500,397783690,149894550,942788710,42136500,761700,619761070,280129440,942788710
2023-07-21,8350,8440,8070,8140,168904,-4.009433962264151,8870,0.0,0.92,0,0.55,45,-17028,-9640,28600,-1932,0,8824,180,132635,27265,168904,25852,9820,104035,29197,168904,-138283590,-79748230,234741620,-16709800,0,72717500,1476600,1086974450,223389560,1384558110,211001090,81224830,852232830,240099360,1384558110
2023-07-24,8140,8190,7990,8070,139998,-0.85995085995086,8870,0.0,0.91,0,0.56,45,-33536,-120,7938,25718,0,7629,231,85439,46699,139998,41165,351,77501,20981,139998,-269481410,-979000,64644600,205815810,0,61448900,1866610,688336440,375590880,1127242830,330930310,2845610,623691840,169775070,1127242830
2023-07-25,8000,8210,7980,8050,141111,-0.24783147459727387,8870,0.0,0.91,0,0.56,45,-39511,-640,18398,21753,0,7881,160,88743,44327,141111,47392,800,70345,22574,141111,-317009740,-5112200,148513540,173608400,0,63368030,1295800,714671560,355962240,1135297630,380377770,6408000,566158020,182353840,1135297630
2023-07-26,8070,8140,7760,8000,223014,-0.6211180124223602,8870,0.0,0.9,0,0.56,45,-30246,260,28556,1430,0,26699,290,145743,50282,223014,56945,30,117187,48852,223014,-237765160,2049400,226473580,9242180,0,210721160,2289100,1150312280,396271940,1759594480,448486320,239700,923838700,387029760,1759594480
2023-07-27,7820,8420,7820,8300,176935,3.75,8870,0.0,0.94,0,0.54,45,4730,0,-15153,10423,0,34151,230,97654,44900,176935,29421,230,112807,34477,176935,40165280,-2700,-127167880,87005300,0,283144140,1902600,808452520,371566490,1465065750,242978860,1905300,935620400,284561190,1465065750
2023-07-28,8300,8470,8230,8310,96045,0.12048192771084339,8870,0.0,0.94,0,0.54,45,40950,-29,-24817,-16104,0,45583,30,34454,15978,96045,4633,59,59271,32082,96045,344647320,-246900,-209290520,-135109900,0,383478030,249000,287860070,133556180,805143280,38830710,495900,497150590,268666080,805143280
2023-07-31,8400,8610,8200,8540,157531,2.7677496991576414,8870,0.0,0.96,0,0.53,45,39268,-205,-35977,-3086,0,56583,60,63336,37552,157531,17315,265,99313,40638,157531,335635330,-1753900,-306786300,-27095130,0,482181050,495300,532605760,317828000,1333110110,146545720,2249200,839392060,344923130,1333110110
2023-08-01,8500,8620,8340,8410,99473,-1.5222482435597189,8870,0.0,0.95,0,0.54,45,-1775,355,30016,-28596,0,9705,355,85138,4275,99473,11480,0,55122,32871,99473,-14916680,2985140,253064940,-241133400,0,81831230,2985140,718581300,36162150,839559820,96747910,0,465516360,277295550,839559820
2023-08-02,8410,8460,8080,8200,155864,-2.4970273483947683,8870,0.0,0.92,0,0.55,45,-72402,410,64933,7059,0,6446,410,116977,32031,155864,78848,0,52044,24972,155864,-592206750,3362400,532937620,55906730,0,52892240,3362400,959797730,261312100,1277364470,645098990,0,426860110,205405370,1277364470
2023-08-03,8190,8350,8050,8290,142282,1.097560975609756,8870,0.0,0.93,0,0.54,45,-35882,400,2378,33104,0,6945,500,80086,54751,142282,42827,100,77708,21647,142282,-294077780,3223600,17895730,272958450,0,57049530,4053200,657684960,450866170,1169653860,351127310,829600,639789230,177907720,1169653860
2023-08-04,8290,9180,8190,8990,729360,8.443908323281061,8870,0.0,1.01,0,0.5,45,136132,1758,-229285,91395,0,252002,2368,308564,166426,729360,115870,610,537849,75031,729360,1221322290,16163450,-2033829500,796343760,0,2253419820,21480860,2742450610,1463012780,6480364070,1032097530,5317410,4776280110,666669020,6480364070
2023-08-07,8980,9090,8590,8990,316029,0.0,8870,0.0,1.01,0,0.5,45,102502,-6498,-20079,-75925,0,136876,145,145622,33386,316029,34374,6643,165701,109311,316029,919033010,-57921630,-184286330,-676825050,0,1224030850,1261290,1287899180,296001640,2809192960,304997840,59182920,1472185510,972826690,2809192960
2023-08-08,8840,8970,8520,8520,289406,-5.228031145717464,8870,0.0,0.96,0,0.53,45,-83896,405,90885,-7394,0,15745,405,228857,44399,289406,99641,0,137972,51793,289406,-725883540,3518600,788697880,-66332940,0,136468770,3518600,1983842220,384739450,2508569040,862352310,0,1195144340,451072390,2508569040
2023-08-09,8510,8660,8440,8530,101782,0.11737089201877934,8870,0.0,0.96,0,0.53,45,-17467,-46,30019,-12506,0,9882,30,76487,15383,101782,27349,76,46468,27889,101782,-148934830,-389970,256499340,-107174540,0,84374720,254400,652677050,131198120,868504290,233309550,644370,396177710,238372660,868504290
2023-08-10,8540,9150,8530,9120,368498,6.916764361078546,8870,0.0,1.03,0,0.49,45,148943,-1622,-174507,27186,0,169218,1721,133443,64116,368498,20275,3343,307950,36930,368498,1347678540,-14087870,-1570436430,236845760,0,1528071110,15689280,1190293530,568996220,3303050140,180392570,29777150,2760729960,332150460,3303050140
2023-08-11,9220,9270,8550,8600,416577,-5.701754385964912,8870,0.0,0.97,0,0.52,45,-78511,-1455,105238,-25272,0,17424,273,360338,38542,416577,95935,1728,255100,63814,416577,-682004350,-13418950,913808460,-218385160,0,153612210,2390900,3158334530,341480020,3655817660,835616560,15809850,2244526070,559865180,3655817660
2023-08-14,8510,8560,8250,8460,217819,-1.627906976744186,8870,0.0,0.95,0,0.53,45,-47335,670,22187,24478,0,33315,700,117141,66663,217819,80650,30,94954,42185,217819,-396971730,5659100,183684540,207628090,0,279835210,5913800,980975980,560491340,1827216330,676806940,254700,797291440,352863250,1827216330
2023-08-16,8330,8400,8060,8090,224307,-4.373522458628842,8870,0.0,0.91,0,0.56,45,-52585,2621,72436,-22472,0,16465,2623,175400,29819,224307,69050,2,102964,52291,224307,-426763200,21482200,589909020,-184628020,0,134434680,21498400,1428196250,243029480,1827158810,561197880,16200,838287230,427657500,1827158810
2023-08-17,8090,8170,7730,8000,231781,-1.1124845488257107,8870,0.0,0.9,0,0.56,45,10012,12886,-2717,-20181,0,35820,13066,146269,36626,231781,25808,180,148986,56807,231781,82421010,101648720,-19724560,-164345170,0,286445790,103095120,1155830700,289700790,1835072400,204024780,1446400,1175555260,454045960,1835072400
2023-08-18,7840,8300,7840,8170,187142,2.125,8870,0.0,0.92,0,0.55,45,45518,-52,-59184,13718,0,75724,68,53617,57733,187142,30206,120,112801,44015,187142,373984090,-439170,-484909540,111364620,0,618381080,537630,432771490,469581940,1521272140,244396990,976800,917681030,358217320,1521272140
2023-08-21,8060,8210,8040,8110,50747,-0.7343941248470013,8870,0.0,0.91,0,0.55,45,241,35,3040,-3316,0,8952,35,21853,19907,50747,8711,0,18813,23223,50747,2100170,282310,24561150,-26943630,0,72819680,282310,177623810,161892900,412618700,70719510,0,153062660,188836530,412618700
2023-08-22,8080,8190,8080,8130,51881,0.2466091245376079,8870,0.0,0.92,0,0.55,45,3525,6,-15851,12320,0,9506,6,22150,20219,51881,5981,0,38001,7899,51881,28709580,48790,-128696860,99938490,0,77318110,48790,179980410,164085270,421432580,48608530,0,308677270,64146780,421432580
2023-08-23,8200,8200,7620,7710,386835,-5.166051660516605,8870,0.0,0.87,0,0.58,45,-119315,1662,140141,-22488,0,59969,1670,289349,35847,386835,179284,8,149208,58335,386835,-925427730,12838420,1093284890,-180695580,0,463149350,12900100,2256939840,277033320,3010022610,1388577080,61680,1163654950,457728900,3010022610
2023-08-24,7640,7750,7540,7630,178245,-1.0376134889753565,8870,0.0,0.86,0,0.59,45,-60707,3360,71171,-13824,0,13494,3450,142416,18885,178245,74201,90,71245,32709,178245,-460319300,25581600,540993620,-106255920,0,102629570,26261100,1083120670,143482840,1355494180,562948870,679500,542127050,249738760,1355494180
2023-08-25,7620,7780,7510,7560,199456,-0.9174311926605505,8870,0.0,0.85,0,0.6,45,-11220,1500,-5514,15234,0,27438,1530,132161,38327,199456,38658,30,137675,23093,199456,-85344000,11334600,-41781660,115791060,0,209004900,11567100,1003895990,292399760,1516867750,294348900,232500,1045677650,176608700,1516867750
2023-08-28,7560,7730,7560,7610,88797,0.6613756613756614,8870,0.0,0.86,0,0.59,45,-12502,545,4067,7890,0,10082,545,62209,15961,88797,22584,0,58142,8071,88797,-95311360,4195200,30954840,60161320,0,77178510,4195200,475170040,122031350,678575100,172489870,0,444215200,61870030,678575100
2023-08-29,7610,7730,7610,7680,53549,0.9198423127463863,8870,0.0,0.87,0,0.59,45,-13570,-36,3901,9705,0,4195,0,34244,15110,53549,17765,36,30343,5405,53549,-103972080,-275720,29699170,74548630,0,32178290,0,262571780,116004630,410754700,136150370,275720,232872610,41456000,410754700
2023-08-30,7740,7870,7620,7630,210080,-0.6510416666666667,8870,0.0,0.86,0,0.59,45,-125825,300,72739,52786,0,16996,360,130162,62562,210080,142821,60,57423,9776,210080,-964586740,2338300,557406770,404841670,0,130574290,2805700,1000489130,480401430,1614270550,1095161030,467400,443082360,75559760,1614270550
2023-08-31,7630,7730,7600,7650,86585,0.2621231979030144,8870,0.0,0.86,0,0.59,45,-12442,19,20386,-7963,0,4410,88,63507,18580,86585,16852,69,43121,26543,86585,-94946590,146930,155456300,-60656640,0,33723430,673200,485390680,142194310,661981620,128670020,526270,329934380,202850950,661981620
2023-09-01,7650,7700,7560,7650,89417,0.0,8870,0.0,0.86,0,0.59,45,-18257,30,24990,-6763,0,11573,30,64118,13696,89417,29830,0,39128,20459,89417,-138439210,227100,189382610,-51170500,0,88333860,227100,487588540,104443550,680593050,226773070,0,298205930,155614050,680593050
2023-09-04,7630,7770,7600,7660,82412,0.130718954248366,8870,0.0,0.86,0,0.59,45,-24487,29,2595,21863,0,10450,59,44546,27357,82412,34937,30,41951,5494,82412,-187773110,218850,19742930,167811330,0,80207280,451350,341933170,209957650,632549450,267980390,232500,322190240,42146320,632549450
2023-09-05,7710,7710,7510,7610,156845,-0.6527415143603132,8870,0.0,0.86,0,0.59,45,-50645,139,69794,-19288,0,18910,139,117904,19892,156845,69555,0,48110,39180,156845,-383379760,1052050,529065350,-146737640,0,143125090,1052050,893791740,150647750,1188616630,526504850,0,364726390,297385390,1188616630
2023-09-06,7560,7640,7440,7440,147838,-2.2339027595269383,8870,0.0,0.84,0,0.6,45,-53909,623,62630,-9344,0,12654,1540,109908,23736,147838,66563,917,47278,33080,147838,-403309460,4619480,469611870,-70921890,0,94889140,11474420,824904980,177903900,1109172440,498198600,6854940,355293110,248825790,1109172440
2023-09-07,7400,7480,7200,7220,213114,-2.956989247311828,8870,0.0,0.81,0,0.62,45,-54805,329,91276,-36800,0,9955,9658,168589,24912,213114,64760,9329,77313,61712,213114,-397948790,3148620,665157590,-270357420,0,72645960,70509720,1230069150,181288280,1554513110,470594750,67361100,564911560,451645700,1554513110
2023-09-08,7210,7570,7180,7490,241010,3.739612188365651,8870,0.0,0.84,0,0.6,45,-99353,75,28232,71046,0,32245,165,115370,93230,241010,131598,90,87138,22184,241010,-735040770,552450,204639900,529848420,0,239849890,1221450,852642620,693274510,1786988470,974890660,669000,648002720,163426090,1786988470
2023-09-11,7500,7800,7420,7630,168178,1.8691588785046727,8870,0.0,0.86,0,0.59,45,-33460,5,-15406,48861,0,24088,230,69476,74384,168178,57548,225,84882,25523,168178,-253364200,20350,-122025380,375369230,0,183235460,1743100,528766430,569306490,1283051480,436599660,1722750,650791810,193937260,1283051480
2023-09-12,7600,7730,7480,7540,88187,-1.1795543905635648,8870,0.0,0.85,0,0.6,45,-18928,1030,19046,-1148,0,14818,1030,55154,17185,88187,33746,0,36108,18333,88187,-141888090,7761860,142831090,-8704860,0,111626220,7761860,415837800,129632740,664858620,253514310,0,273006710,138337600,664858620
2023-09-13,7500,7580,7360,7450,90335,-1.1936339522546418,8870,0.0,0.84,0,0.6,45,-37841,787,16293,20761,0,8011,787,43995,37542,90335,45852,0,27702,16781,90335,-281062160,5824100,120807100,154430960,0,59759960,5824100,327598070,279721780,672903910,340822120,0,206790970,125290820,672903910
2023-09-14,7440,7510,7370,7500,95538,0.6711409395973155,8870,0.0,0.85,0,0.6,45,-28372,0,23164,5208,0,27014,0,47235,21289,95538,55386,0,24071,16081,95538,-210759070,0,171474870,39284200,0,201071990,0,350441040,158491660,710004690,411831060,0,178966170,119207460,710004690
2023-09-15,7480,7540,7390,7480,130666,-0.26666666666666666,8870,0.0,0.84,0,0.6,45,-65132,20,34100,31012,0,16675,20,76066,37905,130666,81807,0,41966,6893,130666,-484676460,148200,253299350,231228910,0,124386910,148200,566212930,282682070,973430110,609063370,0,312913580,51453160,973430110
2023-09-18,7420,7480,7370,7450,89878,-0.4010695187165776,8870,0.0,0.84,0,0.6,45,-49430,30,21192,28208,0,12202,30,43798,33848,89878,61632,0,22606,5640,89878,-365309890,221800,156647550,208440540,0,90263130,221800,324116640,250214750,664816320,455573020,0,167469090,41774210,664816320
2023-09-19,7430,7430,7260,7360,122539,-1.2080536912751678,8870,0.0,0.83,0,0.61,45,-37708,839,48916,-12047,0,16404,839,84296,21000,122539,54112,0,35380,33047,122539,-275447500,6124610,357927710,-88604820,0,120089480,6124610,616930290,153580600,896724980,395536980,0,259002580,242185420,896724980
2023-09-20,7310,7400,7220,7290,135355,-0.9510869565217392,8870,0.0,0.82,0,0.62,45,-30062,40,66269,-36247,0,17000,40,103008,15307,135355,47062,0,36739,51554,135355,-218236140,291600,481786840,-263842300,0,123606730,291600,749634240,111303590,984836160,341842870,0,267847400,375145890,984836160
2023-09-21,7270,7340,7190,7240,132662,-0.6858710562414266,8870,0.0,0.82,0,0.62,45,-32171,2408,55133,-25370,0,11788,2408,106451,12015,132662,43959,0,51318,37385,132662,-232086410,17352300,397998680,-183264570,0,85279370,17352300,768292900,86861110,957785680,317365780,0,370294220,270125680,957785680
2023-09-22,7100,7270,7100,7220,97958,-0.2762430939226519,8870,0.0,0.81,0,0.62,45,-8222,919,14677,-7374,0,6751,919,68236,22052,97958,14973,0,53559,29426,97958,-59282230,6536900,107499290,-54753960,0,48489830,6536900,490840390,156911100,702778220,107772060,0,383341100,211665060,702778220
2023-09-25,7160,7720,7160,7670,233894,6.232686980609419,8870,0.0,0.86,0,0.59,45,30137,-4200,-53081,27144,0,40837,50,141334,51673,233894,10700,4250,194415,24529,233894,230411830,-31938000,-399249960,200776130,0,310977230,368200,1065355440,387212120,1763912990,80565400,32306200,1464605400,186435990,1763912990
2023-09-26,7600,7670,7300,7350,150171,-4.172099087353325,8870,0.0,0.83,0,0.61,45,-32506,391,51032,-18917,0,23704,471,104544,21452,150171,56210,80,53512,40369,150171,-238895810,2866540,378038320,-142009050,0,175488150,3471240,775035500,158930360,1112925250,414383960,604700,396997180,300939410,1112925250
2023-09-27,7260,7670,7260,7540,140708,2.585034013605442,8870,0.0,0.85,0,0.6,45,-14701,-60,42712,-27951,0,32367,90,91813,16438,140708,47068,150,49101,44389,140708,-110248080,-468300,323505330,-212788950,0,242671440,664800,691897010,123025280,1058258530,352919520,1133100,368391680,335814230,1058258530
2023-10-04,7520,7660,7210,7250,144383,-3.8461538461538463,8870,0.0,0.82,0,0.62,45,-50309,1988,34275,14046,0,13013,2031,93573,35766,144383,63322,43,59298,21720,144383,-365250240,14470620,250635300,100144320,0,95556390,14782370,682833710,260453500,1053625970,460806630,311750,432198410,160309180,1053625970
2023-10-05,7300,7450,7150,7170,140383,-1.103448275862069,8870,0.0,0.81,0,0.63,45,-53319,-7679,68734,-7736,0,13431,98,102777,24077,140383,66750,7777,34043,31813,140383,-383676880,-55300900,495105630,-56127850,0,96953390,707100,741171230,174033560,1012865280,480630270,56008000,246065600,230161410,1012865280
2023-10-06,7070,7250,7070,7180,84769,0.1394700139470014,8870,0.0,0.81,0,0.63,45,264,30,40443,-40737,0,4699,30,75803,4237,84769,4435,0,35360,44974,84769,1905860,212100,288408900,-290526860,0,33528350,212100,540641780,30244480,604626710,31622490,0,252232880,320771340,604626710
2023-10-10,7200,7590,7200,7260,108070,1.1142061281337048,8870,0.0,0.82,0,0.62,45,-179,-60,-26089,26328,0,7398,90,63005,37577,108070,7577,150,89094,11249,108070,-1357400,-454500,-194918010,196729910,0,54717690,660300,464502900,279543550,799424440,56075090,1114800,659420910,82813640,799424440
2023-10-11,7260,7620,7260,7440,77191,2.479338842975207,8870,0.0,0.84,0,0.6,45,-97,-91,2960,-2772,0,3850,30,61224,12087,77191,3947,121,58264,14859,77191,-651190,-686730,21671760,-20333840,0,28863240,222300,456869830,90502940,576458310,29514430,909030,435198070,110836780,576458310
2023-10-12,7450,7500,7300,7390,114579,-0.6720430107526881,8870,0.0,0.83,0,0.61,45,-7729,11,31064,-23346,0,5164,30,91886,17499,114579,12893,19,60822,40845,114579,-57006730,78460,229698270,-172770000,0,38165560,220200,679211600,129289210,846886570,95172290,141740,449513330,302059210,846886570
2023-10-13,7360,7360,7160,7220,85655,-2.3004059539918806,8870,0.0,0.81,0,0.62,45,-3741,60,39362,-35681,0,3440,60,78776,3379,85655,7181,0,39414,39060,85655,-27323370,433500,284748190,-257858320,0,24936820,433500,569900410,24467390,619738120,52260190,0,285152220,282325710,619738120
2023-10-16,7170,7180,7020,7090,98356,-1.8005540166204987,8870,0.0,0.8,0,0.63,45,756,60,43990,-44806,0,7751,60,86655,3890,98356,6995,0,42665,48696,98356,5393360,424500,311363550,-317181410,0,54983270,424500,613968990,27581440,696958200,49589910,0,302605440,344762850,696958200
2023-10-17,7200,7230,7120,7200,37384,1.5514809590973202,8870,0.0,0.81,0,0.63,45,-491,-30,-1704,2225,0,2964,0,26329,8091,37384,3455,30,28033,5866,37384,-3529820,-216300,-12299920,16046040,0,21306850,0,189273710,58253430,268833990,24836670,216300,201573630,42207390,268833990
2023-10-18,7180,7740,7180,7690,330753,6.805555555555555,8870,0.0,0.87,0,0.59,45,32702,4563,-133676,96411,0,57487,4809,145114,123343,330753,24785,246,278790,26932,330753,249405010,35012820,-1010414100,725996270,0,437384140,36859620,1101348530,931385830,2506978120,187979130,1846800,2111762630,205389560,2506978120
2023-10-19,7630,7830,7530,7660,300355,-0.3901170351105332,8870,0.0,0.86,0,0.59,45,43629,-1981,-17649,-23999,0,67498,955,164392,67510,300355,23869,2936,182041,91509,300355,336303820,-15382020,-133295440,-187626360,0,520534470,7365680,1268696780,519145840,2315742770,184230650,22747700,1401992220,706772200,2315742770
2023-10-20,7640,7750,7380,7590,121918,-0.9138381201044387,8870,0.0,0.86,0,0.59,45,8488,-214,14826,-23100,0,21086,171,76032,24629,121918,12598,385,61206,47729,121918,65085710,-1655190,112959850,-176390370,0,160948630,1288270,575581130,186384690,924202720,95862920,2943460,462621280,362775060,924202720
2023-10-23,7480,7770,7480,7610,87420,0.2635046113306983,8870,0.0,0.86,0,0.59,45,1952,-1119,5634,-6467,0,8066,60,59270,20024,87420,6114,1179,53636,26491,87420,14998050,-8568140,43081860,-49511770,0,61670950,451500,453181430,152974660,668278540,46672900,9019640,410099570,202486430,668278540
2023-10-24,7820,8020,7400,7980,219534,4.862023653088042,8870,0.0,0.9,0,0.56,45,31785,-2759,-22481,-6545,0,48644,91,126209,44590,219534,16859,2850,148690,51135,219534,255293430,-21724970,-187127730,-46440730,0,386034630,681650,980495610,349536550,1716748440,130741200,22406620,1167623340,395977280,1716748440
2023-10-25,8130,8630,8050,8400,840649,5.263157894736842,8870,0.0,0.95,0,0.54,45,196405,1853,-267298,69040,0,264648,4596,334677,236728,840649,68243,2743,601975,167688,840649,1668196320,16049130,-2261236000,576990550,0,2247295430,38925570,2828462190,1998438900,7113122090,579099110,22876440,5089698190,1421448350,7113122090
2023-10-26,8290,8470,8100,8250,258351,-1.7857142857142856,8870,0.0,0.93,0,0.55,45,109820,-2710,-17371,-89739,0,130220,1815,104262,22054,258351,20400,4525,121633,111793,258351,915180690,-22190870,-145950750,-747039070,0,1084049090,14928040,861285090,182616930,2142879150,168868400,37118910,1007235840,929656000,2142879150
2023-10-27,8080,8280,7910,7950,262665,-3.6363636363636362,8870,0.0,0.9,0,0.57,45,-12191,-12984,16005,9170,0,22060,220,172287,68098,262665,34251,13204,156282,58928,262665,-98451040,-103919800,130065430,72305410,0,176548480,1773300,1382599450,545529980,2106451210,274999520,105693100,1252534020,473224570,2106451210
2023-10-30,7930,8290,7880,8180,168326,2.8930817610062896,8870,0.0,0.92,0,0.55,45,31419,-8680,-41441,18702,0,57623,2018,63898,44787,168326,26204,10698,105339,26085,168326,256207290,-69786990,-334707410,148287110,0,468011440,16521500,515460420,359983260,1359976620,211804150,86308490,850167830,211696150,1359976620
2023-10-31,8200,8680,8200,8410,389010,2.8117359413202934,8870,0.0,0.95,0,0.54,45,102205,-12,-39698,-62495,0,185142,1030,157441,45397,389010,82937,1042,197139,107892,389010,866879300,-79620,-337052540,-529747140,0,1568100840,8761700,1334821940,385200610,3296885090,701221540,8841320,1671874480,914947750,3296885090
2023-11-01,8380,8490,8130,8250,190849,-1.9024970273483945,8870,0.0,0.93,0,0.55,45,8823,3719,-2742,-9800,0,62393,3875,71002,53579,190849,53570,156,73744,63379,190849,74650730,30366990,-23058620,-81959100,0,516606390,31664320,583778940,441811520,1573861170,441955660,1297330,606837560,523770620,1573861170
2023-11-02,8250,8360,8000,8060,315705,-2.3030303030303028,8870,0.0,0.91,0,0.56,45,56468,8315,-4788,-59995,0,76410,9868,178887,50540,315705,19942,1553,183675,110535,315705,461329560,67347120,-40637570,-488039110,0,623415320,79977840,1447831620,410620110,2561844890,162085760,12630720,1488469190,898659220,2561844890
2023-11-03,8050,8490,8050,8390,257652,4.094292803970223,8870,0.0,0.95,0,0.54,45,39262,-192,-84112,45042,0,59234,100,65159,133159,257652,19972,292,149271,88117,257652,328206460,-1612100,-698652030,372057670,0,495083430,816000,539105400,1111160610,2146165440,166876970,2428100,1237757430,739102940,2146165440
2023-11-06,8390,8400,8120,8290,200724,-1.1918951132300357,8870,0.0,0.93,0,0.54,45,22481,140,33879,-56500,0,72274,382,102359,25709,200724,49793,242,68480,82209,200724,187094370,1129970,276589880,-464814220,0,596660240,3150410,841364940,211628370,1652803960,409565870,2020440,564775060,676442590,1652803960
2023-11-07,8290,8340,8160,8340,131363,0.6031363088057901,8870,0.0,0.94,0,0.54,45,16495,-380,-13063,-3052,0,58578,367,51021,21397,131363,42083,747,64084,24449,131363,138350330,-3202320,-109698110,-25449900,0,485309180,2994720,420553110,176602040,1085459050,346958850,6197040,530251220,202051940,1085459050
2023-11-08,8280,8600,8200,8490,226324,1.7985611510791366,8870,0.0,0.96,0,0.53,45,14922,-60,46045,-60907,0,41290,449,143107,41478,226324,26368,509,97062,102385,226324,129817170,-571070,385804660,-515050760,0,349917930,3694690,1205205120,347248470,1906066210,220100760,4265760,819400460,862299230,1906066210
2023-11-09,8590,8610,8320,8370,219686,-1.4134275618374559,8870,0.0,0.94,0,0.54,45,-22554,3216,49667,-30329,0,64226,3246,117533,34681,219686,86780,30,67866,65010,219686,-187802830,26881120,420442360,-259520650,0,543579080,27138820,997046870,292966680,1860731450,731381910,257700,576604510,552487330,1860731450
2023-11-10,8280,8550,8190,8210,175107,-1.911589008363202,8870,0.0,0.93,0,0.55,45,-8091,60,36442,-28411,0,28237,90,111341,35439,175107,36328,30,74899,63850,175107,-67462520,489300,302880470,-235907250,0,235951730,744000,930599930,296197910,1463493570,303414250,254700,627719460,532105160,1463493570
2023-11-13,8140,8350,7960,8100,212905,-1.3398294762484775,8870,0.0,0.91,0,0.56,45,-25117,1095,-4991,29013,0,25854,1095,119322,66634,212905,50971,0,124313,37621,212905,-202282570,8842460,-39632700,233072810,0,209382010,8842460,963120160,537975990,1719320620,411664580,0,1002752860,304903180,1719320620
2023-11-14,8000,8320,8000,8230,285199,1.6049382716049383,8870,0.0,0.93,0,0.55,45,-17401,1472,38935,-23006,0,69790,1587,162426,51396,285199,87191,115,123491,74402,285199,-141106530,12067360,316809940,-187770770,0,567509610,13013460,1321498960,418275920,2320297950,708616140,946100,1004689020,606046690,2320297950
2023-11-15,8250,8300,7900,7980,388994,-3.0376670716889427,8870,0.0,0.9,0,0.56,45,-71114,2740,217100,-148726,0,43706,2740,311783,30765,388994,114820,0,94683,179491,388994,-567577840,21699800,1737665800,-1191787760,0,350462490,21699800,2493023370,246350150,3111535810,918040330,0,755357570,1438137910,3111535810
2023-11-16,7980,8350,7930,8050,342861,0.8771929824561403,8870,0.0,0.91,0,0.56,45,12059,12820,-75559,50680,0,96874,13060,111312,121615,342861,84815,240,186871,70935,342861,101311850,105622260,-625389710,418455600,0,792925760,107581860,907746790,996892850,2805147260,691613910,1959600,1533136500,578437250,2805147260
2023-11-17,8060,8350,8000,8300,281241,3.1055900621118013,8870,0.0,0.94,0,0.54,45,129755,8812,-77550,-61017,0,170664,8872,60055,41650,281241,40909,60,137605,102667,281241,1072358890,72776580,-643603550,-501531920,0,1410208110,73273380,493169300,344235140,2320885930,337849220,496800,1136772850,845767060,2320885930
2023-11-20,8350,9300,8180,9150,1477879,10.240963855421686,8870,0.0,1.03,0,0.49,45,307739,58835,-371688,5114,0,446912,61265,622013,347689,1477879,139173,2430,993701,342575,1477879,2744724350,510328940,-3329606400,74553110,0,3976118100,532440440,5542527210,3069836850,13120922600,1231393750,22111500,8872133610,2995283740,13120922600
2023-11-21,9050,9110,8750,8950,549803,-2.185792349726776,8870,0.0,1.01,0,0.5,45,55206,-33892,83105,-104419,0,127786,2184,335263,84570,549803,72580,36076,252158,188989,549803,498732260,-299861830,731999190,-930869620,0,1142585240,19592940,2979094910,753126620,4894399710,643852980,319454770,2247095720,1683996240,4894399710
2023-11-22,8850,8970,8570,8700,338748,-2.793296089385475,8870,0.0,0.98,0,0.52,45,-51654,10937,67084,-26367,0,37613,10950,235986,54199,338748,89267,13,168902,80566,338748,-452296820,95580330,591404290,-234687800,0,326284080,95693190,2059973210,470513530,2952464010,778580900,112860,1468568920,705201330,2952464010
2023-11-23,8690,8800,8540,8760,242224,0.6896551724137931,8870,0.0,0.99,0,0.51,45,30869,2968,-7144,-26693,0,77413,3000,142413,19398,242224,46544,32,149557,46091,242224,269601790,25759800,-64717060,-230644530,0,673912120,26040000,1235230630,168839850,2104022600,404310330,280200,1299947690,399484380,2104022600
2023-11-24,8700,8800,8610,8710,131485,-0.5707762557077625,8870,0.0,0.98,0,0.52,45,27342,51,20569,-47962,0,31213,51,72513,27708,131485,3871,0,51944,75670,131485,238291170,445230,178545700,-417282100,0,271942730,445230,631031990,242208030,1145627980,33651560,0,452486290,659490130,1145627980
2023-11-27,8700,8790,8580,8700,140470,-0.1148105625717566,8870,0.0,0.98,0,0.52,45,44479,535,2447,-47461,0,50646,535,72626,16663,140470,6167,0,70179,64124,140470,387535440,4668490,21620690,-413824620,0,441169130,4668490,631816020,144624930,1222278570,53633690,0,610195330,558449550,1222278570
2023-11-28,8650,8780,8450,8500,262036,-2.2988505747126435,8870,0.0,0.96,0,0.53,45,12529,-5995,75595,-82129,0,43603,88,183104,35241,262036,31074,6083,107509,117370,262036,109425140,-51084010,645579880,-703921010,0,374970240,751580,1567313890,301612320,2244648030,265545100,51835590,921734010,1005533330,2244648030
2023-11-29,8500,8840,8370,8420,409799,-0.9411764705882352,8870,0.0,0.95,0,0.53,45,26957,-3551,34267,-57673,0,103057,2033,240418,64291,409799,76100,5584,206151,121964,409799,236701320,-29994160,283544580,-490251740,0,886112560,17623290,2057493380,556866590,3518095820,649411240,47617450,1773948800,1047118330,3518095820
2023-11-30,8450,8840,8380,8660,461954,2.8503562945368173,8870,0.0,0.98,0,0.52,45,108865,7787,-71547,-45105,0,134893,8032,121025,198004,461954,26028,245,192572,243109,461954,950499150,67257080,-624916480,-392839750,0,1174738570,69378680,1040655420,1712306700,3997079370,224239420,2121600,1665571900,2105146450,3997079370
2023-12-01,8650,8660,8040,8130,661859,-6.1200923787528865,8870,0.0,0.92,0,0.55,45,-135753,-11524,322326,-175049,0,61520,614,561547,38178,661859,197273,12138,239221,213227,661859,-1119168020,-93884790,2675527130,-1462474320,0,504329040,5067690,4640575540,312453640,5462425910,1623497060,98952480,1965048410,1774927960,5462425910
2023-12-04,8130,8160,7750,7930,574572,-2.4600246002460024,8870,0.0,0.89,0,0.57,45,-138685,-3031,204280,-62564,0,80626,777,377966,115203,574572,219311,3808,173686,177767,574572,-1081109380,-23673490,1601062050,-496279180,0,633230450,6099840,2968059730,905274580,4512664600,1714339830,29773330,1366997680,1401553760,4512664600
2023-12-05,7950,8370,7800,8200,443150,3.4047919293820934,8870,0.0,0.92,0,0.55,45,86610,-699,-108406,22495,0,179577,2046,127417,134110,443150,92967,2745,235823,111615,443150,714488200,-5922750,-893749050,185183600,0,1477756970,16781560,1042149970,1100297260,3636985760,763268770,22704310,1935899020,915113660,3636985760
2023-12-06,8170,8460,8130,8380,243624,2.195121951219512,8870,0.0,0.94,0,0.54,45,59667,-2000,-30843,-26824,0,124330,77,101774,17443,243624,64663,2077,132617,44267,243624,498758320,-16565930,-257045280,-225147110,0,1037486010,637750,848556210,144074460,2030754430,538727690,17203680,1105601490,369221570,2030754430
2023-12-07,8340,8550,8250,8490,234565,1.3126491646778042,8870,0.0,0.96,0,0.53,45,33986,4724,-28170,-10540,0,101880,4904,76839,50942,234565,67894,180,105009,61482,234565,288231480,39815080,-240735690,-87310870,0,861605760,41318890,647021130,431499940,1981445720,573374280,1503810,887756820,518810810,1981445720
2023-12-08,8410,8650,8380,8550,158855,0.7067137809187279,8870,0.0,0.96,0,0.53,45,-4459,1430,25013,-21984,0,51069,1461,93881,12444,158855,55528,31,68868,34428,158855,-37358570,12218450,213126570,-187986450,0,434195220,12484620,800337650,105544060,1352561550,471553790,266170,587211080,293530510,1352561550
2023-12-11,8530,8600,8300,8520,171407,-0.3508771929824561,8870,0.0,0.96,0,0.53,45,-26752,-30,6157,20625,0,25322,30,103951,42104,171407,52074,60,97794,21479,171407,-225057260,-263400,52768100,172552560,0,215073060,249000,877693490,355108900,1448124450,440130320,512400,824925390,182556340,1448124450
2023-12-12,8520,8640,8410,8620,250604,1.1737089201877933,8870,0.0,0.97,0,0.52,45,54667,1538,-52734,-3471,0,125124,1538,81568,42374,250604,70457,0,134302,45845,250604,472303450,13105160,-452795590,-32613020,0,1073005870,13105160,694412370,360573140,2141096540,600702420,0,1147207960,393186160,2141096540
2023-12-13,8620,9180,8620,8830,825527,2.436194895591647,8870,0.0,1.0,0,0.51,45,96844,-2161,-220475,125792,0,293262,6019,307549,218697,825527,196418,8180,528024,92905,825527,885684940,-18614730,-1992439000,1125368790,0,2632905450,53391320,2734332440,1953333880,7373963090,1747220510,72006050,4726771440,827965090,7373963090
2023-12-14,8840,9280,8720,9150,591682,3.6240090600226504,8870,0.0,1.03,0,0.49,45,40143,-1715,27137,-65565,0,138082,327,418531,34742,591682,97939,2042,391394,100307,591682,371627500,-15064010,231462910,-588026400,0,1257021830,2996290,3795039400,314606670,5369664190,885394330,18060300,3563576490,902633070,5369664190
2023-12-15,9090,9190,8740,8890,354249,-2.841530054644809,8870,0.0,1.0,0,0.51,45,12687,-540,8479,-20626,0,132856,2640,180616,38137,354249,120169,3180,172137,58763,354249,115426590,-4963210,77328410,-187791790,0,1192428390,23757590,1617619850,339934080,3173739910,1077001800,28720800,1540291440,527725870,3173739910
2023-12-18,9190,9560,8970,9460,961019,6.411698537682789,8870,0.0,1.07,0,0.48,45,-121513,46253,134981,-59721,0,130899,46738,602256,181126,961019,252412,485,467275,240847,961019,-1111067440,428402150,1241139100,-558473810,0,1208068440,432901850,5584658000,1672860780,8898489070,2319135880,4499700,4343518900,2231334590,8898489070
2023-12-19,9440,9580,9250,9420,391694,-0.42283298097251587,8870,0.0,1.06,0,0.48,45,7245,39244,-10602,-35887,0,127621,42466,176162,45445,391694,120376,3222,186764,81332,391694,72698370,372440850,-103486630,-341652590,0,1204360860,402953770,1660321050,426798800,3694434480,1131662490,30512920,1763807680,768451390,3694434480
2023-12-20,9370,9530,9240,9470,267807,0.5307855626326964,8870,0.0,1.07,0,0.48,45,59432,3258,-35104,-27586,0,126877,6385,105016,29529,267807,67445,3127,140120,57115,267807,560889550,31475160,-328165980,-264198730,0,1195661540,60588160,985210990,275759780,2517220470,634771990,29113000,1313376970,539958510,2517220470
2023-12-21,9350,9500,9200,9470,205762,0.0,8870,0.0,1.07,0,0.48,45,3059,-6248,-9463,12652,0,56767,60,103441,45494,205762,53708,6308,112904,32842,205762,29272060,-58245810,-86094250,115068000,0,531609650,555600,968699730,424088960,1924953940,502337590,58801410,1054793980,309020960,1924953940
2023-12-22,9340,9350,8680,8950,878470,-5.4910242872228086,8870,0.0,1.01,0,0.5,45,52441,-39782,19575,-32234,0,194146,325,547432,136567,878470,141705,40107,527857,168801,878470,475811500,-350599380,154219540,-279431660,0,1734673860,2893350,4856225900,1221487730,7815280840,1258862360,353492730,4702006360,1500919390,7815280840
2023-12-26,8900,8900,8470,8560,583941,-4.357541899441341,8870,0.0,0.97,0,0.53,45,-113396,-489,65194,48691,0,53857,3668,417401,109015,583941,167253,4157,352207,60324,583941,-971255000,-4356740,561268460,414343280,0,460659310,31475440,3581303350,933885220,5007323320,1431914310,35832180,3020034890,519541940,5007323320
2023-12-27,8560,8790,8510,8740,271599,2.102803738317757,8870,0.0,0.99,0,0.51,45,3842,-5390,31038,-29490,0,77953,10,153741,39895,271599,74111,5400,122703,69385,271599,33905510,-46901330,270140560,-257144740,0,676592100,87000,1334309870,345563280,2356552250,642686590,46988330,1064169310,602708020,2356552250
2023-12-28,8670,8700,8370,8490,444519,-2.8604118993135015,8870,0.0,0.96,0,0.53,45,-60074,-3900,95105,-31131,0,42685,6100,326194,69540,444519,102759,10000,231089,100671,444519,-507931110,-33585420,799365050,-257848520,0,363105390,51867080,2767904480,594221620,3777098570,871036500,85452500,1968539430,852070140,3777098570
2024-01-02,8450,8600,8330,8560,306634,0.8244994110718492,8870,0.0,0.97,0,0.53,45,11564,-1358,-58721,48515,0,100010,152,123636,82836,306634,88446,1510,182357,34321,306634,101477120,-11569810,-497635830,407728520,0,850669580,1273360,1045632450,699893650,2597469040,749192460,12843170,1543268280,292165130,2597469040
2024-01-03,8470,8530,8230,8330,410017,-2.6869158878504673,8870,0.0,0.94,0,0.54,45,-112872,-36775,147930,1717,0,52828,2553,279203,75433,410017,165700,39328,131273,73716,410017,-940052500,-307142400,1232257770,14937130,0,440499880,21405500,2327025050,631227730,3420158160,1380552380,328547900,1094767280,616290600,3420158160
2024-01-04,8320,8370,8240,8330,147398,0.0,8870,0.0,0.94,0,0.54,45,-23402,0,32624,-9222,0,49471,0,74676,23251,147398,72873,0,42052,32473,147398,-193700570,0,270115610,-76415040,0,411142310,0,619344670,193098430,1223585410,604842880,0,349229060,269513470,1223585410
2024-01-05,8330,8350,7980,8050,409858,-3.361344537815126,8870,0.0,0.91,0,0.56,45,-104100,436,142786,-39122,0,27887,436,365752,15783,409858,131987,0,222966,54905,409858,-844428340,3537710,1161158100,-320267470,0,226090000,3537710,2967162250,127631120,3324421080,1070518340,0,1806004150,447898590,3324421080
2024-01-08,8140,8240,8000,8050,291730,0.0,8870,0.0,0.91,0,0.56,45,-71384,-1162,22925,49621,0,23993,338,191467,75932,291730,95377,1500,168542,26311,291730,-575496820,-9391770,183699190,401189400,0,194949470,2714050,1549960050,614621100,2362244670,770446290,12105820,1366260860,213431700,2362244670
2024-01-09,8080,8210,8010,8190,145847,1.7391304347826086,8870,0.0,0.92,0,0.55,45,-12852,190,12130,532,0,33026,245,82465,30111,145847,45878,55,70335,29579,145847,-102471730,1553370,96184350,4734010,0,269387440,2004100,668928000,245011360,1185330900,371859170,450730,572743650,240277350,1185330900
2024-01-10,8190,8260,8110,8210,93446,0.2442002442002442,8870,0.0,0.93,0,0.55,45,-9370,-613,29276,-19293,0,14752,303,71287,7104,93446,24122,916,42011,26397,93446,-76611870,-5042520,239634500,-157980110,0,120896580,2482140,584198780,58160160,765737660,197508450,7524660,344564280,216140270,765737660
2024-01-11,8240,8270,8040,8270,360976,0.730816077953715,8870,0.0,0.93,0,0.54,45,33965,-22939,-83857,72831,0,102132,189,168417,90238,360976,68167,23128,252274,17407,360976,278365660,-185543800,-685431090,592609230,0,835608140,1539730,1374663460,734795660,2946606990,557242480,187083530,2060094550,142186430,2946606990
2024-01-12,8310,8360,8050,8090,236874,-2.176541717049577,8870,0.0,0.91,0,0.56,45,-55479,-1997,96188,-38712,0,11235,2023,195036,28580,236874,66714,4020,98848,67292,236874,-451663130,-16349600,784423990,-316411260,0,91849160,16376580,1592567480,234368020,1935161240,543512290,32726180,808143490,550779280,1935161240
2024-01-15,8050,8090,7820,7840,361436,-3.0902348578491967,8870,0.0,0.88,0,0.57,45,-148514,-1836,192626,-42276,0,9247,155,314054,37980,361436,157761,1991,121428,80256,361436,-1169889000,-14449040,1519954200,-335616160,0,73235360,1220650,2478944570,299683440,2853084020,1243124360,15669690,958990370,635299600,2853084020
2024-01-16,7830,7890,7660,7880,183463,0.5102040816326531,8870,0.0,0.89,0,0.57,45,-59314,-189,70556,-11053,0,25132,188,133706,24437,183463,84446,377,63150,35490,183463,-462673360,-1471220,550850890,-86706310,0,196157540,1470520,1040586750,190202380,1428417190,658830900,2941740,489735860,276908690,1428417190
2024-01-17,7860,7860,7610,7710,251609,-2.1573604060913705,8870,0.0,0.87,0,0.58,45,-30274,24,45752,-15502,0,43356,30,182883,25340,251609,73630,6,137131,40842,251609,-233413200,183780,352962010,-119732590,0,331617710,229500,1406471470,194497380,1932816060,565030910,45720,1053509460,314229970,1932816060
2024-01-18,7650,7780,7510,7670,261780,-0.5188067444876783,8870,0.0,0.86,0,0.59,45,-106812,245,80103,26464,0,51418,400,167405,42557,261780,158230,155,87302,16093,261780,-815255500,1874150,610985010,202396340,0,393004370,3056800,1277008830,324989350,1998059350,1208259870,1182650,666023820,122593010,1998059350
2024-01-19,7730,7850,7620,7840,188808,2.216427640156454,8870,0.0,0.88,0,0.57,45,28594,-3804,-8954,-15836,0,76666,277,86752,25113,188808,48072,4081,95706,40949,188808,224764420,-29524640,-71136230,-124103550,0,595194600,2159810,670431440,193439040,1461224890,370430180,31684450,741567670,317542590,1461224890
2024-01-22,7850,7860,7480,7500,364403,-4.336734693877551,8870,0.0,0.85,0,0.6,45,-84566,-118,94130,-9446,0,22966,90,294471,46876,364403,107532,208,200341,56322,364403,-642916690,-880780,720179270,-76381800,0,174095930,681300,2242290790,355369790,2772437810,817012620,1562080,1522111520,431751590,2772437810
2024-01-23,7510,7510,7320,7450,312389,-0.6666666666666667,8870,0.0,0.84,0,0.6,45,-54354,-1040,34773,20621,0,50644,560,208826,52359,312389,104998,1600,174053,31738,312389,-401499250,-7686740,256881450,152304540,0,373495700,4137500,1539950740,387232130,2304816070,774994950,11824240,1283069290,234927590,2304816070
2024-01-24,7410,7660,7270,7630,281934,2.4161073825503356,8870,0.0,0.86,0,0.59,45,-18008,40,12474,5494,0,70792,100,145784,65258,281934,88800,60,133310,59764,281934,-123156290,287300,85498470,37370520,0,535331670,740000,1080242190,487852350,2104166210,658487960,452700,994743720,450481830,2104166210
2024-01-25,7550,7570,7330,7470,225406,-2.0969855832241153,8870,0.0,0.84,0,0.6,45,-70031,150,89641,-19760,0,35488,180,160135,29603,225406,105519,30,70494,49363,225406,-516100940,1101300,661954980,-146955340,0,264215610,1326600,1185870690,219794590,1671207490,780316550,225300,523915710,366749930,1671207490
2024-01-26,7650,8130,7640,8010,1088603,7.228915662650602,8870,0.0,0.9,0,0.56,45,187270,1854,-356304,167180,0,408680,2671,356956,320296,1088603,221410,817,713260,153116,1088603,1511150810,14888150,-2859736420,1333697460,0,3286788130,21429680,2846738290,2560864280,8715820380,1775637320,6541530,5706474710,1227166820,8715820380
2024-01-29,7950,7980,7730,7730,376488,-3.495630461922597,8870,0.0,0.87,0,0.58,45,-121657,-969,175048,-52422,0,35767,420,309186,31115,376488,157424,1389,134138,83537,376488,-950721230,-7630540,1368640610,-410288840,0,279081360,3279700,2417713900,243664780,2943739740,1229802590,10910240,1049073290,653953620,2943739740
2024-01-30,7730,7910,7680,7830,220166,1.29366106080207,8870,0.0,0.88,0,0.57,45,43787,-90,-5408,-38289,0,103822,100,75500,40744,220166,60035,190,80908,79033,220166,343873820,-720300,-43034010,-300119510,0,810891490,776000,588224050,316839020,1716730560,467017670,1496300,631258060,616958530,1716730560
2024-01-31,7800,7830,7610,7690,254305,-1.7879948914431671,8870,0.0,0.87,0,0.59,45,-42261,220,17347,24694,0,59593,280,122797,71635,254305,101854,60,105450,46941,254305,-323571740,1681910,132959830,188930000,0,457755800,2149310,942683600,549874200,1952462910,781327540,467400,809723770,360944200,1952462910
2024-02-01,7630,7680,7350,7420,428626,-3.5110533159947983,8870,0.0,0.84,0,0.61,45,-173842,-17446,136022,55266,0,40264,944,287954,99464,428626,214106,18390,151932,44198,428626,-1289771950,-129772890,1010855880,408688960,0,299506240,7050970,2143774530,739534590,3189866330,1589278190,136823860,1132918650,330845630,3189866330
2024-02-02,7460,7500,7300,7410,289319,-0.13477088948787064,8870,0.0,0.84,0,0.61,45,-52584,151,69733,-17300,0,76077,250,176696,36296,289319,128661,99,106963,53596,289319,-387100240,1120780,511868710,-125889250,0,565217900,1854400,1302320890,268691880,2138085070,952318140,733620,790452180,394581130,2138085070
2024-02-05,7380,7700,7360,7600,242226,2.564102564102564,8870,0.0,0.86,0,0.59,45,18511,1323,-26394,6560,0,90864,1605,104255,45502,242226,72353,282,130649,38942,242226,142914350,9719920,-201190220,48555950,0,687722730,11854300,783857960,342135630,1825570620,544808380,2134380,985048180,293579680,1825570620
2024-02-06,7590,7590,7420,7450,161648,-1.9736842105263157,8870,0.0,0.84,0,0.6,45,-34115,192,83261,-49338,0,30887,192,123337,7232,161648,65002,0,40076,56570,161648,-254024480,1432070,620440840,-367848430,0,229901490,1432070,918736560,53962780,1204032900,483925970,0,298295720,421811210,1204032900
2024-02-07,7420,7800,7390,7700,288213,3.3557046979865772,8870,0.0,0.87,0,0.58,45,-6833,-364,3723,3474,0,75862,160,175858,36333,288213,82695,524,172135,32859,288213,-39794520,-2813900,19173970,23434450,0,577291970,1227200,1327621370,274850470,2180991010,617086490,4041100,1308447400,251416020,2180991010
2024-02-08,7640,7690,7510,7540,195881,-2.0779220779220777,8870,0.0,0.85,0,0.6,45,-10414,496,53788,-43870,0,40953,496,143896,10536,195881,51367,0,90108,54406,195881,-78621520,3750240,406895260,-332023980,0,310479890,3750240,1089441040,80227780,1483898950,389101410,0,682545780,412251760,1483898950
2024-02-13,7620,7950,7550,7670,263433,1.7241379310344827,8870,0.0,0.86,0,0.59,45,15639,-5657,-65136,55154,0,60195,51,122340,80847,263433,44556,5708,187476,25693,263433,119792960,-43134330,-498211570,421552940,0,462111930,392970,938537670,618176070,2019218640,342318970,43527300,1436749240,196623130,2019218640
2024-02-14,7620,7980,7550,7870,372432,2.607561929595828,8870,0.0,0.89,0,0.57,45,31937,176,-73203,41090,0,95316,427,199858,76831,372432,63379,251,273061,35741,372432,252906930,1368110,-578671200,324396160,0,753133980,3317580,1570289430,604874800,2931615790,500227050,1949470,2148960630,280478640,2931615790
2024-02-15,7910,7920,7710,7850,222970,-0.25412960609911056,8870,0.0,0.89,0,0.57,45,-19486,30,53362,-33906,0,55083,60,150337,17490,222970,74569,30,96975,51396,222970,-152407070,228300,418711490,-266532720,0,431617730,464400,1176921710,136603650,1745607490,584024800,236100,758210220,403136370,1745607490
2024-02-16,7850,7860,7760,7850,189584,0.0,8870,0.0,0.89,0,0.57,45,-41244,-912,13088,29068,0,53314,20,94525,41725,189584,94558,932,81437,12657,189584,-321575280,-7117720,101780570,226912430,0,415929110,155300,737150190,325713290,1478947890,737504390,7273020,635369620,98800860,1478947890
2024-02-19,7900,7900,7660,7720,229364,-1.6560509554140128,8870,0.0,0.87,0,0.58,45,-111798,123,98200,13475,0,24408,123,162524,42309,229364,136206,0,64324,28834,229364,-862005250,948900,757412550,103643800,0,188316200,948900,1254187820,326525480,1769978400,1050321450,0,496775270,222881680,1769978400
2024-02-20,7740,7830,7680,7740,175040,0.2590673575129534,8870,0.0,0.87,0,0.58,45,-5924,302,3915,1707,0,89525,360,60689,24466,175040,95449,58,56774,22759,175040,-45006070,2341840,29632480,13031750,0,694841320,2794800,470323590,189537360,1357497070,739847390,452960,440691110,176505610,1357497070
2024-02-21,7760,7860,7610,7820,270923,1.03359173126615,8870,0.0,0.88,0,0.58,45,-35175,992,-2524,36707,0,104899,1202,109245,55577,270923,140074,210,111769,18870,270923,-269544560,7561100,-21623230,283606690,0,815661960,9199400,845792610,429545430,2100199400,1085206520,1638300,867415840,145938740,2100199400
2024-02-22,7840,7840,7710,7800,155033,-0.2557544757033248,8870,0.0,0.88,0,0.58,45,-55211,130,55762,-681,0,40268,130,94582,20053,155033,95479,0,38820,20734,155033,-427602060,1003600,431787600,-5189140,0,312561180,1003600,733059670,155764560,1202389010,740163240,0,301272070,160953700,1202389010
2024-02-23,7740,7850,7450,7620,663544,-2.307692307692308,8870,0.0,0.86,0,0.59,45,-248610,53084,131171,64355,0,111395,53315,309731,189103,663544,360005,231,178560,124748,663544,-1891242680,403306020,992758390,495178270,0,849520920,405078790,2350705510,1441452030,5046757250,2740763600,1772770,1357947120,946273760,5046757250
2024-02-26,7620,7650,7220,7250,567469,-4.8556430446194225,8870,0.0,0.82,0,0.62,45,-251403,13178,364941,-126716,0,39486,13370,479198,35415,567469,290889,192,114257,162131,567469,-1835949460,99492150,2680768150,-944310840,0,290565420,100880310,3523965610,260140810,4175552150,2126514880,1388160,843197460,1204451650,4175552150
2024-02-27,7250,7250,6890,7010,939901,-3.310344827586207,8870,0.0,0.79,0,0.64,45,-359052,13330,401649,-55927,0,146374,13528,637793,142206,939901,505426,198,236144,198133,939901,-2497564380,93182430,2803695860,-399313910,0,1021195220,94574000,4455996020,992854370,6564619610,3518759600,1391570,1652300160,1392168280,6564619610
2024-02-28,7010,7160,6960,7000,193598,-0.14265335235378032,8870,0.0,0.79,0,0.64,45,-30138,130,22272,7736,0,14995,190,146978,31435,193598,45133,60,124706,23699,193598,-211421280,912700,156149240,54359340,0,105379270,1338400,1032702520,221169940,1360590130,316800550,425700,876553280,166810600,1360590130
2024-02-29,7000,7100,6950,7010,184404,0.14285714285714285,8870,0.0,0.79,0,0.64,45,-48669,-3853,49769,2753,0,8998,11727,108000,55679,184404,57667,15580,58231,52926,184404,-342032850,-27227700,349291860,19968690,0,63296430,82406500,758688330,391916640,1296307900,405329280,109634200,409396470,371947950,1296307900
2024-03-04,7000,7100,6960,7000,251454,-0.14265335235378032,8870,0.0,0.79,0,0.64,45,-144748,6812,108104,29832,0,20263,9012,159367,62812,251454,165011,2200,51263,32980,251454,-1010796520,47540760,755981060,207274700,0,141692830,62875090,1114875700,438931580,1758375200,1152489350,15334330,358894640,231656880,1758375200
2024-03-05,7000,7060,6910,7060,209423,0.8571428571428572,8870,0.0,0.8,0,0.64,45,-95633,12926,53070,29637,0,16560,12926,120213,59724,209423,112193,0,67143,30087,209423,-665141930,89933160,369024480,206184290,0,115215590,89933160,838033030,416039550,1459221330,780357520,0,469008550,209855260,1459221330
2024-03-06,7060,7070,6940,6960,145290,-1.41643059490085,8870,0.0,0.78,0,0.65,45,-56451,3690,77239,-24478,0,7742,3690,130154,3704,145290,64193,0,52915,28182,145290,-393423120,25748440,538495870,-170821190,0,53881840,25748440,907848300,25835440,1013314020,447304960,0,369352430,196656630,1013314020
2024-03-07,6990,7000,6650,6680,556978,-4.022988505747127,8870,0.0,0.75,0,0.67,45,-210896,15913,159009,35974,0,39186,15916,375203,126673,556978,250082,3,216194,90699,556978,-1422203760,108605030,1073942280,239656450,0,265879960,108625220,2536213970,856663280,3767382430,1688083720,20190,1462271690,617006830,3767382430
2024-03-08,6680,6800,6580,6660,488048,-0.29940119760479045,8870,0.0,0.75,0,0.68,45,-172737,-3475,50671,125541,0,81794,30,239952,166272,488048,254531,3505,189281,40731,488048,-1143258800,-22993080,336233920,830017960,0,541098520,198600,1590023160,1100374720,3231695000,1684357320,23191680,1253789240,270356760,3231695000
2024-03-11,6700,6840,6620,6810,218075,2.2522522522522523,8870,0.0,0.77,0,0.66,45,-65494,100,22827,42567,0,10694,130,134705,72546,218075,76188,30,111878,29979,218075,-441841010,666500,155112590,286061920,0,72052670,869900,908057860,488686150,1469666580,513893680,203400,752945270,202624230,1469666580
2024-03-12,6840,7090,6770,7040,203492,3.3773861967694567,8870,0.0,0.79,0,0.64,45,-16454,21880,-4631,-795,0,7283,22000,123205,51004,203492,23737,120,127836,51799,203492,-113207960,153225120,-34310950,-5706210,0,50393050,154059720,852604450,352159980,1409217200,163601010,834600,886915400,357866190,1409217200
2024-03-13,7040,7350,7040,7270,368173,3.2670454545454546,8870,0.0,0.82,0,0.62,45,-18011,21382,-15606,12235,0,35864,23200,239511,69598,368173,53875,1818,255117,57363,368173,-129366220,154390360,-108779320,83755180,0,257536680,167451240,1724336400,497976410,2647300730,386902900,13060880,1833115720,414221230,2647300730
2024-03-14,7500,7700,7370,7600,783738,4.53920220082531,8870,0.0,0.86,0,0.59,45,37801,-3900,-152151,118250,0,147073,6174,422706,207785,783738,109272,10074,574857,89535,783738,289678320,-29902960,-1159235370,899460010,0,1119552620,46953010,3208837610,1578526560,5953869800,829874300,76855970,4368072980,679066550,5953869800
2024-03-15,7500,7690,7420,7620,266984,0.2631578947368421,8870,0.0,0.86,0,0.59,45,55554,-2544,-64604,11594,0,84635,165,110488,71696,266984,29081,2709,175092,60102,266984,423380930,-19394820,-490748920,86762810,0,644673970,1254400,839369830,543864510,2029162710,221293040,20649220,1330118750,457101700,2029162710
2024-03-18,7640,7640,7440,7550,191240,-0.9186351706036745,8870,0.0,0.85,0,0.6,45,16617,30,-36628,19981,0,25838,30,104408,60964,191240,9221,0,141036,40983,191240,125283020,224700,-277281130,151773410,0,194797930,224700,785973780,460892590,1441889000,69514910,0,1063254910,309119180,1441889000
2024-03-19,7550,7640,7450,7530,163443,-0.26490066225165565,8870,0.0,0.85,0,0.6,45,2825,20,-34802,31957,0,23460,20,79177,60786,163443,20635,0,113979,28829,163443,21337230,150200,-262671150,241183720,0,176969140,150200,596863750,458946340,1232929430,155631910,0,859534900,217762620,1232929430
2024-03-20,7500,7570,7390,7450,195193,-1.0624169986719787,8870,0.0,0.84,0,0.6,45,1030,100,7479,-8609,0,22196,100,123381,49516,195193,21166,0,115902,58125,195193,8254760,741600,56080820,-65077180,0,165882280,741600,920313200,369566690,1456503770,157627520,0,864232380,434643870,1456503770
2024-03-21,7450,7640,7410,7560,157131,1.476510067114094,8870,0.0,0.85,0,0.6,45,8705,-255,-22751,14301,0,43305,0,75046,38780,157131,34600,255,97797,24479,157131,66142320,-1914000,-170942430,106714110,0,326482340,0,563383020,291482820,1181348180,260340020,1914000,734325450,184768710,1181348180
2024-03-22,7530,7670,7500,7570,202382,0.13227513227513227,8870,0.0,0.85,0,0.59,45,-56100,-263,-22339,78702,0,21477,0,86957,93948,202382,77577,263,109296,15246,202382,-425310620,-1985900,-168999850,596296370,0,163047800,0,659192600,712108380,1534348780,588358420,1985900,828192450,115812010,1534348780
2024-03-25,7530,7590,7330,7380,199851,-2.509907529722589,8870,0.0,0.83,0,0.61,45,-21224,-23340,54819,-10255,0,23967,260,129830,45794,199851,45191,23600,75011,56049,199851,-155632220,-173308890,405694360,-76753250,0,178356230,1925400,963578240,340296850,1484156720,333988450,175234290,557883880,417050100,1484156720
2024-03-26,7390,7430,7200,7300,341495,-1.084010840108401,8870,0.0,0.82,0,0.62,45,-182822,140,42499,140183,0,62909,140,127339,151107,341495,245731,0,84840,10924,341495,-1328609390,1020600,307701570,1019887220,0,459503800,1020600,927486820,1099806220,2487817440,1788113190,0,619785250,79919000,2487817440
2024-03-27,7320,7620,7270,7500,267231,2.73972602739726,8870,0.0,0.85,0,0.6,45,25430,-2834,-50887,28291,0,90103,52,89906,87170,267231,64673,2886,140793,58879,267231,197040050,-20959030,-382026260,205945240,0,677731370,387420,669584440,647243480,1994946710,480691320,21346450,1051610700,441298240,1994946710
2024-03-28,7570,7570,7320,7360,137585,-1.866666666666667,8870,0.0,0.83,0,0.61,45,-12943,3605,64124,-54786,0,23358,3741,103922,6564,137585,36301,136,39798,61350,137585,-94708080,26522300,472071490,-403885710,0,172093370,27536860,765865060,48501080,1013996370,266801450,1014560,293793570,452386790,1013996370
2024-03-29,7350,7430,7260,7270,96607,-1.2228260869565217,8870,0.0,0.82,0,0.62,45,-15714,100,39051,-23437,0,9341,100,75683,11483,96607,25055,0,36632,34920,96607,-114670940,727900,285839990,-171896950,0,68290060,727900,553094900,83758550,705871410,182961000,0,267254910,255655500,705871410
2024-04-01,7300,7530,7240,7480,266816,2.8885832187070153,8870,0.0,0.84,0,0.6,45,-57495,-245,-39526,97266,0,25863,1268,117124,122561,266816,83358,1513,156650,25295,266816,-426917700,-1649590,-296126230,724693520,0,192493790,9459320,868501460,912807730,1983262300,619411490,11108910,1164627690,188114210,1983262300
2024-04-02,7480,7490,7000,7330,183215,-2.0053475935828877,8870,0.0,0.83,0,0.61,45,10691,183,-5436,-5438,0,22698,191,116184,44142,183215,12007,8,121620,49580,183215,78224050,1335920,-40362810,-39197160,0,165893020,1394960,847878050,323123590,1338289620,87668970,59040,888240860,362320750,1338289620
2024-04-03,7260,7350,7180,7270,118529,-0.8185538881309686,8870,0.0,0.82,0,0.62,45,7213,7071,5602,-19886,0,16546,7071,68458,26454,118529,9333,0,62856,46340,118529,52696650,51405410,40198050,-144300110,0,120657390,51405410,497162560,192870940,862096300,67960740,0,456964510,337171050,862096300
2024-04-04,7370,7370,7090,7100,222963,-2.3383768913342506,8870,0.0,0.8,0,0.63,45,-42173,70,55912,-13809,0,16135,130,192808,13890,222963,58308,60,136896,27699,222963,-302249270,489700,401794200,-100034630,0,115787870,931900,1383648060,99513550,1599881380,418037140,442200,981853860,199548180,1599881380
2024-04-05,7100,7260,7040,7240,215334,1.971830985915493,8870,0.0,0.82,0,0.62,45,-76938,31400,-18879,64417,0,16275,31440,80577,87042,215334,93213,40,99456,22625,215334,-553684190,226332240,-135078080,462430030,0,116507880,226621040,577732270,624775430,1545636620,670192070,288800,712810350,162345400,1545636620
2024-04-08,7240,7440,7120,7300,280408,0.8287292817679558,8870,0.0,0.82,0,0.62,45,101142,-1180,-109197,9235,0,119427,42,73554,87385,280408,18285,1222,182751,78150,280408,745759030,-8633170,-802476460,65350600,0,880148750,311170,539802700,641928520,2062191140,134389720,8944340,1342279160,576577920,2062191140
2024-04-09,7300,7540,7300,7500,199235,2.73972602739726,8870,0.0,0.85,0,0.6,45,67568,-184,-74813,7429,0,80630,136,77102,41367,199235,13062,320,151915,33938,199235,505876650,-1362200,-557521110,53006660,0,603221850,1019000,575360310,307327980,1486929140,97345200,2381200,1132881420,254321320,1486929140
2024-04-11,7400,7610,7340,7610,313509,1.4666666666666666,8870,0.0,0.86,0,0.59,45,25847,-10907,-59964,45024,0,104874,178,126886,81571,313509,79027,11085,186850,36547,313509,193797440,-80422190,-447931110,334555860,0,789667560,1336690,951056150,609652610,2351713010,595870120,81758880,1398987260,275096750,2351713010
2024-04-12,7640,7680,7370,7410,194714,-2.628120893561104,8870,0.0,0.84,0,0.61,45,-8544,-20868,84323,-54911,0,25849,11762,145896,11207,194714,34393,32630,61573,66118,194714,-64182320,-154449110,626695440,-408064010,0,192265480,87528190,1086597210,83739620,1450130500,256447800,241977300,459901770,491803630,1450130500
2024-04-15,7270,7530,7260,7420,226803,0.1349527665317139,8870,0.0,0.84,0,0.61,45,17606,141,-36956,19209,0,68132,375,122790,35506,226803,50526,234,159746,16297,226803,132700970,1036890,-276116620,142378760,0,507615710,2777900,911310820,263431220,1685135650,374914740,1741010,1187427440,121052460,1685135650
2024-04-16,7350,7940,7350,7640,1172400,2.964959568733154,8870,0.0,0.86,0,0.59,45,180563,-22215,-263104,104756,0,265680,8945,650698,247077,1172400,85117,31160,913802,142321,1172400,1393462160,-172127560,-2043118490,821783890,0,2048762360,68902710,5028404360,1917151120,9063220550,655300200,241030270,7071522850,1095367230,9063220550
2024-04-17,7800,8630,7800,8500,3511794,11.2565445026178,8870,0.0,0.96,0,0.53,45,416513,-19714,-679556,282757,0,857586,68785,1994813,590610,3511794,441073,88499,2674369,307853,3511794,3508286080,-172097690,-5679535920,2343347530,0,7206030730,571391590,16704088970,4920647430,29402158720,3697744650,743489280,22383624890,2577299900,29402158720
2024-04-18,8830,9400,8660,8990,4458174,5.764705882352941,8870,0.0,1.01,0,0.5,45,556954,35478,-545542,-46890,0,1229824,87043,2463852,677455,4458174,672870,51565,3009394,724345,4458174,5079577950,329171210,-5003213860,-405535300,0,11175266820,794968730,22374734670,6147156770,40492126990,6095688870,465797520,27377948530,6552692070,40492126990
2024-04-19,8910,9010,8650,8710,975485,-3.114571746384872,8870,0.0,0.98,0,0.52,45,148127,-12693,-104774,-30660,0,279830,939,486875,207841,975485,131703,13632,591649,238501,975485,1309337360,-112272030,-922410400,-274654930,0,2470556560,8312520,4287444690,1832732320,8599046090,1161219200,120584550,5209855090,2107387250,8599046090
2024-04-22,8800,9430,8800,9140,1515258,4.936854190585533,8870,0.0,1.03,0,0.49,45,326535,18680,-395937,50722,0,501831,28104,704321,281002,1515258,175296,9424,1100258,230280,1515258,3027122370,171249950,-3664734830,466362510,0,4641654630,258272760,6458644790,2588956330,13947528510,1614532260,87022810,10123379620,2122593820,13947528510
2024-04-23,9160,9320,8930,9030,573120,-1.2035010940919038,8870,0.0,1.02,0,0.5,45,-95863,-146,26154,69855,0,70382,1002,354720,147016,573120,166245,1148,328566,77161,573120,-865498260,-1313160,244874970,621936450,0,636373990,9044840,3214285890,1325432380,5185137100,1501872250,10358000,2969410920,703495930,5185137100
2024-04-24,9030,9050,8790,8910,367408,-1.3289036544850499,8870,0.0,1.0,0,0.51,45,-33293,-10648,-35937,79878,0,28404,60,236212,102732,367408,61697,10708,272149,22854,367408,-295527570,-94586470,-319803060,709917100,0,253174320,532500,2103988930,914506450,3272202200,548701890,95118970,2423791990,204589350,3272202200
2024-04-25,8860,8950,8690,8880,404412,-0.33670033670033667,8870,0.0,1.0,0,0.51,45,-29879,-2202,-18087,50168,0,68323,454,219523,116112,404412,98202,2656,237610,65944,404412,-261873880,-19279190,-155624190,436777260,0,602589390,4011920,1936178650,1020397860,3563177820,864463270,23291110,2091802840,583620600,3563177820
2024-04-26,8790,9290,8670,9050,720699,1.9144144144144142,8870,0.0,1.02,0,0.5,45,24766,-2633,-20179,-1954,0,121399,826,451060,147414,720699,96633,3459,471239,149368,720699,226351090,-23865940,-169027980,-33457170,0,1098214370,7403420,4077320210,1323171450,6506109450,871863280,31269360,4246348190,1356628620,6506109450
2024-04-29,8970,9540,8960,9480,576960,4.751381215469613,8870,0.0,1.07,0,0.47,45,79154,3022,-65749,-16427,0,136607,3213,373566,63574,576960,57453,191,439315,80001,576960,747866530,28028310,-615143660,-160751180,0,1282655950,29821800,3479230570,586934410,5378642730,534789420,1793490,4094374230,747685590,5378642730
2024-04-30,9430,9550,9280,9410,285593,-0.7383966244725738,8870,0.0,1.06,0,0.48,45,-3395,1784,-2447,4058,0,31146,1814,197244,55389,285593,34541,30,199691,51331,285593,-31027850,16640500,-21417190,35804540,0,292173820,16922120,1851592240,518504450,2679192630,323201670,281620,1873009430,482699910,2679192630
2024-05-02,9410,9510,9110,9200,301247,-2.2316684378320937,8485,0.0,1.08,0,0.49,45,-2545,1793,-42572,43324,0,10673,1868,196821,91885,301247,13218,75,239393,48561,301247,-23492350,16427100,-393869610,400934860,0,98824130,17120320,1820273430,850999900,2787217780,122316480,693220,2214143040,450065040,2787217780
2024-05-03,9150,9250,8710,8840,577395,-3.91304347826087,8485,0.0,1.04,0,0.51,45,-151484,4109,-44252,191627,0,29176,6110,309969,232140,577395,180660,2001,354221,40513,577395,-1345302470,36206310,-391315390,1700411550,0,260937750,54179100,2767324270,2064512130,5146953250,1606240220,17972790,3158639660,364100580,5146953250
2024-05-07,8890,8920,8590,8700,403073,-1.583710407239819,8485,0.0,1.03,0,0.52,45,-77902,-22458,13181,87179,0,110793,36,178149,114095,403073,188695,22494,164968,26916,403073,-676331600,-196105140,114617940,757818800,0,967768890,311880,1552618370,994024750,3514723890,1644100490,196417020,1438000430,236205950,3514723890
2024-05-08,8690,8870,8620,8760,311049,0.6896551724137931,8485,0.0,1.03,0,0.51,45,-55750,8811,2635,44304,0,26600,8880,183673,91896,311049,82350,69,181038,47592,311049,-487776880,77126870,24504130,386145880,0,232181050,77735480,1605231010,802545200,2717692740,719957930,608610,1580726880,416399320,2717692740
2024-05-09,8720,8900,8700,8740,283493,-0.228310502283105,8485,0.0,1.03,0,0.51,45,-61927,-12177,10003,64101,0,19192,1290,161613,101398,283493,81119,13467,151610,37297,283493,-542383040,-106505200,87989650,560898590,0,168144260,11299780,1417184700,888072630,2484701370,710527300,117804980,1329195050,327174040,2484701370
2024-05-10,8740,8790,8470,8530,416251,-2.402745995423341,8485,0.0,1.01,0,0.53,45,-92715,-6277,-4824,103816,0,20174,296,247382,148399,416251,112889,6573,252206,44583,416251,-794618890,-54155370,-43449110,892223370,0,173852260,2538100,2127868960,1276593780,3580853100,968471150,56693470,2171318070,384370410,3580853100
2024-05-13,8530,8530,8310,8350,342126,-2.1101992966002343,8485,0.0,0.98,0,0.54,45,-114503,646,1099,112758,0,49784,1200,152845,138297,342126,164287,554,151746,25539,342126,-958109510,5428770,8664300,944016440,0,416868510,10058410,1279932430,1158775250,2865634600,1374978020,4629640,1271268130,214758810,2865634600
2024-05-14,8300,9180,8270,9080,894309,8.742514970059881,8485,0.0,1.07,0,0.5,45,-96095,36184,-22411,82322,0,91607,37836,538093,226773,894309,187702,1652,560504,144451,894309,-841348800,325511520,-218318120,734155400,0,812074410,340315450,4777938320,2014592920,7944921100,1653423210,14803930,4996256440,1280437520,7944921100
2024-05-16,9090,10050,9090,10000,1377930,10.13215859030837,8485,0.0,1.18,0,0.45,45,212597,29613,-296767,54557,0,303238,30649,738684,305359,1377930,90641,1036,1035451,250802,1377930,2070863970,292143150,-2880979170,517972050,0,2958590540,302178120,7222996270,2972650710,13456415640,887726570,10034970,10103975440,2454678660,13456415640
2024-05-17,9920,10030,9670,9710,416852,-2.9000000000000004,8485,0.0,1.14,0,0.46,45,27461,-3008,15204,-39657,0,80064,707,246210,89871,416852,52603,3715,231006,129528,416852,272413560,-29577640,148836720,-391672640,0,789297480,6898100,2414252340,885697530,4096145450,516883920,36475740,2265415620,1277370170,4096145450
2024-05-20,9660,10040,9580,9720,383206,0.10298661174047373,8485,0.0,1.15,0,0.46,45,-22172,-8751,98707,-67784,0,30679,10408,296816,45303,383206,52851,19159,198109,113087,383206,-217738910,-86046890,973728380,-669942580,0,302349470,102598650,2923327680,443651550,3771927350,520088380,188645540,1949599300,1113594130,3771927350
2024-05-21,9710,9980,9630,9670,250186,-0.51440329218107,8485,0.0,1.14,0,0.47,45,-1748,-4596,18722,-12378,0,49245,11045,126659,63237,250186,50993,15641,107937,75615,250186,-17101150,-43056080,184227400,-124070170,0,483342280,108756110,1242448570,617201590,2451748550,500443430,151812190,1058221170,741271760,2451748550
2024-05-22,9760,9980,9380,9380,341482,-2.998965873836608,8485,0.0,1.11,0,0.48,45,-102836,477,23466,78893,0,42371,3314,197292,98505,341482,145207,2837,173826,19612,341482,-974835210,4548450,220542430,749744330,0,403686000,31692420,1882235430,938434560,3256048410,1378521210,27143970,1661693000,188690230,3256048410
2024-05-23,9360,9800,9230,9490,426037,1.1727078891257996,8485,0.0,1.12,0,0.47,45,62590,480,-23247,-39823,0,141589,1196,210997,72255,426037,78999,716,234244,112078,426037,605928940,4829390,-215312280,-395446050,0,1364419260,11539510,2016054670,684072900,4076086340,758490320,6710120,2231366950,1079518950,4076086340
2024-05-24,9450,10160,9020,9280,1542737,-2.212855637513172,8485,0.0,1.09,0,0.48,45,-13541,-10304,-27953,51798,0,134018,18036,970481,420202,1542737,147559,28340,998434,368404,1542737,-123612050,-97489510,-245148490,466250050,0,1293899740,172380470,9303227780,4005769000,14775276990,1417511790,269869980,9548376270,3539518950,14775276990
2024-05-27,9210,9590,8850,9340,669746,0.646551724137931,8485,0.0,1.1,0,0.48,45,-32314,497,8124,23693,0,117836,5366,383116,163428,669746,150150,4869,374992,139735,669746,-287992450,4950960,68232290,214809200,0,1106485950,50186280,3582699180,1521078560,6260449970,1394478400,45235320,3514466890,1306269360,6260449970
2024-05-28,9290,9290,8750,8870,610213,-5.032119914346895,8485,0.0,1.05,0,0.51,45,-117913,-6770,123760,923,0,76752,244,429816,103401,610213,194665,7014,306056,102478,610213,-1046034290,-60040120,1110313590,-4239180,0,684090690,2166550,3844414720,919315660,5449987620,1730124980,62206670,2734101130,923554840,5449987620
2024-05-29,8870,9050,8750,8870,215684,0.0,8485,0.0,1.05,0,0.51,45,-2387,-6509,-24687,33583,0,19275,212,128633,67564,215684,21662,6721,153320,33981,215684,-20802440,-58073640,-215496800,294372880,0,171477570,1888510,1143678500,597038180,1914082760,192280010,59962150,1359175300,302665300,1914082760
2024-05-30,8810,9060,8780,8830,181396,-0.4509582863585118,8485,0.0,1.04,0,0.51,45,-8299,62,23486,-15249,0,15687,204,132318,33187,181396,23986,142,108832,48436,181396,-73644520,541240,208637670,-135534390,0,139555480,1807260,1175746160,294678850,1611787750,213200000,1266020,967108490,430213240,1611787750
2024-05-31,9010,9660,8920,9310,659192,5.436013590033975,8485,0.0,1.1,0,0.48,45,95719,5858,-97589,-3988,0,161583,8557,347177,141875,659192,65864,2699,444766,145863,659192,900254510,55213880,-917446020,-38022370,0,1520990740,80711310,3275143380,1334155860,6211001290,620736230,25497430,4192589400,1372178230,6211001290
2024-06-03,9330,9700,9330,9490,307177,1.933404940923738,8485,0.0,1.12,0,0.47,45,46450,7711,-8555,-45606,0,65655,13651,133211,94660,307177,19205,5940,141766,140266,307177,443973310,73493980,-84029750,-433437540,0,627184760,130217370,1270980940,905764630,2934147700,183211450,56723390,1355010690,1339202170,2934147700
2024-06-04,9370,9560,9200,9220,178921,-2.845100105374078,8485,0.0,1.09,0,0.49,45,7152,-1058,-2221,-3873,0,34416,90,108499,35916,178921,27264,1148,110720,39789,178921,66864060,-9921120,-19947530,-36995410,0,321021340,834900,1011179720,334344570,1667380530,254157280,10756020,1031127250,371339980,1667380530
2024-06-05,9270,9600,9150,9230,202509,0.10845986984815618,8485,0.0,1.09,0,0.49,45,-59169,271,69577,-10679,0,13999,331,157451,30728,202509,73168,60,87874,41407,202509,-544547790,2490790,641245550,-99188550,0,129138920,3059590,1455267820,285061580,1872527910,673686710,568800,814022270,384250130,1872527910
2024-06-07,9350,9420,9080,9100,192097,-1.4084507042253522,8485,0.0,1.07,0,0.49,45,-49665,1399,67539,-19273,0,33835,1983,133850,22429,192097,83500,584,66311,41702,192097,-453950470,12994080,617848140,-176891750,0,310720860,18349920,1229357970,207024010,1765452760,764671330,5355840,611509830,383915760,1765452760
2024-06-10,9100,9330,9030,9120,180009,0.21978021978021978,8485,0.0,1.07,0,0.49,45,-72145,4262,27165,40718,0,12456,5093,106283,56177,180009,84601,831,79118,15459,180009,-656657100,38788760,245516010,372352330,0,113789410,46349930,971337970,513719360,1645196670,770446510,7561170,725821960,141367030,1645196670
2024-06-11,9120,9220,8900,8920,152798,-2.1929824561403506,8485,0.0,1.05,0,0.5,45,-13444,3893,7589,1962,0,9019,3991,106291,33497,152798,22463,98,98702,31535,152798,-120704120,35647510,67293000,17763610,0,81408080,36522590,955852760,302904610,1376688040,202112200,875080,888559760,285141000,1376688040
2024-06-12,8910,9070,8570,8960,305344,0.4484304932735426,8485,0.0,1.06,0,0.5,45,-77941,-8125,38049,48017,0,79099,70,131661,94514,305344,157040,8195,93612,46497,305344,-691320440,-72137570,338310390,425147620,0,705984850,615500,1166707520,839063000,2712370870,1397305290,72753070,828397130,413915380,2712370870
2024-06-13,9060,9110,8580,8670,572834,-3.2366071428571432,8485,0.0,1.02,0,0.52,45,-85752,22233,96657,-33138,0,63377,23201,381621,104635,572834,149129,968,284964,137773,572834,-741989470,193638800,836829500,-288478830,0,549484370,202084430,3310266650,909085570,4970921020,1291473840,8445630,2473437150,1197564400,4970921020
2024-06-14,8670,8670,8360,8450,359336,-2.5374855824682814,8485,0.0,1.0,0,0.53,45,-99216,-12452,20318,91350,0,27956,614,202504,128262,359336,127172,13066,182186,36912,359336,-837573420,-104767090,171011490,771329020,0,236645200,5180170,1712556790,1084506460,3038888620,1074218620,109947260,1541545300,313177440,3038888620
2024-06-17,8450,8800,8200,8230,611491,-2.603550295857988,8485,0.0,0.97,0,0.55,45,-45556,454,66493,-21391,0,55424,680,412749,142638,611491,100980,226,346256,164029,611491,-377560330,3755570,573305100,-199500340,0,466656060,5666720,3476833430,1186756850,5135913060,844216390,1911150,2903528330,1386257190,5135913060
2024-06-18,8230,8290,7970,8030,2755623,-2.4301336573511545,8485,0.0,0.95,0,0.56,45,-87868,-2019528,121121,1986275,0,68997,2206,475207,2209213,2755623,156865,2021734,354086,222938,2755623,-705160040,-15794889340,972902690,15527146690,0,554610600,17803100,3817151230,17318720510,21708285440,1259770640,15812692440,2844248540,1791573820,21708285440
2024-06-19,8150,8340,7980,8070,434481,0.49813200498132004,8485,0.0,0.95,0,0.56,45,16673,-393,99408,-115688,0,67509,68,308084,58820,434481,50836,461,208676,174508,434481,135377100,-3169930,804732560,-936939730,0,546020830,549960,2494442060,475799910,3516812760,410643730,3719890,1689709500,1412739640,3516812760
2024-06-20,8070,8110,7730,7830,697663,-2.973977695167286,8485,0.0,0.92,0,0.57,45,-89377,76,94229,-4928,0,43214,140,464881,189428,697663,132591,64,370652,194356,697663,-696641390,595220,752736250,-56690080,0,338606330,1098000,3646776190,1473591050,5460071570,1035247720,502780,2894039940,1530281130,5460071570
2024-06-21,7810,7970,7730,7840,213199,0.1277139208173691,8485,0.0,0.92,0,0.57,45,-24903,98,48848,-24043,0,30204,148,149738,33109,213199,55107,50,100890,57152,213199,-196897520,774500,385964620,-189841600,0,236976130,1170400,1177877840,259366010,1675390380,433873650,395900,791913220,449207610,1675390380
2024-06-24,7850,8130,7780,7860,181138,0.25510204081632654,8485,0.0,0.93,0,0.57,45,-9688,148,54636,-45096,0,20293,178,109859,50808,181138,29981,30,55223,95904,181138,-76437120,1172500,432059580,-356794960,0,160494210,1412200,868312360,402055060,1432273830,236931330,239700,436252780,758850020,1432273830
2024-06-25,7840,8360,7840,8230,871233,4.707379134860051,8485,0.0,0.97,0,0.55,45,104531,5015,89752,-199298,0,194974,5359,418143,252757,871233,90443,344,328391,452055,871233,863223610,41677860,735590800,-1640492270,0,1604949680,44492500,3435499450,2075914870,7160856500,741726070,2814640,2699908650,3716407140,7160856500
2024-06-26,8350,8430,8120,8200,360050,-0.3645200486026731,8485,0.0,0.97,0,0.55,45,34755,2479,112847,-150081,0,52672,2579,236042,68757,360050,17917,100,123195,218838,360050,285823070,20575430,932056940,-1238455440,0,433895410,21409090,1953606970,568345680,2977257150,148072340,833660,1021550030,1806801120,2977257150
2024-06-27,8110,8190,7840,7840,265600,-4.390243902439024,8485,0.0,0.92,0,0.57,45,-37609,-1675,56874,-17590,0,12159,466,197731,55244,265600,49768,2141,140857,72834,265600,-299513190,-13273620,455367170,-142580360,0,96817380,3689200,1573387720,439472580,2113366880,396330570,16962820,1118020550,582052940,2113366880
2024-06-28,7820,7910,7550,7760,497781,-1.0204081632653061,8485,0.0,0.91,0,0.58,45,-56976,2504,-25705,80177,0,71003,2621,246975,177182,497781,127979,117,272680,97005,497781,-438306960,19181180,-195681300,614807080,0,550162060,20096480,1901509800,1364998120,3836766460,988469020,915300,2097191100,750191040,3836766460
2024-07-01,7770,7920,7640,7920,272460,2.0618556701030926,8485,0.0,0.93,0,0.57,45,-6149,276,67700,-61827,0,28417,336,212772,30935,272460,34566,60,145072,92762,272460,-47352120,2156620,528262490,-483066990,0,220985040,2628820,1659582290,240541250,2123737400,268337160,472200,1131319800,723608240,2123737400
2024-07-02,7830,7830,7380,7560,582780,-4.545454545454546,8485,0.0,0.89,0,0.6,45,-65474,-9363,95033,-20196,0,89753,712,352764,139551,582780,155227,10075,257731,159747,582780,-492692980,-70698830,724772310,-161380500,0,680261420,5415280,2666110390,1048189960,4399977050,1172954400,76114110,1941338080,1209570460,4399977050
2024-07-03,7570,7720,7230,7330,743195,-3.0423280423280423,8485,0.0,0.86,0,0.61,45,-259020,5410,171954,81656,0,43584,9179,433393,257039,743195,302604,3769,261439,175383,743195,-1897872410,39519550,1271429840,586923020,0,320846060,67573640,3193601980,1886002780,5468024460,2218718470,28054090,1922172140,1299079760,5468024460
2024-07-04,7330,7360,7090,7340,573351,0.1364256480218281,8485,0.0,0.87,0,0.61,45,-9839,-25718,52487,-16930,0,128095,122,313436,131698,573351,137934,25840,260949,148628,573351,-66389740,-183381840,380344000,-130572420,0,928981050,872270,2260218530,947562950,4137634800,995370790,184254110,1879874530,1078135370,4137634800
2024-07-05,7340,7340,7100,7220,362387,-1.6348773841961852,8485,0.0,0.85,0,0.62,45,-102692,-795,110811,-7324,0,33910,300,263481,64696,362387,136602,1095,152670,72020,362387,-733185800,-5737210,791424490,-52501480,0,242970510,2144200,1886926160,464481600,2596522470,976156310,7881410,1095501670,516983080,2596522470
2024-07-08,7220,7460,7220,7450,266851,3.1855955678670362,8485,0.0,0.88,0,0.6,45,-11820,-3208,-26781,41809,0,20690,30,137826,108305,266851,32510,3238,164607,66496,266851,-87478160,-23698800,-193509360,304686320,0,151443010,222300,1013577810,795147370,1960390490,238921170,23921100,1207087170,490461050,1960390490
2024-07-09,7450,7590,7410,7540,200428,1.2080536912751678,8485,0.0,0.89,0,0.6,45,-1454,-1613,63049,-59982,0,10665,20,169926,19817,200428,12119,1633,106877,79799,200428,-10852930,-12111400,474219550,-451255220,0,79985430,150120,1276547740,148420600,1505103890,90838360,12261520,802328190,599675820,1505103890
2024-07-10,7530,7820,7420,7690,287251,1.989389920424403,8485,0.0,0.91,0,0.59,45,9398,260,66280,-75938,0,36465,320,205659,44807,287251,27067,60,139379,120745,287251,72449540,2002000,508950690,-583402230,0,280560940,2464600,1581145770,344239120,2208410430,208111400,462600,1072195080,927641350,2208410430
2024-07-11,7710,7820,7590,7710,370408,0.26007802340702213,8485,0.0,0.91,0,0.58,45,19156,-1,-53639,34484,0,66315,0,194793,109300,370408,47159,1,248432,74816,370408,148548680,-7690,-409007590,260466600,0,512954530,0,1504811820,839724640,2857490990,364405850,7690,1913819410,579258040,2857490990
2024-07-12,7710,7790,7530,7600,236189,-1.4267185473411155,8485,0.0,0.9,0,0.59,45,68402,1160,-7399,-62163,0,116434,1190,88176,30389,236189,48032,30,95575,92552,236189,525480820,8888740,-54943990,-479425570,0,893847490,9121240,675471810,231660750,1810101290,368366670,232500,730415800,711086320,1810101290
2024-07-15,7600,7930,7560,7880,465049,3.684210526315789,8485,0.0,0.93,0,0.57,45,34482,-80,93181,-127583,0,68705,40,335744,60560,465049,34223,120,242563,188143,465049,267604160,-632850,730282870,-997254180,0,531746670,306750,2613108530,467976750,3613138700,264142510,939600,1882825660,1465230930,3613138700
2024-07-16,7860,7930,7710,7850,273122,-0.3807106598984772,8485,0.0,0.93,0,0.57,45,15110,127,42112,-57349,0,45198,187,181977,45760,273122,30088,60,139865,103109,273122,119055970,990920,327835950,-447882840,0,354573310,1465520,1422698850,357837320,2136575000,235517340,474600,1094862900,805720160,2136575000
2024-07-17,8170,8450,7910,7990,809446,1.78343949044586,8485,0.0,0.94,0,0.56,45,68574,654,61249,-130477,0,139124,834,454478,215010,809446,70550,180,393229,345487,809446,558674490,5231300,501526750,-1065432540,0,1130590410,6713300,3687008630,1749060020,6573372360,571915920,1482000,3185481880,2814492560,6573372360
2024-07-18,8170,8290,7970,8040,772895,0.6257822277847309,8485,0.0,0.95,0,0.56,45,113928,-851,-55407,-57670,0,267093,497,336700,168605,772895,153165,1348,392107,226275,772895,930029950,-6806180,-451435210,-471788560,0,2176411250,4068920,2737603010,1372052730,6290135910,1246381300,10875100,3189038220,1843841290,6290135910
2024-07-19,8220,8230,7780,7830,349292,-2.6119402985074625,8485,0.0,0.92,0,0.57,45,15020,-2034,46033,-59019,0,63271,270,240569,45182,349292,48251,2304,194536,104201,349292,119092570,-15904270,374141420,-477329720,0,499424600,2154300,1914154690,355294300,2771027890,380332030,18058570,1540013270,832624020,2771027890
2024-07-22,7860,7860,7300,7600,647573,-2.937420178799489,8485,0.0,0.9,0,0.59,45,-9251,-3517,28317,-15549,0,178440,688,338890,129555,647573,187691,4205,310573,145104,647573,-47784610,-25849430,197225510,-123591470,0,1345970840,5208430,2531777530,973197680,4856154480,1393755450,31057860,2334552020,1096789150,4856154480
2024-07-23,7580,7790,7490,7540,245656,-0.7894736842105263,8485,0.0,0.89,0,0.6,45,-66846,3391,12620,50835,0,59545,3423,104606,78082,245656,126391,32,91986,27247,245656,-504361740,26033980,94861210,383466550,0,452622830,26282000,794418330,592051990,1865375150,956984570,248020,699557120,208585440,1865375150
2024-07-24,7500,7850,7450,7780,206009,3.183023872679045,8485,0.0,0.92,0,0.58,45,27094,88,-7491,-19691,0,42223,180,123723,39883,206009,15129,92,131214,59574,206009,210607930,686950,-55186590,-156108290,0,327896630,1400000,961184810,307732600,1598214040,117288700,713050,1016371400,463840890,1598214040
2024-07-25,7620,8160,7620,8020,569361,3.0848329048843186,8485,0.0,0.95,0,0.56,45,42288,-848,-84824,43384,0,69397,1673,289717,208574,569361,27109,2521,374541,165190,569361,339440340,-6718620,-680847590,348125870,0,556691800,13410090,2318059270,1669252430,4557413590,217251460,20128710,2998906860,1321126560,4557413590
2024-07-26,8070,8180,7900,8120,300481,1.2468827930174564,8485,0.0,0.96,0,0.55,45,12065,632,103520,-116217,0,21564,693,243871,34353,300481,9499,61,140351,150570,300481,97332180,5067420,834921730,-937321330,0,173733750,5562700,1967170840,277145890,2423613180,76401570,495280,1132249110,1214467220,2423613180
2024-07-29,8120,8160,7980,8000,158502,-1.477832512315271,8485,0.0,0.94,0,0.56,45,-489,40,32956,-32507,0,14996,65,118251,25190,158502,15485,25,85295,57697,158502,-3705590,321030,265340400,-261955840,0,120347990,521780,951760470,202323160,1274953400,124053580,200750,686420070,464279000,1274953400
2024-07-30,8000,8090,7880,7990,141517,-0.125,8485,0.0,0.94,0,0.56,45,7863,10,15378,-23251,0,17710,60,101374,22373,141517,9847,50,85996,45624,141517,62924000,74090,123626820,-186624910,0,141492780,475800,808970410,178131260,1129070250,78568780,401710,685343590,364756170,1129070250
2024-07-31,8080,8110,7900,8050,220145,0.7509386733416771,8485,0.0,0.95,0,0.56,45,-45707,-330,64605,-18568,0,25995,100,151373,42677,220145,71702,430,86768,61245,220145,-364167440,-2639740,516604440,-149797260,0,207497850,796000,1211151450,340250690,1759695990,571665290,3435740,694547010,490047950,1759695990
2024-08-01,7950,8250,7940,8190,257254,1.7391304347826086,8485,0.0,0.97,0,0.55,45,5739,-88,-55486,49835,0,28395,0,110089,118770,257254,22656,88,165575,68935,257254,47693300,-721600,-452510370,405538670,0,231801910,0,893880350,967192060,2092874320,184108610,721600,1346390720,561653390,2092874320
2024-08-02,8050,8080,7720,7970,307555,-2.6862026862026864,8485,0.0,0.94,0,0.56,45,12614,246,-35926,23066,0,38288,276,168092,100899,307555,25674,30,204018,77833,307555,100467690,1951100,-284208610,181789820,0,304653400,2188400,1332150450,800207240,2439199490,204185710,237300,1616359060,618417420,2439199490
2024-08-05,7880,7880,6930,7100,553662,-10.915934755332497,8485,0.0,0.84,0,0.63,45,70147,407,73995,-144549,0,121614,527,308797,122724,553662,51467,120,234802,267273,553662,504840820,2992100,553306600,-1061139520,0,880890080,3857000,2263092290,896076920,4043916290,376049260,864900,1709785690,1957216440,4043916290
2024-08-06,7110,7510,7110,7390,279935,4.084507042253521,8485,0.0,0.87,0,0.61,45,14529,-1657,-6644,-6228,0,77366,195,130586,71788,279935,62837,1852,137230,78016,279935,108661890,-12198680,-49392330,-47070880,0,569658520,1440900,960285920,528252830,2059638170,460996630,13639580,1009678250,575323710,2059638170
2024-08-07,7280,7490,7180,7250,404655,-1.8944519621109608,8485,0.0,0.85,0,0.62,45,-157297,-603,251177,-93277,0,27088,160,329130,48277,404655,184385,763,77953,141554,404655,-1145021240,-4393590,1829894450,-680479620,0,197526530,1165500,2396148870,351632070,2946472970,1342547770,5559090,566254420,1032111690,2946472970
2024-08-08,7180,7640,7090,7600,220876,4.827586206896552,8485,0.0,0.9,0,0.59,45,12318,-120,-23859,11661,0,36500,30,131427,52919,220876,24182,150,155286,41258,220876,94487300,-901500,-176485000,82899200,0,271778320,213300,972176950,390261300,1634429870,177291020,1114800,1148661950,307362100,1634429870
2024-08-09,7580,7850,7580,7850,162039,3.289473684210526,8485,0.0,0.93,0,0.57,45,22111,0,-17528,-4583,0,31974,1329,101101,27635,162039,9863,1329,118629,32218,162039,171400600,-111520,-135771290,-35517790,0,247454790,10250180,781410790,213411410,1252527170,76054190,10361700,917182080,248929200,1252527170
2024-08-12,7860,8050,7760,8030,154435,2.2929936305732483,8485,0.0,0.95,0,0.56,45,435,-60,18997,-19372,0,11779,0,105677,36979,154435,11344,60,86680,56351,154435,3470030,-477000,149338610,-152331640,0,93731200,0,839715830,294860060,1228307090,90261170,477000,690377220,447191700,1228307090
2024-08-13,8020,8120,7920,8120,229859,1.1207970112079702,8485,0.0,0.96,0,0.55,45,-6761,183,12303,-5725,0,16819,250,150146,62644,229859,23580,67,137843,68369,229859,-54263910,1467900,98747580,-45951570,0,135303080,2010000,1208407820,504138320,1849859220,189566990,542100,1109660240,550089890,1849859220
2024-08-14,8130,8500,7800,7970,787144,-1.8472906403940887,8485,0.0,0.94,0,0.56,45,-3360,929,69550,-67119,0,80063,9797,574243,123041,787144,83423,8868,504693,190160,787144,-27056410,10800440,568639100,-552383130,0,649358480,81752860,4682308950,1003812550,6417232840,676414890,70952420,4113669850,1556195680,6417232840
2024-08-16,8160,8250,8030,8130,374086,2.0075282308657463,8485,0.0,0.96,0,0.55,45,10387,12718,-20776,-2329,0,34109,12808,241257,85912,374086,23722,90,262033,88241,374086,84239320,103601220,-169920780,-17919760,0,277134910,104338020,1961932220,699764240,3043169390,192895590,736800,2131853000,717684000,3043169390
2024-08-19,8200,8200,7720,7890,263095,-2.952029520295203,8485,0.0,0.93,0,0.57,45,13274,-12536,72380,-73118,0,30106,1730,210128,21131,263095,16832,14266,137748,94249,263095,103976530,-99747890,573089890,-577318530,0,236686290,13534800,1659287040,165699700,2075207830,132709760,113282690,1086197150,743018230,2075207830
2024-08-20,7800,8020,7800,7960,140243,0.8871989860583016,8485,0.0,0.94,0,0.57,45,-3132,-419,1343,2208,0,17457,0,93934,28852,140243,20589,419,92591,26644,140243,-24232480,-3314470,10052870,17494080,0,138216260,0,743297340,228498860,1110012460,162448740,3314470,733244470,211004780,1110012460
2024-08-21,7990,7990,7660,7890,231116,-0.8793969849246231,8485,0.0,0.93,0,0.57,45,18413,42,54599,-73054,0,65543,187,152187,13199,231116,47130,145,97588,86253,231116,146504420,317590,425794960,-572616970,0,512365760,1453040,1184256630,102203610,1800279040,365861340,1135450,758461670,674820580,1800279040
2024-08-22,7980,8300,7890,8080,472928,2.4081115335868186,8485,0.0,0.95,0,0.56,45,115942,740,-106717,-9965,0,150106,860,190958,131004,472928,34164,120,297675,140969,472928,938647100,6045430,-872959560,-71732970,0,1216368740,7019530,1553686630,1072524450,3849599350,277721640,974100,2426646190,1144257420,3849599350
2024-08-23,7980,8190,7980,8150,202712,0.8663366336633664,8485,0.0,0.96,0,0.55,45,34252,10230,-46760,2278,0,49239,10230,72509,70734,202712,14987,0,119269,68456,202712,278873620,83230610,-380406650,18302420,0,400607970,83230610,589140340,574704600,1647683520,121734350,0,969546990,556402180,1647683520
2024-08-26,8200,8200,7740,7750,268962,-4.9079754601226995,8485,0.0,0.91,0,0.58,45,9798,-14,68452,-78236,0,27437,176,223306,18043,268962,17639,190,154854,96279,268962,76493840,-90380,537094180,-613497640,0,215237700,1383030,1753386850,143708340,2113715920,138743860,1473410,1216292670,757205980,2113715920
2024-08-27,7720,7810,7600,7740,112436,-0.12903225806451613,8485,0.0,0.91,0,0.58,45,32257,148,4361,-36766,0,52803,148,54422,5063,112436,20546,0,50061,41829,112436,249655120,1138700,32933390,-283727210,0,408060450,1138700,418876170,38945320,867020640,158405330,0,385942780,322672530,867020640
2024-08-28,7740,7880,7670,7770,127828,0.3875968992248062,8485,0.0,0.92,0,0.58,45,10067,-30,27823,-37860,0,26158,0,91059,10611,127828,16091,30,63236,48471,127828,78541000,-234900,218048980,-296355080,0,203950970,0,709674390,82131890,995757250,125409970,234900,491625410,378486970,995757250
2024-08-29,7710,7740,7570,7630,105478,-1.8018018018018018,8485,0.0,0.9,0,0.59,45,7489,10,27487,-34986,0,20568,60,76159,8691,105478,13079,50,48672,43677,105478,57914470,72600,209842760,-267829830,0,157700410,456600,582319450,66464040,806940500,99785940,384000,372476690,334293870,806940500
2024-08-30,7630,7910,7630,7770,136377,1.834862385321101,8485,0.0,0.92,0,0.58,45,21766,-96,179,-21849,0,30052,0,88491,17834,136377,8286,96,88312,39683,136377,169501160,-751920,1361670,-170110910,0,234052310,0,690539160,139172580,1063764050,64551150,751920,689177490,309283490,1063764050
2024-09-02,7880,7880,7560,7620,116556,-1.9305019305019304,8485,0.0,0.9,0,0.59,45,7674,146,31475,-39295,0,17031,290,90718,8517,116556,9357,144,59243,47812,116556,58634580,1113110,240673750,-300421440,0,130019930,2210500,691834290,64768220,888832940,71385350,1097390,451160540,365189660,888832940
2024-09-03,7580,8200,7580,8010,647615,5.118110236220472,8485,0.0,0.94,0,0.56,45,-701,19126,-150851,132426,0,100519,19408,237145,290543,647615,101220,282,387996,158117,647615,-3225110,153482190,-1217382290,1067125210,0,808299170,155731550,1895657900,2332955010,5192643630,811524280,2249360,3113040190,1265829800,5192643630
2024-09-04,7700,7890,7500,7560,390376,-5.617977528089887,8485,0.0,0.89,0,0.6,45,-34077,4475,47344,-17742,0,16414,5610,261393,106959,390376,50491,1135,214049,124701,390376,-260931810,33911050,362223610,-135202850,0,125323270,42561200,1990847070,818430770,2977162310,386255080,8650150,1628623460,953633620,2977162310
2024-09-05,7570,7760,7340,7490,245323,-0.9259259259259258,8485,0.0,0.88,0,0.6,45,17908,200,24901,-43009,0,40999,320,171242,32762,245323,23091,120,146341,75771,245323,134463720,1491420,189064580,-325019720,0,306967930,2390300,1288061610,245272710,1842692550,172504210,898880,1098997030,570292430,1842692550
2024-09-06,7490,7500,7180,7330,251151,-2.1361815754339117,8485,0.0,0.86,0,0.61,45,13645,6,-18593,4942,0,34567,160,129331,87093,251151,20922,154,147924,82151,251151,99821950,31200,-133951550,34098400,0,252263870,1159500,941350700,634317800,1829091870,152441920,1128300,1075302250,600219400,1829091870
2024-09-09,7170,7430,7070,7430,159113,1.364256480218281,8485,0.0,0.88,0,0.61,45,8870,-30,7013,-15853,0,24581,60,100361,34111,159113,15711,90,93348,49964,159113,65160180,-233700,53188800,-118115280,0,180068320,428400,733299900,246327790,1160124410,114908140,662100,680111100,364443070,1160124410
2024-09-10,7430,7450,7220,7310,136693,-1.6150740242261103,8485,0.0,0.86,0,0.62,45,5755,80,21512,-27347,0,12256,80,86590,37767,136693,6501,0,65078,65114,136693,42191390,582800,157589460,-200363650,0,89755820,582800,632958590,275903080,999200290,47564430,0,475369130,476266730,999200290
2024-09-11,7310,7390,7190,7250,154395,-0.8207934336525308,8485,0.0,0.85,0,0.62,45,-4681,-114,21782,-16987,0,17013,30,105398,31954,154395,21694,144,83616,48941,154395,-33807110,-825420,158548690,-123916160,0,124018930,215700,767165300,232352860,1123752790,157826040,1041120,608616610,356269020,1123752790
2024-09-12,7250,7390,7250,7310,77538,0.8275862068965517,8485,0.0,0.86,0,0.62,45,9754,-74,15655,-25335,0,16827,100,50031,10580,77538,7073,174,34376,35915,77538,71413810,-533680,114855380,-185735510,0,123043090,734000,365562820,77088600,566428510,51629280,1267680,250707440,262824110,566428510
2024-09-13,7270,7390,7190,7270,140200,-0.5471956224350205,8485,0.0,0.86,0,0.62,45,-28058,-115,30723,-2550,0,17716,30,87178,35276,140200,45774,145,56455,37826,140200,-202885880,-842800,223141220,-19412540,0,128606270,215700,631280780,255534710,1015637460,331492150,1058500,408139560,274947250,1015637460
2024-09-19,7220,7240,6960,7020,372987,-3.43878954607978,8485,0.0,0.83,0,0.64,45,-11666,260,21551,-10145,0,12366,260,270665,89696,372987,24032,0,249114,99841,372987,-83129740,1839600,155616380,-74326240,0,87375400,1839600,1913674480,634425740,2637315220,170505140,0,1758058100,708751980,2637315220
2024-09-20,7040,7200,6970,7050,414232,0.4273504273504274,8485,0.0,0.83,0,0.64,45,-48926,-140,13518,35548,0,21700,172,276514,115846,414232,70626,312,262996,80298,414232,-345442310,-993220,98384930,248050600,0,153351850,1203100,1952660410,816522110,2923737470,498794160,2196320,1854275480,568471510,2923737470
2024-09-23,7060,7540,7020,7450,506701,5.673758865248227,8485,0.0,0.88,0,0.6,45,-12582,-80,32786,-20124,0,22171,100,357041,127389,506701,34753,180,324255,147513,506701,-93163730,-611600,233627940,-139852610,0,160888560,706000,2603065490,934335350,3698995400,254052290,1317600,2369437550,1074187960,3698995400
2024-09-24,7420,7470,7280,7440,207315,-0.1342281879194631,8485,0.0,0.88,0,0.6,45,1443,30,-3025,1552,0,16521,30,111903,78861,207315,15078,0,114928,77309,207315,10710790,220200,-21605960,10674970,0,121502120,220200,824509340,581645390,1527877050,110791330,0,846115300,570970420,1527877050
2024-09-25,7490,7830,7440,7650,482987,2.82258064516129,8485,0.0,0.9,0,0.59,45,33740,3287,-14378,-22649,0,66060,3867,311426,101634,482987,32320,580,325804,124283,482987,259844230,25286850,-103922340,-181208740,0,507713600,29765150,2396384380,774771620,3708634750,247869370,4478300,2500306720,955980360,3708634750
2024-09-26,7660,7820,7560,7730,279498,1.045751633986928,8485,0.0,0.91,0,0.58,45,11859,-590,45517,-56786,0,23150,545,186104,69699,279498,11291,1135,140587,126485,279498,91873590,-4495310,356219200,-443597480,0,178749120,4226070,1435709420,533403870,2152088480,86875530,8721380,1079490220,977001350,2152088480
2024-09-27,7860,8480,7790,8210,1101152,6.2095730918499354,8485,0.0,0.97,0,0.55,45,132287,-6955,-335783,210451,0,216267,11901,541519,331465,1101152,83980,18856,877302,121014,1101152,1093264570,-51904720,-2768546890,1727187040,0,1784908600,98771500,4455441070,2722677180,9061798350,691644030,150676220,7223987960,995490140,9061798350
2024-09-30,8290,8630,8220,8360,837219,1.8270401948842874,8485,0.0,0.99,0,0.54,45,6517,3631,-79844,69696,0,222075,14149,367409,233586,837219,215558,10518,447253,163890,837219,76388990,31270410,-685334520,577675120,0,1882589130,120582550,3109638980,1964234840,7077045500,1806200140,89312140,3794973500,1386559720,7077045500
2024-10-02,8150,8330,8000,8020,331296,-4.0669856459330145,8485,0.0,0.95,0,0.56,45,-1759,-6109,38499,-30631,0,23516,4173,187560,116047,331296,25275,10282,149061,146678,331296,-14463840,-49170630,317290930,-253656460,0,191146190,34523640,1529187010,939312330,2694169170,205610030,83694270,1211896080,1192968790,2694169170
2024-10-04,8020,8280,7970,8240,193377,2.7431421446384037,8485,0.0,0.97,0,0.55,45,-3132,2198,15051,-14117,0,9274,2658,117477,63968,193377,12406,460,102426,78085,193377,-25531820,17954080,123774930,-116197190,0,75350850,21736080,959080620,519585370,1575752920,100882670,3782000,835305690,635782560,1575752920
2024-10-07,8500,8740,8340,8710,511504,5.703883495145631,8485,0.0,1.03,0,0.52,45,130719,2141,-75107,-57753,0,178579,6415,276874,49636,511504,47860,4274,351981,107389,511504,1126578740,18818910,-652210580,-493187070,0,1539574990,55684780,2370111980,425531390,4390903140,412996250,36865870,3022322560,918718460,4390903140
2024-10-08,8640,8740,8500,8640,288908,-0.8036739380022963,8485,0.0,1.02,0,0.52,45,56983,-13589,-1217,-42177,0,75097,734,176765,36312,288908,18114,14323,177982,78489,288908,491580000,-116975960,-8933480,-365670560,0,647150740,6305760,1522105240,311656420,2487218160,155570740,123281720,1531038720,677326980,2487218160
2024-10-10,8630,8710,8190,8660,594547,0.23148148148148145,8485,0.0,1.02,0,0.52,45,145524,-11634,-92624,-41266,0,194424,1907,269287,128929,594547,48900,13541,361911,170195,594547,1253996670,-99530490,-790522490,-363943690,0,1664168570,15847360,2261887580,1089052410,5030955920,410171900,115377850,3052410070,1452996100,5030955920
2024-10-11,8660,8660,8310,8490,263114,-1.9630484988452657,8485,0.0,1.0,0,0.53,45,-24862,1126,51968,-28232,0,46691,1226,175612,39585,263114,71553,100,123644,67817,263114,-208919260,9546880,440753250,-241380870,0,394677020,10390880,1485801220,333397420,2224266540,603596280,844000,1045047970,574778290,2224266540
2024-10-14,8400,8920,8390,8760,494633,3.180212014134275,8485,0.0,1.03,0,0.51,45,93141,906,-177698,83651,0,117730,1591,214223,161089,494633,24589,685,391921,77438,494633,815577720,7984800,-1539155600,715593080,0,1029370150,13993170,1874460870,1394316350,4312140540,213792430,6008370,3413616470,678723270,4312140540
2024-10-15,8780,9200,8710,9000,686122,2.73972602739726,8485,0.0,1.06,0,0.5,45,119786,-8198,1750,-113338,0,230456,597,378010,77059,686122,110670,8795,376260,190397,686122,1077873090,-73959900,28295800,-1032208990,0,2069264870,5339410,3401988640,683970490,6160563410,991391780,79299310,3373692840,1716179480,6160563410
2024-10-16,9300,9510,8900,8990,1145996,-0.1111111111111111,8485,0.0,1.06,0,0.5,45,97943,16065,19824,-133832,0,210760,28639,747565,159032,1145996,112817,12574,727741,292864,1145996,898132040,151414160,192618050,-1242164250,0,1927534610,266355480,6899076910,1456661040,10549628040,1029402570,114941320,6706458860,2698825290,10549628040
2024-10-17,8890,9040,8410,8840,948344,-1.668520578420467,8485,0.0,1.04,0,0.51,45,135225,-10823,-269996,145594,0,222712,10690,382544,332398,948344,87487,21513,652540,186804,948344,1196344320,-96237250,-2341080930,1240973860,0,1966462710,92808760,3335269880,2894558660,8289100010,770118390,189046010,5676350810,1653584800,8289100010
2024-10-18,8820,9000,8710,8830,272203,-0.11312217194570137,8485,0.0,1.04,0,0.51,45,63227,-3320,-33372,-26535,0,92278,291,128643,50991,272203,29051,3611,162015,77526,272203,557557530,-29499240,-291116810,-236941480,0,813876290,2566380,1138392390,448980470,2403815530,256318760,32065620,1429509200,685921950,2403815530
2024-10-21,9050,9050,8720,8830,240853,0.0,8485,0.0,1.04,0,0.51,45,37848,-1501,2807,-39154,0,77601,1047,123329,38876,240853,39753,2548,120522,78030,240853,338085090,-13094970,25648710,-350638830,0,691027100,9446010,1095352000,344235460,2140060570,352942010,22540980,1069703290,694874290,2140060570
2024-10-22,8850,8890,8570,8660,231714,-1.9252548131370328,8485,0.0,1.02,0,0.52,45,50378,-2452,-84245,36319,0,67556,213,76725,87220,231714,17178,2665,160970,50901,231714,439109090,-21330010,-728886190,311107110,0,588341130,1843350,666165400,755294990,2011644870,149232040,23173360,1395051590,444187880,2011644870
2024-10-23,8670,8860,8560,8670,188577,0.11547344110854503,8485,0.0,1.02,0,0.52,45,69754,-5577,-41244,-22933,0,92394,517,63886,31780,188577,22640,6094,105130,54713,188577,610249780,-48251460,-358713380,-203284940,0,807254560,4493060,554264780,275023280,1641035680,197004780,52744520,912978160,478308220,1641035680
2024-10-24,8530,8800,8500,8670,138434,0.0,8485,0.0,1.02,0,0.52,45,20198,-5517,-15336,655,0,35576,60,77500,25298,138434,15378,5577,92836,24643,138434,174638710,-47191670,-132724850,5277810,0,307185770,513000,666337150,218104640,1192140560,132547060,47704670,799062000,212826830,1192140560
2024-10-25,8680,8880,8610,8790,218724,1.384083044982699,8485,0.0,1.04,0,0.51,45,37210,-5984,36230,-67456,0,57125,2456,144972,14171,218724,19915,8440,108742,81627,218724,324920200,-52057760,318337140,-591199580,0,499600820,21587800,1271536680,124581870,1917307170,174680620,73645560,953199540,715781450,1917307170
2024-10-28,8750,9300,8750,9250,468124,5.233219567690557,8485,0.0,1.09,0,0.49,45,97321,-2041,-85830,-9450,0,180487,3347,204775,79515,468124,83166,5388,290605,88965,468124,900007900,-18072990,-792399870,-89535040,0,1659536360,30738270,1872310680,724795610,4287380920,759528460,48811260,2664710550,814330650,4287380920
2024-10-29,9220,9220,8890,8930,263845,-3.4594594594594597,8485,0.0,1.05,0,0.5,45,23229,-923,33241,-55547,0,59929,436,187444,16036,263845,36700,1359,154203,71583,263845,208699290,-8219400,297734030,-498213920,0,538190090,3918760,1684562810,144919360,2371591020,329490800,12138160,1386828780,643133280,2371591020
2024-10-30,9180,9500,9030,9350,680984,4.703247480403135,8485,0.0,1.1,0,0.48,45,135141,9606,-140396,-4351,0,183423,15624,370083,111854,680984,48282,6018,510479,116205,680984,1269438610,89524680,-1319890430,-39072860,0,1722044820,146017560,3465788150,1047758200,6381608730,452606210,56492880,4785678580,1086831060,6381608730
2024-10-31,9230,9330,9070,9200,231316,-1.6042780748663104,8485,0.0,1.08,0,0.49,45,56068,-76,11091,-67083,0,78146,394,134954,17822,231316,22078,470,123863,84905,231316,516252190,-694230,102601430,-618159390,0,718798530,3617360,1237050300,163456020,2122922210,202546340,4311590,1134448870,781615410,2122922210
2024-11-01,9040,9290,8930,9050,328794,-1.6304347826086956,8485,0.0,1.07,0,0.5,45,27162,2841,-75068,45065,0,54336,3848,150804,119806,328794,27174,1007,225872,74741,328794,246942630,25666230,-677310010,404701150,0,492979800,34755950,1364881040,1083657180,2976273970,246037170,9089720,2042191050,678956030,2976273970
2024-11-04,9020,9200,8710,8860,590187,-2.0994475138121547,8485,0.0,1.04,0,0.51,45,76941,-9425,-173250,105734,0,131262,4470,255260,199195,590187,54321,13895,428510,93461,590187,681611960,-83192100,-1522948880,924529020,0,1160274440,39329660,2250824210,1753073530,5203501840,478662480,122521760,3773773090,828544510,5203501840
2024-11-05,8930,9080,8730,8870,369227,0.1128668171557562,8485,0.0,1.05,0,0.51,45,69517,-9291,-63487,3261,0,125054,610,147128,96435,369227,55537,9901,210615,93174,369227,621570110,-83106540,-561582630,23119060,0,1118479190,5490260,1311021650,857355770,3292346870,496909080,88596800,1872604280,834236710,3292346870
2024-11-06,8960,9040,8800,8930,179391,0.6764374295377678,8485,0.0,1.05,0,0.5,45,63184,-49,-57937,-5198,0,79352,275,58795,40969,179391,16168,324,116732,46167,179391,562500490,-460440,-515270110,-46769940,0,706465610,2440180,523582280,364990290,1597478360,143965120,2900620,1038852390,411760230,1597478360
2024-11-07,8850,9260,8850,9130,309235,2.2396416573348263,8485,0.0,1.08,0,0.49,45,78195,-1180,-109492,32477,0,131789,109,87261,90076,309235,53594,1289,196753,57599,309235,712194580,-10819570,-999126880,297751870,0,1201419710,1002580,795184970,822922670,2820529930,489225130,11822150,1794311850,525170800,2820529930
2024-11-08,9210,9850,9210,9720,951673,6.4622124863088715,8485,0.0,1.15,0,0.46,45,184864,-9972,-254459,79567,0,279768,8531,451072,216904,956275,94904,18503,705531,137337,956275,1781636150,-94012290,-2444773910,757150050,0,2699742620,82826060,4356991450,2087021340,9226581470,918106470,176838350,6801765360,1329871290,9226581470
